source,model,model_type,init_date,target_month,nino34_anom,member_id,lead_months,temporal_resolution,anomaly_base_period,roni_anom,tropical_mean_anom
CFS,CFSv2,dynamical,2026-08-24,2026-09,2.8118374347686768,ens_E3_001,1,monthly,1991-2020,2.432183027267456,0.3796544075012207
CFS,CFSv2,dynamical,2026-08-24,2026-10,3.6493797302246094,ens_E3_001,2,monthly,1991-2020,3.100023031234741,0.5493566989898682
CFS,CFSv2,dynamical,2026-08-24,2026-11,3.8930397033691406,ens_E3_001,3,monthly,1991-2020,3.312006950378418,0.5810327529907227
CFS,CFSv2,dynamical,2026-08-24,2026-12,3.9623732566833496,ens_E3_001,4,monthly,1991-2020,3.3085601329803467,0.6538131237030029
CFS,CFSv2,dynamical,2026-08-24,2027-01,2.957615613937378,ens_E3_001,5,monthly,1991-2020,2.1601057052612305,0.7975099086761475
CFS,CFSv2,dynamical,2026-08-24,2027-02,2.7562007904052734,ens_E3_001,6,monthly,1991-2020,2.090939521789551,0.6652612686157227
CFS,CFSv2,dynamical,2026-08-24,2027-03,1.9750185012817383,ens_E3_001,7,monthly,1991-2020,1.266074299812317,0.7089442014694214
CFS,CFSv2,dynamical,2026-08-24,2027-04,1.4416944980621338,ens_E3_001,8,monthly,1991-2020,0.7021554112434387,0.7395390868186951
CFS,CFSv2,dynamical,2026-08-24,2027-05,0.9100638031959534,ens_E3_001,9,monthly,1991-2020,0.012557478621602058,0.8975063245743513
CFS,CFSv2,dynamical,2026-08-24,2026-09,2.8706982135772705,ens_E3_002,1,monthly,1991-2020,2.4263432025909424,0.4443550109863281
CFS,CFSv2,dynamical,2026-08-24,2026-10,3.495481491088867,ens_E3_002,2,monthly,1991-2020,2.7871792316436768,0.7083022594451904
CFS,CFSv2,dynamical,2026-08-24,2026-11,4.045071601867676,ens_E3_002,3,monthly,1991-2020,3.29321551322937,0.7518560886383057
CFS,CFSv2,dynamical,2026-08-24,2026-12,3.6001129150390625,ens_E3_002,4,monthly,1991-2020,2.7420456409454346,0.8580672740936279
CFS,CFSv2,dynamical,2026-08-24,2027-01,3.013772964477539,ens_E3_002,5,monthly,1991-2020,2.121389865875244,0.8923830986022949
CFS,CFSv2,dynamical,2026-08-24,2027-02,2.7235770225524902,ens_E3_002,6,monthly,1991-2020,1.8876214027404785,0.8359556198120117
CFS,CFSv2,dynamical,2026-08-24,2027-03,1.9060325622558594,ens_E3_002,7,monthly,1991-2020,1.0615235567092896,0.8445090055465698
CFS,CFSv2,dynamical,2026-08-24,2027-04,1.6703094244003296,ens_E3_002,8,monthly,1991-2020,0.810138463973999,0.8601709604263306
CFS,CFSv2,dynamical,2026-08-24,2027-05,1.1569238901138306,ens_E3_002,9,monthly,1991-2020,0.3805868923664093,0.7763369977474213
CFS,CFSv2,dynamical,2026-08-24,2026-09,2.8587779998779297,ens_E3_003,1,monthly,1991-2020,2.397347927093506,0.46143007278442383
CFS,CFSv2,dynamical,2026-08-24,2026-10,3.655351400375366,ens_E3_003,2,monthly,1991-2020,3.009608745574951,0.645742654800415
CFS,CFSv2,dynamical,2026-08-24,2026-11,4.028209209442139,ens_E3_003,3,monthly,1991-2020,3.288517475128174,0.7396917343139648
CFS,CFSv2,dynamical,2026-08-24,2026-12,3.806394577026367,ens_E3_003,4,monthly,1991-2020,3.054469347000122,0.7519252300262451
CFS,CFSv2,dynamical,2026-08-24,2027-01,3.0646448135375977,ens_E3_003,5,monthly,1991-2020,2.136469841003418,0.9281749725341797
CFS,CFSv2,dynamical,2026-08-24,2027-02,2.7443368434906006,ens_E3_003,6,monthly,1991-2020,1.9731903076171875,0.7711465358734131
CFS,CFSv2,dynamical,2026-08-24,2027-03,1.8467618227005005,ens_E3_003,7,monthly,1991-2020,0.9524693489074707,0.8942924737930298
CFS,CFSv2,dynamical,2026-08-24,2027-04,0.7869963645935059,ens_E3_003,8,monthly,1991-2020,-0.17455877363681793,0.9615551382303238
CFS,CFSv2,dynamical,2026-08-24,2027-05,0.9807458519935608,ens_E3_003,9,monthly,1991-2020,0.1932879537343979,0.7874578982591629
CFS,CFSv2,dynamical,2026-08-23,2026-09,2.9470901489257812,ens_E3_004,1,monthly,1991-2020,2.5337436199188232,0.413346529006958
CFS,CFSv2,dynamical,2026-08-23,2026-10,3.5272483825683594,ens_E3_004,2,monthly,1991-2020,3.0364274978637695,0.49082088470458984
CFS,CFSv2,dynamical,2026-08-23,2026-11,4.18222713470459,ens_E3_004,3,monthly,1991-2020,3.5898513793945312,0.5923757553100586
CFS,CFSv2,dynamical,2026-08-23,2026-12,3.8511290550231934,ens_E3_004,4,monthly,1991-2020,3.244637966156006,0.6064910888671875
CFS,CFSv2,dynamical,2026-08-23,2027-01,3.1037442684173584,ens_E3_004,5,monthly,1991-2020,2.479397773742676,0.6243464946746826
CFS,CFSv2,dynamical,2026-08-23,2027-02,2.7467501163482666,ens_E3_004,6,monthly,1991-2020,2.0560693740844727,0.690680742263794
CFS,CFSv2,dynamical,2026-08-23,2027-03,1.9126170873641968,ens_E3_004,7,monthly,1991-2020,1.1572682857513428,0.755348801612854
CFS,CFSv2,dynamical,2026-08-23,2027-04,1.4926156997680664,ens_E3_004,8,monthly,1991-2020,0.672154426574707,0.8204612731933594
CFS,CFSv2,dynamical,2026-08-23,2027-05,1.074619174003601,ens_E3_004,9,monthly,1991-2020,0.22128799557685852,0.8533311784267426
CFS,CFSv2,dynamical,2026-08-23,2026-09,2.8904738426208496,ens_E3_005,1,monthly,1991-2020,2.456721305847168,0.43375253677368164
CFS,CFSv2,dynamical,2026-08-23,2026-10,3.78364896774292,ens_E3_005,2,monthly,1991-2020,3.2648680210113525,0.5187809467315674
CFS,CFSv2,dynamical,2026-08-23,2026-11,4.253992080688477,ens_E3_005,3,monthly,1991-2020,3.6004626750946045,0.6535294055938721
CFS,CFSv2,dynamical,2026-08-23,2026-12,3.867826461791992,ens_E3_005,4,monthly,1991-2020,3.1072964668273926,0.7605299949645996
CFS,CFSv2,dynamical,2026-08-23,2027-01,3.122291326522827,ens_E3_005,5,monthly,1991-2020,2.355743646621704,0.766547679901123
CFS,CFSv2,dynamical,2026-08-23,2027-02,2.8419113159179688,ens_E3_005,6,monthly,1991-2020,2.105839729309082,0.7360715866088867
CFS,CFSv2,dynamical,2026-08-23,2027-03,1.719362735748291,ens_E3_005,7,monthly,1991-2020,0.9573051333427429,0.7620576024055481
CFS,CFSv2,dynamical,2026-08-23,2027-04,1.4333231449127197,ens_E3_005,8,monthly,1991-2020,0.6140784621238708,0.8192446827888489
CFS,CFSv2,dynamical,2026-08-23,2027-05,0.7996516227722168,ens_E3_005,9,monthly,1991-2020,-0.022742537781596184,0.822394160553813
CFS,CFSv2,dynamical,2026-08-23,2026-09,2.8861148357391357,ens_E3_006,1,monthly,1991-2020,2.414363145828247,0.47175168991088867
CFS,CFSv2,dynamical,2026-08-23,2026-10,3.945479154586792,ens_E3_006,2,monthly,1991-2020,3.4449121952056885,0.5005669593811035
CFS,CFSv2,dynamical,2026-08-23,2026-11,4.057704925537109,ens_E3_006,3,monthly,1991-2020,3.431927442550659,0.6257774829864502
CFS,CFSv2,dynamical,2026-08-23,2026-12,3.260154962539673,ens_E3_006,4,monthly,1991-2020,2.539529800415039,0.7206251621246338
CFS,CFSv2,dynamical,2026-08-23,2027-01,2.978980302810669,ens_E3_006,5,monthly,1991-2020,2.1780598163604736,0.8009204864501953
CFS,CFSv2,dynamical,2026-08-23,2027-02,2.481229066848755,ens_E3_006,6,monthly,1991-2020,1.8790080547332764,0.6022210121154785
CFS,CFSv2,dynamical,2026-08-23,2027-03,1.2855498790740967,ens_E3_006,7,monthly,1991-2020,0.5446699857711792,0.7408798933029175
CFS,CFSv2,dynamical,2026-08-23,2027-04,0.7385708689689636,ens_E3_006,8,monthly,1991-2020,-0.03935723751783371,0.7779281064867973
CFS,CFSv2,dynamical,2026-08-23,2027-05,0.2651592493057251,ens_E3_006,9,monthly,1991-2020,-0.3876320719718933,0.6527913212776184
CFS,CFSv2,dynamical,2026-08-23,2026-09,2.8333370685577393,ens_E3_007,1,monthly,1991-2020,2.4187726974487305,0.4145643711090088
CFS,CFSv2,dynamical,2026-08-23,2026-10,3.5836422443389893,ens_E3_007,2,monthly,1991-2020,3.0435068607330322,0.540135383605957
CFS,CFSv2,dynamical,2026-08-23,2026-11,3.9317455291748047,ens_E3_007,3,monthly,1991-2020,3.3348116874694824,0.5969338417053223
CFS,CFSv2,dynamical,2026-08-23,2026-12,3.8717153072357178,ens_E3_007,4,monthly,1991-2020,3.334021806716919,0.5376935005187988
CFS,CFSv2,dynamical,2026-08-23,2027-01,3.049973964691162,ens_E3_007,5,monthly,1991-2020,2.3720743656158447,0.6778995990753174
CFS,CFSv2,dynamical,2026-08-23,2027-02,2.6626155376434326,ens_E3_007,6,monthly,1991-2020,1.89106285572052,0.7715526819229126
CFS,CFSv2,dynamical,2026-08-23,2027-03,2.209822654724121,ens_E3_007,7,monthly,1991-2020,1.5223342180252075,0.6874884366989136
CFS,CFSv2,dynamical,2026-08-23,2027-04,1.4913725852966309,ens_E3_007,8,monthly,1991-2020,0.7572796940803528,0.7340928912162781
CFS,CFSv2,dynamical,2026-08-23,2027-05,1.468917727470398,ens_E3_007,9,monthly,1991-2020,0.7715765237808228,0.6973412036895752
CFS,CFSv2,dynamical,2026-08-22,2026-09,2.861541986465454,ens_E3_008,1,monthly,1991-2020,2.4194843769073486,0.44205760955810547
CFS,CFSv2,dynamical,2026-08-22,2026-10,3.8499956130981445,ens_E3_008,2,monthly,1991-2020,3.2427453994750977,0.6072502136230469
CFS,CFSv2,dynamical,2026-08-22,2026-11,4.315474510192871,ens_E3_008,3,monthly,1991-2020,3.662963628768921,0.6525108814239502
CFS,CFSv2,dynamical,2026-08-22,2026-12,3.7734501361846924,ens_E3_008,4,monthly,1991-2020,3.0265238285064697,0.7469263076782227
CFS,CFSv2,dynamical,2026-08-22,2027-01,3.043482780456543,ens_E3_008,5,monthly,1991-2020,2.1612210273742676,0.8822617530822754
CFS,CFSv2,dynamical,2026-08-22,2027-02,2.4261977672576904,ens_E3_008,6,monthly,1991-2020,1.4494107961654663,0.9767869710922241
CFS,CFSv2,dynamical,2026-08-22,2027-03,2.4645652770996094,ens_E3_008,7,monthly,1991-2020,1.5732486248016357,0.8913166522979736
CFS,CFSv2,dynamical,2026-08-22,2027-04,1.4303317070007324,ens_E3_008,8,monthly,1991-2020,0.6219391226768494,0.8083925843238831
CFS,CFSv2,dynamical,2026-08-22,2027-05,0.8145890235900879,ens_E3_008,9,monthly,1991-2020,-0.0854649767279625,0.9000540003180504
CFS,CFSv2,dynamical,2026-08-22,2026-09,2.880192995071411,ens_E3_009,1,monthly,1991-2020,2.4339678287506104,0.4462251663208008
CFS,CFSv2,dynamical,2026-08-22,2026-10,3.899421453475952,ens_E3_009,2,monthly,1991-2020,3.364142656326294,0.5352787971496582
CFS,CFSv2,dynamical,2026-08-22,2026-11,4.0403523445129395,ens_E3_009,3,monthly,1991-2020,3.4039008617401123,0.6364514827728271
CFS,CFSv2,dynamical,2026-08-22,2026-12,3.8207104206085205,ens_E3_009,4,monthly,1991-2020,3.103459119796753,0.7172513008117676
CFS,CFSv2,dynamical,2026-08-22,2027-01,3.165620803833008,ens_E3_009,5,monthly,1991-2020,2.4148976802825928,0.750723123550415
CFS,CFSv2,dynamical,2026-08-22,2027-02,2.5439229011535645,ens_E3_009,6,monthly,1991-2020,1.6941906213760376,0.8497322797775269
CFS,CFSv2,dynamical,2026-08-22,2027-03,1.6443122625350952,ens_E3_009,7,monthly,1991-2020,0.7526536583900452,0.89165860414505
CFS,CFSv2,dynamical,2026-08-22,2027-04,0.9244563579559326,ens_E3_009,8,monthly,1991-2020,0.04328973591327667,0.881166622042656
CFS,CFSv2,dynamical,2026-08-22,2027-05,0.5270485877990723,ens_E3_009,9,monthly,1991-2020,-0.2723752558231354,0.7994238436222076
CFS,CFSv2,dynamical,2026-08-22,2026-09,2.939286708831787,ens_E3_010,1,monthly,1991-2020,2.4685254096984863,0.4707612991333008
CFS,CFSv2,dynamical,2026-08-22,2026-10,3.943877696990967,ens_E3_010,2,monthly,1991-2020,3.3677141666412354,0.5761635303497314
CFS,CFSv2,dynamical,2026-08-22,2026-11,4.355119705200195,ens_E3_010,3,monthly,1991-2020,3.6552155017852783,0.699904203414917
CFS,CFSv2,dynamical,2026-08-22,2026-12,3.6871337890625,ens_E3_010,4,monthly,1991-2020,2.9057750701904297,0.7813587188720703
CFS,CFSv2,dynamical,2026-08-22,2027-01,3.031630516052246,ens_E3_010,5,monthly,1991-2020,2.0493407249450684,0.9822897911071777
CFS,CFSv2,dynamical,2026-08-22,2027-02,2.3831288814544678,ens_E3_010,6,monthly,1991-2020,1.2473291158676147,1.135799765586853
CFS,CFSv2,dynamical,2026-08-22,2027-03,2.045480728149414,ens_E3_010,7,monthly,1991-2020,1.0310542583465576,1.0144264698028564
CFS,CFSv2,dynamical,2026-08-22,2027-04,1.1889559030532837,ens_E3_010,8,monthly,1991-2020,0.3644863963127136,0.8244695067405701
CFS,CFSv2,dynamical,2026-08-22,2027-05,0.6383329629898071,ens_E3_010,9,monthly,1991-2020,-0.20219789445400238,0.8405308574438095
CFS,CFSv2,dynamical,2026-08-22,2026-09,2.978347063064575,ens_E3_011,1,monthly,1991-2020,2.4911346435546875,0.4872124195098877
CFS,CFSv2,dynamical,2026-08-22,2026-10,3.9926557540893555,ens_E3_011,2,monthly,1991-2020,3.4568095207214355,0.5358462333679199
CFS,CFSv2,dynamical,2026-08-22,2026-11,4.343245029449463,ens_E3_011,3,monthly,1991-2020,3.7006616592407227,0.6425833702087402
CFS,CFSv2,dynamical,2026-08-22,2026-12,3.7372891902923584,ens_E3_011,4,monthly,1991-2020,3.016813039779663,0.7204761505126953
CFS,CFSv2,dynamical,2026-08-22,2027-01,3.233802318572998,ens_E3_011,5,monthly,1991-2020,2.462630271911621,0.771172046661377
CFS,CFSv2,dynamical,2026-08-22,2027-02,2.577876567840576,ens_E3_011,6,monthly,1991-2020,1.755373477935791,0.8225030899047852
CFS,CFSv2,dynamical,2026-08-22,2027-03,1.9419535398483276,ens_E3_011,7,monthly,1991-2020,1.0427179336547852,0.8992356061935425
CFS,CFSv2,dynamical,2026-08-22,2027-04,1.132668137550354,ens_E3_011,8,monthly,1991-2020,0.2900833189487457,0.8425848186016083
CFS,CFSv2,dynamical,2026-08-22,2027-05,0.9340417385101318,ens_E3_011,9,monthly,1991-2020,0.147438645362854,0.7866030931472778
CFS,CFSv2,dynamical,2026-08-21,2026-09,3.04530668258667,ens_E3_012,1,monthly,1991-2020,2.56376314163208,0.48154354095458984
CFS,CFSv2,dynamical,2026-08-21,2026-10,3.8689560890197754,ens_E3_012,2,monthly,1991-2020,3.238006591796875,0.6309494972229004
CFS,CFSv2,dynamical,2026-08-21,2026-11,4.2346296310424805,ens_E3_012,3,monthly,1991-2020,3.7391934394836426,0.4954361915588379
CFS,CFSv2,dynamical,2026-08-21,2026-12,3.8098130226135254,ens_E3_012,4,monthly,1991-2020,3.14601993560791,0.6637930870056152
CFS,CFSv2,dynamical,2026-08-21,2027-01,2.9389758110046387,ens_E3_012,5,monthly,1991-2020,2.1325290203094482,0.8064467906951904
CFS,CFSv2,dynamical,2026-08-21,2027-02,2.5574045181274414,ens_E3_012,6,monthly,1991-2020,1.716078281402588,0.8413262367248535
CFS,CFSv2,dynamical,2026-08-21,2027-03,1.982948899269104,ens_E3_012,7,monthly,1991-2020,1.2513830661773682,0.7315658330917358
CFS,CFSv2,dynamical,2026-08-21,2027-04,1.2431941032409668,ens_E3_012,8,monthly,1991-2020,0.487356960773468,0.7558371424674988
CFS,CFSv2,dynamical,2026-08-21,2027-05,0.7059083580970764,ens_E3_012,9,monthly,1991-2020,-0.050304561853408813,0.7562129199504852
CFS,CFSv2,dynamical,2026-08-21,2026-09,2.9953811168670654,ens_E3_013,1,monthly,1991-2020,2.561659097671509,0.43372201919555664
CFS,CFSv2,dynamical,2026-08-21,2026-10,3.688530921936035,ens_E3_013,2,monthly,1991-2020,3.1184873580932617,0.5700435638427734
CFS,CFSv2,dynamical,2026-08-21,2026-11,4.119446754455566,ens_E3_013,3,monthly,1991-2020,3.472938060760498,0.6465086936950684
CFS,CFSv2,dynamical,2026-08-21,2026-12,3.5822715759277344,ens_E3_013,4,monthly,1991-2020,2.813159227371216,0.7691123485565186
CFS,CFSv2,dynamical,2026-08-21,2027-01,3.3463096618652344,ens_E3_013,5,monthly,1991-2020,2.467209577560425,0.8791000843048096
CFS,CFSv2,dynamical,2026-08-21,2027-02,2.4728996753692627,ens_E3_013,6,monthly,1991-2020,1.579972743988037,0.8929269313812256
CFS,CFSv2,dynamical,2026-08-21,2027-03,2.1835527420043945,ens_E3_013,7,monthly,1991-2020,1.2509957551956177,0.9325569868087769
CFS,CFSv2,dynamical,2026-08-21,2027-04,1.2354358434677124,ens_E3_013,8,monthly,1991-2020,0.39509302377700806,0.8403428196907043
CFS,CFSv2,dynamical,2026-08-21,2027-05,0.573326051235199,ens_E3_013,9,monthly,1991-2020,-0.2927815318107605,0.8661075830459595
CFS,CFSv2,dynamical,2026-08-21,2026-09,2.8908438682556152,ens_E3_014,1,monthly,1991-2020,2.4587860107421875,0.43205785751342773
CFS,CFSv2,dynamical,2026-08-21,2026-10,3.6937105655670166,ens_E3_014,2,monthly,1991-2020,3.172340154647827,0.5213704109191895
CFS,CFSv2,dynamical,2026-08-21,2026-11,4.016046047210693,ens_E3_014,3,monthly,1991-2020,3.3213517665863037,0.6946942806243896
CFS,CFSv2,dynamical,2026-08-21,2026-12,3.498922824859619,ens_E3_014,4,monthly,1991-2020,2.6149210929870605,0.8840017318725586
CFS,CFSv2,dynamical,2026-08-21,2027-01,2.979743480682373,ens_E3_014,5,monthly,1991-2020,2.0679664611816406,0.9117770195007324
CFS,CFSv2,dynamical,2026-08-21,2027-02,2.3673219680786133,ens_E3_014,6,monthly,1991-2020,1.5120551586151123,0.855266809463501
CFS,CFSv2,dynamical,2026-08-21,2027-03,1.707761526107788,ens_E3_014,7,monthly,1991-2020,0.7702762484550476,0.9374852776527405
CFS,CFSv2,dynamical,2026-08-21,2027-04,0.8956889510154724,ens_E3_014,8,monthly,1991-2020,-0.031127162277698517,0.9268161132931709
CFS,CFSv2,dynamical,2026-08-21,2027-05,0.17637565732002258,ens_E3_014,9,monthly,1991-2020,-0.6992391347885132,0.8756147921085358
CFS,CFSv2,dynamical,2026-08-21,2026-09,2.913191080093384,ens_E3_015,1,monthly,1991-2020,2.456432580947876,0.4567584991455078
CFS,CFSv2,dynamical,2026-08-21,2026-10,4.11307430267334,ens_E3_015,2,monthly,1991-2020,3.5037717819213867,0.6093025207519531
CFS,CFSv2,dynamical,2026-08-21,2026-11,4.334071159362793,ens_E3_015,3,monthly,1991-2020,3.6807074546813965,0.6533637046813965
CFS,CFSv2,dynamical,2026-08-21,2026-12,4.2565717697143555,ens_E3_015,4,monthly,1991-2020,3.4827423095703125,0.773829460144043
CFS,CFSv2,dynamical,2026-08-21,2027-01,3.156827449798584,ens_E3_015,5,monthly,1991-2020,2.227738857269287,0.9290885925292969
CFS,CFSv2,dynamical,2026-08-21,2027-02,2.4008049964904785,ens_E3_015,6,monthly,1991-2020,1.3528757095336914,1.047929286956787
CFS,CFSv2,dynamical,2026-08-21,2027-03,1.4346625804901123,ens_E3_015,7,monthly,1991-2020,0.5216314792633057,0.9130311012268066
CFS,CFSv2,dynamical,2026-08-21,2027-04,0.9223837852478027,ens_E3_015,8,monthly,1991-2020,0.06969160586595535,0.8526921793818474
CFS,CFSv2,dynamical,2026-08-21,2027-05,0.7360525131225586,ens_E3_015,9,monthly,1991-2020,-0.0024359256494790316,0.7384884387720376
CFS,CFSv2,dynamical,2026-08-21,2026-09,3.0102427005767822,ens_E3_016,1,monthly,1991-2020,2.630014419555664,0.38022828102111816
CFS,CFSv2,dynamical,2026-08-21,2026-10,3.8816990852355957,ens_E3_016,2,monthly,1991-2020,3.3843181133270264,0.49738097190856934
CFS,CFSv2,dynamical,2026-08-21,2026-11,4.012850761413574,ens_E3_016,3,monthly,1991-2020,3.3708252906799316,0.6420254707336426
CFS,CFSv2,dynamical,2026-08-21,2026-12,3.535998821258545,ens_E3_016,4,monthly,1991-2020,2.65783953666687,0.8781592845916748
CFS,CFSv2,dynamical,2026-08-21,2027-01,3.282942056655884,ens_E3_016,5,monthly,1991-2020,2.5612690448760986,0.7216730117797852
CFS,CFSv2,dynamical,2026-08-21,2027-02,2.524174928665161,ens_E3_016,6,monthly,1991-2020,1.676278829574585,0.8478960990905762
CFS,CFSv2,dynamical,2026-08-21,2027-03,1.7937902212142944,ens_E3_016,7,monthly,1991-2020,0.9180365800857544,0.87575364112854
CFS,CFSv2,dynamical,2026-08-21,2027-04,1.4817938804626465,ens_E3_016,8,monthly,1991-2020,0.5890363454818726,0.8927575349807739
CFS,CFSv2,dynamical,2026-08-21,2027-05,0.4247767925262451,ens_E3_016,9,monthly,1991-2020,-0.49437496066093445,0.9191517531871796
CFS,CFSv2,dynamical,2026-08-20,2026-09,3.105003595352173,ens_E3_017,1,monthly,1991-2020,2.688565492630005,0.41643810272216797
CFS,CFSv2,dynamical,2026-08-20,2026-10,3.9564926624298096,ens_E3_017,2,monthly,1991-2020,3.4190216064453125,0.5374710559844971
CFS,CFSv2,dynamical,2026-08-20,2026-11,3.825387954711914,ens_E3_017,3,monthly,1991-2020,3.090195894241333,0.735192060470581
CFS,CFSv2,dynamical,2026-08-20,2026-12,3.3769211769104004,ens_E3_017,4,monthly,1991-2020,2.4749724864959717,0.9019486904144287
CFS,CFSv2,dynamical,2026-08-20,2027-01,2.73640513420105,ens_E3_017,5,monthly,1991-2020,1.7268885374069214,1.0095165967941284
CFS,CFSv2,dynamical,2026-08-20,2027-02,2.318713903427124,ens_E3_017,6,monthly,1991-2020,1.3535932302474976,0.9651206731796265
CFS,CFSv2,dynamical,2026-08-20,2027-03,1.4404388666152954,ens_E3_017,7,monthly,1991-2020,0.5040184855461121,0.9364203810691833
CFS,CFSv2,dynamical,2026-08-20,2027-04,1.040392518043518,ens_E3_017,8,monthly,1991-2020,0.14003200829029083,0.9003605097532272
CFS,CFSv2,dynamical,2026-08-20,2027-05,0.7708114981651306,ens_E3_017,9,monthly,1991-2020,0.011199443601071835,0.7596120545640588
CFS,CFSv2,dynamical,2026-08-20,2026-09,3.041372060775757,ens_E3_018,1,monthly,1991-2020,2.60461688041687,0.4367551803588867
CFS,CFSv2,dynamical,2026-08-20,2026-10,3.737513303756714,ens_E3_018,2,monthly,1991-2020,3.177804708480835,0.5597085952758789
CFS,CFSv2,dynamical,2026-08-20,2026-11,3.8289337158203125,ens_E3_018,3,monthly,1991-2020,3.0473625659942627,0.7815711498260498
CFS,CFSv2,dynamical,2026-08-20,2026-12,3.746978521347046,ens_E3_018,4,monthly,1991-2020,2.925147771835327,0.8218307495117188
CFS,CFSv2,dynamical,2026-08-20,2027-01,2.8161463737487793,ens_E3_018,5,monthly,1991-2020,1.9816838502883911,0.8344625234603882
CFS,CFSv2,dynamical,2026-08-20,2027-02,2.5701448917388916,ens_E3_018,6,monthly,1991-2020,1.7331689596176147,0.8369759321212769
CFS,CFSv2,dynamical,2026-08-20,2027-03,2.1570396423339844,ens_E3_018,7,monthly,1991-2020,1.372256875038147,0.7847827672958374
CFS,CFSv2,dynamical,2026-08-20,2027-04,1.410549521446228,ens_E3_018,8,monthly,1991-2020,0.5425525903701782,0.8679969310760498
CFS,CFSv2,dynamical,2026-08-20,2027-05,1.0534521341323853,ens_E3_018,9,monthly,1991-2020,0.3290211260318756,0.7244310081005096
CFS,CFSv2,dynamical,2026-08-20,2026-09,3.0091633796691895,ens_E3_019,1,monthly,1991-2020,2.5506818294525146,0.4584815502166748
CFS,CFSv2,dynamical,2026-08-20,2026-10,3.8028829097747803,ens_E3_019,2,monthly,1991-2020,3.13185977935791,0.6710231304168701
CFS,CFSv2,dynamical,2026-08-20,2026-11,4.042068958282471,ens_E3_019,3,monthly,1991-2020,3.3112378120422363,0.7308311462402344
CFS,CFSv2,dynamical,2026-08-20,2026-12,3.7404091358184814,ens_E3_019,4,monthly,1991-2020,2.988755226135254,0.7516539096832275
CFS,CFSv2,dynamical,2026-08-20,2027-01,3.332942247390747,ens_E3_019,5,monthly,1991-2020,2.5394322872161865,0.7935099601745605
CFS,CFSv2,dynamical,2026-08-20,2027-02,2.6986992359161377,ens_E3_019,6,monthly,1991-2020,1.8192343711853027,0.879464864730835
CFS,CFSv2,dynamical,2026-08-20,2027-03,1.6298741102218628,ens_E3_019,7,monthly,1991-2020,0.7946786880493164,0.8351954221725464
CFS,CFSv2,dynamical,2026-08-20,2027-04,1.1979641914367676,ens_E3_019,8,monthly,1991-2020,0.48898354172706604,0.7089806497097015
CFS,CFSv2,dynamical,2026-08-20,2027-05,0.49691468477249146,ens_E3_019,9,monthly,1991-2020,-0.14405763149261475,0.6409723162651062
CFS,CFSv2,dynamical,2026-08-20,2026-09,2.9688220024108887,ens_E3_020,1,monthly,1991-2020,2.489774465560913,0.4790475368499756
CFS,CFSv2,dynamical,2026-08-20,2026-10,3.657747983932495,ens_E3_020,2,monthly,1991-2020,3.16201114654541,0.49573683738708496
CFS,CFSv2,dynamical,2026-08-20,2026-11,4.1661057472229,ens_E3_020,3,monthly,1991-2020,3.6678946018218994,0.498211145401001
CFS,CFSv2,dynamical,2026-08-20,2026-12,3.6928470134735107,ens_E3_020,4,monthly,1991-2020,3.036378860473633,0.6564681529998779
CFS,CFSv2,dynamical,2026-08-20,2027-01,2.9139623641967773,ens_E3_020,5,monthly,1991-2020,2.074709415435791,0.8392529487609863
CFS,CFSv2,dynamical,2026-08-20,2027-02,2.926643133163452,ens_E3_020,6,monthly,1991-2020,2.281719207763672,0.6449239253997803
CFS,CFSv2,dynamical,2026-08-20,2027-03,2.3056600093841553,ens_E3_020,7,monthly,1991-2020,1.6658698320388794,0.6397901773452759
CFS,CFSv2,dynamical,2026-08-20,2027-04,1.8563659191131592,ens_E3_020,8,monthly,1991-2020,1.2237168550491333,0.6326490640640259
CFS,CFSv2,dynamical,2026-08-20,2027-05,0.982286274433136,ens_E3_020,9,monthly,1991-2020,0.2657519280910492,0.7165343463420868
CFS,CFSv2,dynamical,2026-08-19,2026-09,2.935933828353882,ens_E3_021,1,monthly,1991-2020,2.4528579711914062,0.4830758571624756
CFS,CFSv2,dynamical,2026-08-19,2026-10,3.897235155105591,ens_E3_021,2,monthly,1991-2020,3.2633020877838135,0.6339330673217773
CFS,CFSv2,dynamical,2026-08-19,2026-11,4.0297112464904785,ens_E3_021,3,monthly,1991-2020,3.1674368381500244,0.8622744083404541
CFS,CFSv2,dynamical,2026-08-19,2026-12,3.826058864593506,ens_E3_021,4,monthly,1991-2020,2.92641282081604,0.8996460437774658
CFS,CFSv2,dynamical,2026-08-19,2027-01,3.381572723388672,ens_E3_021,5,monthly,1991-2020,2.475562334060669,0.9060103893280029
CFS,CFSv2,dynamical,2026-08-19,2027-02,2.319382667541504,ens_E3_021,6,monthly,1991-2020,1.2767953872680664,1.0425872802734375
CFS,CFSv2,dynamical,2026-08-19,2027-03,1.4089818000793457,ens_E3_021,7,monthly,1991-2020,0.34830906987190247,1.0606727302074432
CFS,CFSv2,dynamical,2026-08-19,2027-04,1.1054528951644897,ens_E3_021,8,monthly,1991-2020,0.16663749516010284,0.9388154000043869
CFS,CFSv2,dynamical,2026-08-19,2027-05,0.786207377910614,ens_E3_021,9,monthly,1991-2020,-0.1008167564868927,0.8870241343975067
CFS,CFSv2,dynamical,2026-08-19,2026-09,2.8817148208618164,ens_E3_022,1,monthly,1991-2020,2.4165549278259277,0.46515989303588867
CFS,CFSv2,dynamical,2026-08-19,2026-10,3.942598819732666,ens_E3_022,2,monthly,1991-2020,3.481959819793701,0.46063899993896484
CFS,CFSv2,dynamical,2026-08-19,2026-11,3.997532367706299,ens_E3_022,3,monthly,1991-2020,3.531702995300293,0.46582937240600586
CFS,CFSv2,dynamical,2026-08-19,2026-12,3.5078649520874023,ens_E3_022,4,monthly,1991-2020,2.8724846839904785,0.6353802680969238
CFS,CFSv2,dynamical,2026-08-19,2027-01,3.0379951000213623,ens_E3_022,5,monthly,1991-2020,2.2635748386383057,0.7744202613830566
CFS,CFSv2,dynamical,2026-08-19,2027-02,2.3830008506774902,ens_E3_022,6,monthly,1991-2020,1.6613128185272217,0.7216880321502686
CFS,CFSv2,dynamical,2026-08-19,2027-03,1.8894455432891846,ens_E3_022,7,monthly,1991-2020,1.0088363885879517,0.8806091547012329
CFS,CFSv2,dynamical,2026-08-19,2027-04,1.1031239032745361,ens_E3_022,8,monthly,1991-2020,0.21882686018943787,0.8842970430850983
CFS,CFSv2,dynamical,2026-08-19,2027-05,0.09569865465164185,ens_E3_022,9,monthly,1991-2020,-0.713073194026947,0.8087718486785889
CFS,CFSv2,dynamical,2026-08-19,2026-09,2.89693284034729,ens_E3_023,1,monthly,1991-2020,2.4067986011505127,0.49013423919677734
CFS,CFSv2,dynamical,2026-08-19,2026-10,4.115559101104736,ens_E3_023,2,monthly,1991-2020,3.509185791015625,0.6063733100891113
CFS,CFSv2,dynamical,2026-08-19,2026-11,3.9170405864715576,ens_E3_023,3,monthly,1991-2020,3.2324435710906982,0.6845970153808594
CFS,CFSv2,dynamical,2026-08-19,2026-12,3.61246919631958,ens_E3_023,4,monthly,1991-2020,2.8838112354278564,0.7286579608917236
CFS,CFSv2,dynamical,2026-08-19,2027-01,3.063519239425659,ens_E3_023,5,monthly,1991-2020,2.2215194702148438,0.8419997692108154
CFS,CFSv2,dynamical,2026-08-19,2027-02,2.335081100463867,ens_E3_023,6,monthly,1991-2020,1.5588656663894653,0.7762154340744019
CFS,CFSv2,dynamical,2026-08-19,2027-03,1.6355496644973755,ens_E3_023,7,monthly,1991-2020,0.7979329228401184,0.8376167416572571
CFS,CFSv2,dynamical,2026-08-19,2027-04,0.9267879128456116,ens_E3_023,8,monthly,1991-2020,0.014041127637028694,0.9127467852085829
CFS,CFSv2,dynamical,2026-08-19,2027-05,0.7238703966140747,ens_E3_023,9,monthly,1991-2020,-0.16445410251617432,0.888324499130249
CFS,CFSv2,dynamical,2026-08-19,2026-09,2.952331066131592,ens_E3_024,1,monthly,1991-2020,2.4894959926605225,0.46283507347106934
CFS,CFSv2,dynamical,2026-08-19,2026-10,3.644803762435913,ens_E3_024,2,monthly,1991-2020,3.0985350608825684,0.5462687015533447
CFS,CFSv2,dynamical,2026-08-19,2026-11,3.706000566482544,ens_E3_024,3,monthly,1991-2020,3.203272819519043,0.502727746963501
CFS,CFSv2,dynamical,2026-08-19,2026-12,3.4020023345947266,ens_E3_024,4,monthly,1991-2020,2.7119369506835938,0.6900653839111328
CFS,CFSv2,dynamical,2026-08-19,2027-01,2.9287309646606445,ens_E3_024,5,monthly,1991-2020,2.1050055027008057,0.8237254619598389
CFS,CFSv2,dynamical,2026-08-19,2027-02,2.341998815536499,ens_E3_024,6,monthly,1991-2020,1.5511261224746704,0.7908726930618286
CFS,CFSv2,dynamical,2026-08-19,2027-03,1.5677871704101562,ens_E3_024,7,monthly,1991-2020,0.7665669322013855,0.8012202382087708
CFS,CFSv2,dynamical,2026-08-19,2027-04,1.0263686180114746,ens_E3_024,8,monthly,1991-2020,0.20635174214839935,0.8200168758630753
CFS,CFSv2,dynamical,2026-08-19,2027-05,0.3044167160987854,ens_E3_024,9,monthly,1991-2020,-0.5030117034912109,0.8074284195899963
CFS,CFSv2,dynamical,2026-08-18,2026-09,2.956859827041626,ens_E3_025,1,monthly,1991-2020,2.5329644680023193,0.42389535903930664
CFS,CFSv2,dynamical,2026-08-18,2026-10,3.91445255279541,ens_E3_025,2,monthly,1991-2020,3.200164794921875,0.7142877578735352
CFS,CFSv2,dynamical,2026-08-18,2026-11,4.424726963043213,ens_E3_025,3,monthly,1991-2020,3.672252655029297,0.752474308013916
CFS,CFSv2,dynamical,2026-08-18,2026-12,3.9247236251831055,ens_E3_025,4,monthly,1991-2020,3.196791648864746,0.7279319763183594
CFS,CFSv2,dynamical,2026-08-18,2027-01,3.566516876220703,ens_E3_025,5,monthly,1991-2020,2.8179240226745605,0.7485928535461426
CFS,CFSv2,dynamical,2026-08-18,2027-02,2.626361608505249,ens_E3_025,6,monthly,1991-2020,1.7794374227523804,0.8469241857528687
CFS,CFSv2,dynamical,2026-08-18,2027-03,2.050973415374756,ens_E3_025,7,monthly,1991-2020,1.229323387145996,0.8216500282287598
CFS,CFSv2,dynamical,2026-08-18,2027-04,1.6475239992141724,ens_E3_025,8,monthly,1991-2020,0.7817709445953369,0.8657530546188354
CFS,CFSv2,dynamical,2026-08-18,2027-05,0.9965644478797913,ens_E3_025,9,monthly,1991-2020,0.2678089439868927,0.7287555038928986
CFS,CFSv2,dynamical,2026-08-18,2026-09,2.869995594024658,ens_E3_026,1,monthly,1991-2020,2.4067294597625732,0.46326613426208496
CFS,CFSv2,dynamical,2026-08-18,2026-10,3.612443685531616,ens_E3_026,2,monthly,1991-2020,2.8756349086761475,0.7368087768554688
CFS,CFSv2,dynamical,2026-08-18,2026-11,3.7975573539733887,ens_E3_026,3,monthly,1991-2020,3.0038506984710693,0.7937066555023193
CFS,CFSv2,dynamical,2026-08-18,2026-12,3.4193172454833984,ens_E3_026,4,monthly,1991-2020,2.5645763874053955,0.8547408580780029
CFS,CFSv2,dynamical,2026-08-18,2027-01,3.1608729362487793,ens_E3_026,5,monthly,1991-2020,2.366813898086548,0.7940590381622314
CFS,CFSv2,dynamical,2026-08-18,2027-02,2.2835333347320557,ens_E3_026,6,monthly,1991-2020,1.3540441989898682,0.9294891357421875
CFS,CFSv2,dynamical,2026-08-18,2027-03,1.8769233226776123,ens_E3_026,7,monthly,1991-2020,0.9046162366867065,0.9723070859909058
CFS,CFSv2,dynamical,2026-08-18,2027-04,1.2246153354644775,ens_E3_026,8,monthly,1991-2020,0.38818198442459106,0.8364333510398865
CFS,CFSv2,dynamical,2026-08-18,2027-05,0.5323216319084167,ens_E3_026,9,monthly,1991-2020,-0.17831163108348846,0.7106332629919052
CFS,CFSv2,dynamical,2026-08-18,2026-09,3.0108933448791504,ens_E3_027,1,monthly,1991-2020,2.5449981689453125,0.4658951759338379
CFS,CFSv2,dynamical,2026-08-18,2026-10,4.029763221740723,ens_E3_027,2,monthly,1991-2020,3.500382900238037,0.5293803215026855
CFS,CFSv2,dynamical,2026-08-18,2026-11,4.2703962326049805,ens_E3_027,3,monthly,1991-2020,3.683143138885498,0.5872530937194824
CFS,CFSv2,dynamical,2026-08-18,2026-12,3.6282403469085693,ens_E3_027,4,monthly,1991-2020,2.8266148567199707,0.8016254901885986
CFS,CFSv2,dynamical,2026-08-18,2027-01,2.917332649230957,ens_E3_027,5,monthly,1991-2020,1.9592639207839966,0.9580687284469604
CFS,CFSv2,dynamical,2026-08-18,2027-02,2.3712925910949707,ens_E3_027,6,monthly,1991-2020,1.4932615756988525,0.8780310153961182
CFS,CFSv2,dynamical,2026-08-18,2027-03,1.3333040475845337,ens_E3_027,7,monthly,1991-2020,0.44878649711608887,0.8845175504684448
CFS,CFSv2,dynamical,2026-08-18,2027-04,0.7556585669517517,ens_E3_027,8,monthly,1991-2020,0.01428016647696495,0.7413784004747868
CFS,CFSv2,dynamical,2026-08-18,2027-05,0.2483893185853958,ens_E3_027,9,monthly,1991-2020,-0.40133848786354065,0.6497278064489365
CFS,CFSv2,dynamical,2026-08-18,2026-09,2.9814653396606445,ens_E3_028,1,monthly,1991-2020,2.5099198818206787,0.4715454578399658
CFS,CFSv2,dynamical,2026-08-18,2026-10,3.593806028366089,ens_E3_028,2,monthly,1991-2020,3.0436511039733887,0.5501549243927002
CFS,CFSv2,dynamical,2026-08-18,2026-11,3.854020833969116,ens_E3_028,3,monthly,1991-2020,3.3005149364471436,0.5535058975219727
CFS,CFSv2,dynamical,2026-08-18,2026-12,3.319329261779785,ens_E3_028,4,monthly,1991-2020,2.6645448207855225,0.6547844409942627
CFS,CFSv2,dynamical,2026-08-18,2027-01,3.0727460384368896,ens_E3_028,5,monthly,1991-2020,2.3710415363311768,0.7017045021057129
CFS,CFSv2,dynamical,2026-08-18,2027-02,2.4055263996124268,ens_E3_028,6,monthly,1991-2020,1.6786142587661743,0.7269121408462524
CFS,CFSv2,dynamical,2026-08-18,2027-03,1.906183123588562,ens_E3_028,7,monthly,1991-2020,1.1979286670684814,0.7082544565200806
CFS,CFSv2,dynamical,2026-08-18,2027-04,1.0001087188720703,ens_E3_028,8,monthly,1991-2020,0.20311222970485687,0.7969964891672134
CFS,CFSv2,dynamical,2026-08-18,2027-05,0.18337835371494293,ens_E3_028,9,monthly,1991-2020,-0.5160670876502991,0.699445441365242
CFS,CFSv2,dynamical,2026-08-18,2026-09,2.9499294757843018,ens_E3_029,1,monthly,1991-2020,2.517730951309204,0.43219852447509766
CFS,CFSv2,dynamical,2026-08-18,2026-10,3.799565553665161,ens_E3_029,2,monthly,1991-2020,3.1533360481262207,0.6462295055389404
CFS,CFSv2,dynamical,2026-08-18,2026-11,4.215970993041992,ens_E3_029,3,monthly,1991-2020,3.5174143314361572,0.698556661605835
CFS,CFSv2,dynamical,2026-08-18,2026-12,3.707763433456421,ens_E3_029,4,monthly,1991-2020,2.8525619506835938,0.8552014827728271
CFS,CFSv2,dynamical,2026-08-18,2027-01,3.394789457321167,ens_E3_029,5,monthly,1991-2020,2.582620859146118,0.8121685981750488
CFS,CFSv2,dynamical,2026-08-18,2027-02,2.0833911895751953,ens_E3_029,6,monthly,1991-2020,1.0763068199157715,1.0070843696594238
CFS,CFSv2,dynamical,2026-08-18,2027-03,1.8116523027420044,ens_E3_029,7,monthly,1991-2020,0.8803174495697021,0.9313348531723022
CFS,CFSv2,dynamical,2026-08-18,2027-04,1.2239972352981567,ens_E3_029,8,monthly,1991-2020,0.4461405575275421,0.7778566777706146
CFS,CFSv2,dynamical,2026-08-18,2027-05,0.5204647183418274,ens_E3_029,9,monthly,1991-2020,-0.2242259532213211,0.7446906715631485
CFS,CFSv2,dynamical,2026-08-17,2026-09,2.9346745014190674,ens_E3_030,1,monthly,1991-2020,2.4840924739837646,0.45058202743530273
CFS,CFSv2,dynamical,2026-08-17,2026-10,3.7450218200683594,ens_E3_030,2,monthly,1991-2020,3.2189157009124756,0.5261061191558838
CFS,CFSv2,dynamical,2026-08-17,2026-11,4.140472412109375,ens_E3_030,3,monthly,1991-2020,3.406388282775879,0.7340841293334961
CFS,CFSv2,dynamical,2026-08-17,2026-12,3.9741721153259277,ens_E3_030,4,monthly,1991-2020,3.1218597888946533,0.8523123264312744
CFS,CFSv2,dynamical,2026-08-17,2027-01,2.9775187969207764,ens_E3_030,5,monthly,1991-2020,2.0230727195739746,0.9544460773468018
CFS,CFSv2,dynamical,2026-08-17,2027-02,2.4003117084503174,ens_E3_030,6,monthly,1991-2020,1.4183366298675537,0.9819750785827637
CFS,CFSv2,dynamical,2026-08-17,2027-03,2.128481864929199,ens_E3_030,7,monthly,1991-2020,1.3503965139389038,0.7780853509902954
CFS,CFSv2,dynamical,2026-08-17,2027-04,1.6142600774765015,ens_E3_030,8,monthly,1991-2020,0.755916953086853,0.8583431243896484
CFS,CFSv2,dynamical,2026-08-17,2027-05,1.1795337200164795,ens_E3_030,9,monthly,1991-2020,0.4955407977104187,0.6839929223060608
CFS,CFSv2,dynamical,2026-08-17,2026-09,2.979621171951294,ens_E3_031,1,monthly,1991-2020,2.46726131439209,0.5123598575592041
CFS,CFSv2,dynamical,2026-08-17,2026-10,3.878063440322876,ens_E3_031,2,monthly,1991-2020,3.301002025604248,0.5770614147186279
CFS,CFSv2,dynamical,2026-08-17,2026-11,4.160030841827393,ens_E3_031,3,monthly,1991-2020,3.508486747741699,0.6515440940856934
CFS,CFSv2,dynamical,2026-08-17,2026-12,3.8070907592773438,ens_E3_031,4,monthly,1991-2020,3.1029975414276123,0.7040932178497314
CFS,CFSv2,dynamical,2026-08-17,2027-01,3.487952947616577,ens_E3_031,5,monthly,1991-2020,2.711500406265259,0.7764525413513184
CFS,CFSv2,dynamical,2026-08-17,2027-02,2.500462055206299,ens_E3_031,6,monthly,1991-2020,1.6603161096572876,0.8401459455490112
CFS,CFSv2,dynamical,2026-08-17,2027-03,2.0208899974823,ens_E3_031,7,monthly,1991-2020,1.2762020826339722,0.7446879148483276
CFS,CFSv2,dynamical,2026-08-17,2027-04,1.4978021383285522,ens_E3_031,8,monthly,1991-2020,0.752987265586853,0.7448148727416992
CFS,CFSv2,dynamical,2026-08-17,2027-05,1.0944876670837402,ens_E3_031,9,monthly,1991-2020,0.30651479959487915,0.7879728674888611
CFS,CFSv2,dynamical,2026-08-17,2026-09,2.9314661026000977,ens_E3_032,1,monthly,1991-2020,2.4686338901519775,0.4628322124481201
CFS,CFSv2,dynamical,2026-08-17,2026-10,3.7566635608673096,ens_E3_032,2,monthly,1991-2020,3.168304443359375,0.5883591175079346
CFS,CFSv2,dynamical,2026-08-17,2026-11,4.267933368682861,ens_E3_032,3,monthly,1991-2020,3.6575050354003906,0.6104283332824707
CFS,CFSv2,dynamical,2026-08-17,2026-12,3.604966878890991,ens_E3_032,4,monthly,1991-2020,2.9315433502197266,0.6734235286712646
CFS,CFSv2,dynamical,2026-08-17,2027-01,3.0611720085144043,ens_E3_032,5,monthly,1991-2020,2.3722565174102783,0.688915491104126
CFS,CFSv2,dynamical,2026-08-17,2027-02,2.397325038909912,ens_E3_032,6,monthly,1991-2020,1.6625030040740967,0.7348220348358154
CFS,CFSv2,dynamical,2026-08-17,2027-03,1.8587933778762817,ens_E3_032,7,monthly,1991-2020,1.0870689153671265,0.7717244625091553
CFS,CFSv2,dynamical,2026-08-17,2027-04,1.3182172775268555,ens_E3_032,8,monthly,1991-2020,0.45165184140205383,0.8665654361248016
CFS,CFSv2,dynamical,2026-08-17,2027-05,0.5071458220481873,ens_E3_032,9,monthly,1991-2020,-0.29692867398262024,0.8040744960308075
CFS,CFSv2,dynamical,2026-08-17,2026-09,3.056196928024292,ens_E3_033,1,monthly,1991-2020,2.62178111076355,0.4344158172607422
CFS,CFSv2,dynamical,2026-08-17,2026-10,4.2656636238098145,ens_E3_033,2,monthly,1991-2020,3.7047159671783447,0.5609476566314697
CFS,CFSv2,dynamical,2026-08-17,2026-11,3.736323356628418,ens_E3_033,3,monthly,1991-2020,3.1103293895721436,0.6259939670562744
CFS,CFSv2,dynamical,2026-08-17,2026-12,3.7254512310028076,ens_E3_033,4,monthly,1991-2020,2.895867347717285,0.8295838832855225
CFS,CFSv2,dynamical,2026-08-17,2027-01,2.880465030670166,ens_E3_033,5,monthly,1991-2020,1.9236767292022705,0.9567883014678955
CFS,CFSv2,dynamical,2026-08-17,2027-02,2.1597509384155273,ens_E3_033,6,monthly,1991-2020,1.1067582368850708,1.0529927015304565
CFS,CFSv2,dynamical,2026-08-17,2027-03,1.8759732246398926,ens_E3_033,7,monthly,1991-2020,1.0689727067947388,0.8070005178451538
CFS,CFSv2,dynamical,2026-08-17,2027-04,1.315920352935791,ens_E3_033,8,monthly,1991-2020,0.616327166557312,0.699593186378479
CFS,CFSv2,dynamical,2026-08-17,2027-05,0.8801746368408203,ens_E3_033,9,monthly,1991-2020,0.17546412348747253,0.7047105133533478
CFS,CFSv2,dynamical,2026-08-16,2026-09,2.922255039215088,ens_E3_034,1,monthly,1991-2020,2.5478312969207764,0.3744237422943115
CFS,CFSv2,dynamical,2026-08-16,2026-10,3.5547935962677,ens_E3_034,2,monthly,1991-2020,3.0335757732391357,0.5212178230285645
CFS,CFSv2,dynamical,2026-08-16,2026-11,4.094972133636475,ens_E3_034,3,monthly,1991-2020,3.5047125816345215,0.5902595520019531
CFS,CFSv2,dynamical,2026-08-16,2026-12,3.4775469303131104,ens_E3_034,4,monthly,1991-2020,2.7750046253204346,0.7025423049926758
CFS,CFSv2,dynamical,2026-08-16,2027-01,2.480959177017212,ens_E3_034,5,monthly,1991-2020,1.7091790437698364,0.7717801332473755
CFS,CFSv2,dynamical,2026-08-16,2027-02,2.2068569660186768,ens_E3_034,6,monthly,1991-2020,1.45487642288208,0.7519805431365967
CFS,CFSv2,dynamical,2026-08-16,2027-03,1.4075411558151245,ens_E3_034,7,monthly,1991-2020,0.678953230381012,0.7285879254341125
CFS,CFSv2,dynamical,2026-08-16,2027-04,0.7622608542442322,ens_E3_034,8,monthly,1991-2020,0.008270886726677418,0.7539899675175548
CFS,CFSv2,dynamical,2026-08-16,2027-05,-0.5694092512130737,ens_E3_034,9,monthly,1991-2020,-1.2115956544876099,0.6421864032745361
CFS,CFSv2,dynamical,2026-08-16,2026-09,3.0666849613189697,ens_E3_035,1,monthly,1991-2020,2.6581478118896484,0.4085371494293213
CFS,CFSv2,dynamical,2026-08-16,2026-10,4.020837783813477,ens_E3_035,2,monthly,1991-2020,3.5245180130004883,0.4963197708129883
CFS,CFSv2,dynamical,2026-08-16,2026-11,4.3889360427856445,ens_E3_035,3,monthly,1991-2020,3.8585472106933594,0.5303888320922852
CFS,CFSv2,dynamical,2026-08-16,2026-12,4.043849945068359,ens_E3_035,4,monthly,1991-2020,3.3885746002197266,0.6552753448486328
CFS,CFSv2,dynamical,2026-08-16,2027-01,3.1857857704162598,ens_E3_035,5,monthly,1991-2020,2.465877056121826,0.7199087142944336
CFS,CFSv2,dynamical,2026-08-16,2027-02,2.8343453407287598,ens_E3_035,6,monthly,1991-2020,2.104564666748047,0.7297806739807129
CFS,CFSv2,dynamical,2026-08-16,2027-03,1.9330995082855225,ens_E3_035,7,monthly,1991-2020,1.119019865989685,0.8140796422958374
CFS,CFSv2,dynamical,2026-08-16,2027-04,1.366533637046814,ens_E3_035,8,monthly,1991-2020,0.5654975771903992,0.8010360598564148
CFS,CFSv2,dynamical,2026-08-16,2027-05,0.8896352648735046,ens_E3_035,9,monthly,1991-2020,0.18870364129543304,0.7009316235780716
CFS,CFSv2,dynamical,2026-08-16,2026-09,2.9475131034851074,ens_E3_036,1,monthly,1991-2020,2.525703191757202,0.4218099117279053
CFS,CFSv2,dynamical,2026-08-16,2026-10,3.9574122428894043,ens_E3_036,2,monthly,1991-2020,3.4586238861083984,0.49878835678100586
CFS,CFSv2,dynamical,2026-08-16,2026-11,3.9738454818725586,ens_E3_036,3,monthly,1991-2020,3.4545412063598633,0.5193042755126953
CFS,CFSv2,dynamical,2026-08-16,2026-12,3.670245409011841,ens_E3_036,4,monthly,1991-2020,3.029106616973877,0.6411387920379639
CFS,CFSv2,dynamical,2026-08-16,2027-01,2.6857151985168457,ens_E3_036,5,monthly,1991-2020,1.8205102682113647,0.865204930305481
CFS,CFSv2,dynamical,2026-08-16,2027-02,2.067885637283325,ens_E3_036,6,monthly,1991-2020,1.0974881649017334,0.9703974723815918
CFS,CFSv2,dynamical,2026-08-16,2027-03,1.6815495491027832,ens_E3_036,7,monthly,1991-2020,0.8443193435668945,0.8372302055358887
CFS,CFSv2,dynamical,2026-08-16,2027-04,0.9626635909080505,ens_E3_036,8,monthly,1991-2020,0.2247599959373474,0.7379035949707031
CFS,CFSv2,dynamical,2026-08-16,2027-05,0.49530941247940063,ens_E3_036,9,monthly,1991-2020,-0.2448728084564209,0.7401822209358215
CFS,CFSv2,dynamical,2026-08-16,2026-09,2.899562120437622,ens_E3_037,1,monthly,1991-2020,2.431762933731079,0.46779918670654297
CFS,CFSv2,dynamical,2026-08-16,2026-10,4.164971351623535,ens_E3_037,2,monthly,1991-2020,3.552459478378296,0.6125118732452393
CFS,CFSv2,dynamical,2026-08-16,2026-11,4.391882419586182,ens_E3_037,3,monthly,1991-2020,3.7210824489593506,0.670799970626831
CFS,CFSv2,dynamical,2026-08-16,2026-12,3.561652183532715,ens_E3_037,4,monthly,1991-2020,2.7601380348205566,0.8015141487121582
CFS,CFSv2,dynamical,2026-08-16,2027-01,2.6729929447174072,ens_E3_037,5,monthly,1991-2020,1.6858749389648438,0.9871180057525635
CFS,CFSv2,dynamical,2026-08-16,2027-02,2.3568177223205566,ens_E3_037,6,monthly,1991-2020,1.4210224151611328,0.9357953071594238
CFS,CFSv2,dynamical,2026-08-16,2027-03,1.7783210277557373,ens_E3_037,7,monthly,1991-2020,0.9546531438827515,0.8236678838729858
CFS,CFSv2,dynamical,2026-08-16,2027-04,1.1346739530563354,ens_E3_037,8,monthly,1991-2020,0.29227155447006226,0.8424023985862732
CFS,CFSv2,dynamical,2026-08-16,2027-05,0.6289153099060059,ens_E3_037,9,monthly,1991-2020,-0.23472322523593903,0.8636385351419449
CFS,CFSv2,dynamical,2026-08-15,2026-09,2.9146409034729004,ens_E3_038,1,monthly,1991-2020,2.481396436691284,0.4332444667816162
CFS,CFSv2,dynamical,2026-08-15,2026-10,3.868581533432007,ens_E3_038,2,monthly,1991-2020,3.359790802001953,0.5087907314300537
CFS,CFSv2,dynamical,2026-08-15,2026-11,4.186606407165527,ens_E3_038,3,monthly,1991-2020,3.527092695236206,0.6595137119293213
CFS,CFSv2,dynamical,2026-08-15,2026-12,3.779721260070801,ens_E3_038,4,monthly,1991-2020,3.0430502891540527,0.736670970916748
CFS,CFSv2,dynamical,2026-08-15,2027-01,2.8998212814331055,ens_E3_038,5,monthly,1991-2020,2.007643222808838,0.8921780586242676
CFS,CFSv2,dynamical,2026-08-15,2027-02,2.331873893737793,ens_E3_038,6,monthly,1991-2020,1.449157953262329,0.8827159404754639
CFS,CFSv2,dynamical,2026-08-15,2027-03,1.6561325788497925,ens_E3_038,7,monthly,1991-2020,0.8174891471862793,0.8386434316635132
CFS,CFSv2,dynamical,2026-08-15,2027-04,1.2446976900100708,ens_E3_038,8,monthly,1991-2020,0.3814651370048523,0.8632325530052185
CFS,CFSv2,dynamical,2026-08-15,2027-05,0.6281010508537292,ens_E3_038,9,monthly,1991-2020,-0.24669627845287323,0.8747973293066025
CFS,CFSv2,dynamical,2026-08-15,2026-09,3.011802911758423,ens_E3_039,1,monthly,1991-2020,2.5444812774658203,0.46732163429260254
CFS,CFSv2,dynamical,2026-08-15,2026-10,4.00955867767334,ens_E3_039,2,monthly,1991-2020,3.431177854537964,0.578380823135376
CFS,CFSv2,dynamical,2026-08-15,2026-11,4.673667907714844,ens_E3_039,3,monthly,1991-2020,4.055665016174316,0.6180028915405273
CFS,CFSv2,dynamical,2026-08-15,2026-12,3.9195852279663086,ens_E3_039,4,monthly,1991-2020,3.1554501056671143,0.7641351222991943
CFS,CFSv2,dynamical,2026-08-15,2027-01,2.949249029159546,ens_E3_039,5,monthly,1991-2020,1.948242425918579,1.0010066032409668
CFS,CFSv2,dynamical,2026-08-15,2027-02,2.4209980964660645,ens_E3_039,6,monthly,1991-2020,1.415563941001892,1.0054341554641724
CFS,CFSv2,dynamical,2026-08-15,2027-03,1.3652232885360718,ens_E3_039,7,monthly,1991-2020,0.3447793424129486,1.0204439461231232
CFS,CFSv2,dynamical,2026-08-15,2027-04,0.6138494610786438,ens_E3_039,8,monthly,1991-2020,-0.32910358905792236,0.9429530501365662
CFS,CFSv2,dynamical,2026-08-15,2027-05,-0.1596652865409851,ens_E3_039,9,monthly,1991-2020,-1.046085238456726,0.886419951915741
CFS,CFSv2,dynamical,2026-08-15,2026-09,2.9216935634613037,ens_E3_040,1,monthly,1991-2020,2.3778722286224365,0.5438213348388672
CFS,CFSv2,dynamical,2026-08-15,2026-10,3.9716312885284424,ens_E3_040,2,monthly,1991-2020,3.2715137004852295,0.7001175880432129
CFS,CFSv2,dynamical,2026-08-15,2026-11,4.045909404754639,ens_E3_040,3,monthly,1991-2020,3.3559229373931885,0.6899864673614502
CFS,CFSv2,dynamical,2026-08-15,2026-12,3.7329952716827393,ens_E3_040,4,monthly,1991-2020,2.943250894546509,0.7897443771362305
CFS,CFSv2,dynamical,2026-08-15,2027-01,3.306161880493164,ens_E3_040,5,monthly,1991-2020,2.4797863960266113,0.8263754844665527
CFS,CFSv2,dynamical,2026-08-15,2027-02,2.293177366256714,ens_E3_040,6,monthly,1991-2020,1.382196307182312,0.9109810590744019
CFS,CFSv2,dynamical,2026-08-15,2027-03,1.3555597066879272,ens_E3_040,7,monthly,1991-2020,0.3783004879951477,0.9772592186927795
CFS,CFSv2,dynamical,2026-08-15,2027-04,0.6550126075744629,ens_E3_040,8,monthly,1991-2020,-0.29431694746017456,0.9493295550346375
CFS,CFSv2,dynamical,2026-08-15,2027-05,0.18292947113513947,ens_E3_040,9,monthly,1991-2020,-0.7156762480735779,0.8986057192087173
CFS,CFSv2,dynamical,2026-08-15,2025-09,-0.452505499124527,ens_E3_041,0,monthly,1991-2020,-0.7925213575363159,0.34001585841178894
CFS,CFSv2,dynamical,2026-08-15,2025-10,-0.4991535246372223,ens_E3_041,0,monthly,1991-2020,-0.8251830339431763,0.326029509305954
CFS,CFSv2,dynamical,2026-08-15,2025-11,-0.7111474871635437,ens_E3_041,0,monthly,1991-2020,-0.9488622546195984,0.2377147674560547
CFS,CFSv2,dynamical,2026-08-15,2025-12,-0.6391204595565796,ens_E3_041,0,monthly,1991-2020,-0.9488694667816162,0.3097490072250366
CFS,CFSv2,dynamical,2026-08-15,2026-01,-0.5568469166755676,ens_E3_041,0,monthly,1991-2020,-0.9437293410301208,0.3868824243545532
CFS,CFSv2,dynamical,2026-08-15,2026-02,-0.20334014296531677,ens_E3_041,0,monthly,1991-2020,-0.6590121388435364,0.4556719958782196
CFS,CFSv2,dynamical,2026-08-15,2026-03,0.02000141516327858,ens_E3_041,0,monthly,1991-2020,-0.4912756681442261,0.5112770833075047
CFS,CFSv2,dynamical,2026-08-15,2026-04,0.4634815752506256,ens_E3_041,0,monthly,1991-2020,-0.05273661017417908,0.5162181854248047
CFS,CFSv2,dynamical,2026-08-15,2026-05,0.956451952457428,ens_E3_041,0,monthly,1991-2020,0.48688164353370667,0.4695703089237213
CFS,CFSv2,dynamical,2026-08-15,2026-06,1.593188762664795,ens_E3_041,0,monthly,1991-2020,0.9928267002105713,0.6003620624542236
CFS,CFSv2,dynamical,2026-08-15,2026-07,2.085481643676758,ens_E3_041,0,monthly,1991-2020,1.3666322231292725,0.7188494205474854
CFS,CFSv2,dynamical,2026-08-15,2026-08,2.6143596172332764,ens_E3_041,0,monthly,1991-2020,1.8820115327835083,0.7323480844497681
CFS,CFSv2,dynamical,2026-08-15,2025-09,-0.452505499124527,mean,0,monthly,1991-2020,-0.7925213575363159,0.34001585841178894
CFS,CFSv2,dynamical,2026-08-15,2025-10,-0.4991535246372223,mean,0,monthly,1991-2020,-0.8251830339431763,0.326029509305954
CFS,CFSv2,dynamical,2026-08-15,2025-11,-0.7111474871635437,mean,0,monthly,1991-2020,-0.9488622546195984,0.2377147674560547
CFS,CFSv2,dynamical,2026-08-15,2025-12,-0.6391204595565796,mean,0,monthly,1991-2020,-0.9488694667816162,0.3097490072250366
CFS,CFSv2,dynamical,2026-08-15,2026-01,-0.5568469166755676,mean,0,monthly,1991-2020,-0.9437293410301208,0.3868824243545532
CFS,CFSv2,dynamical,2026-08-15,2026-02,-0.20334014296531677,mean,0,monthly,1991-2020,-0.6590121388435364,0.4556719958782196
CFS,CFSv2,dynamical,2026-08-15,2026-03,0.02000141516327858,mean,0,monthly,1991-2020,-0.4912756681442261,0.5112770833075047
CFS,CFSv2,dynamical,2026-08-15,2026-04,0.4634815752506256,mean,0,monthly,1991-2020,-0.05273661017417908,0.5162181854248047
CFS,CFSv2,dynamical,2026-08-15,2026-05,0.956451952457428,mean,0,monthly,1991-2020,0.48688164353370667,0.4695703089237213
CFS,CFSv2,dynamical,2026-08-15,2026-06,1.593188762664795,mean,0,monthly,1991-2020,0.9928267002105713,0.6003620624542236
CFS,CFSv2,dynamical,2026-08-15,2026-07,2.085481643676758,mean,0,monthly,1991-2020,1.3666322231292725,0.7188494205474854
CFS,CFSv2,dynamical,2026-08-15,2026-08,2.6143596172332764,mean,0,monthly,1991-2020,1.8820115327835083,0.7323480844497681
CFS,CFSv2,dynamical,2026-08-15,2026-09,2.9439798057079316,mean,1,monthly,1991-2020,2.494597387313843,0.44938241839408877
CFS,CFSv2,dynamical,2026-08-15,2026-10,3.836755412817001,mean,2,monthly,1991-2020,3.26440771818161,0.5723476946353913
CFS,CFSv2,dynamical,2026-08-15,2026-11,4.1074814856052395,mean,3,monthly,1991-2020,3.461188679933548,0.6462928056716919
CFS,CFSv2,dynamical,2026-08-15,2026-12,3.703101760149002,mean,4,monthly,1991-2020,2.954241180419922,0.7488605797290802
CFS,CFSv2,dynamical,2026-08-15,2027-01,3.059542107582092,mean,5,monthly,1991-2020,2.224542596936226,0.8349995106458664
CFS,CFSv2,dynamical,2026-08-15,2027-02,2.4710981845855713,mean,6,monthly,1991-2020,1.6164389967918396,0.8546591877937317
CFS,CFSv2,dynamical,2026-08-15,2027-03,1.80323928296566,mean,7,monthly,1991-2020,0.9603309661149979,0.8429083168506623
CFS,CFSv2,dynamical,2026-08-15,2027-04,1.1878648057579995,mean,8,monthly,1991-2020,0.36080239347647874,0.8270624122815207
CFS,CFSv2,dynamical,2026-08-15,2027-05,0.6409616757184267,mean,9,monthly,1991-2020,-0.14211858083144763,0.7830802565498743
