source,model,model_type,init_date,target_month,nino34_anom,member_id,lead_months,temporal_resolution,anomaly_base_period,roni_anom,tropical_mean_anom
CFS,CFSv2,dynamical,2026-04-30,2026-05,1.0466878414154053,ens_E3_001,1,monthly,1991-2020,0.6928822994232178,0.3538055419921875
CFS,CFSv2,dynamical,2026-04-30,2026-06,1.5127874612808228,ens_E3_001,2,monthly,1991-2020,1.0882620811462402,0.4245253801345825
CFS,CFSv2,dynamical,2026-04-30,2026-07,1.643995761871338,ens_E3_001,3,monthly,1991-2020,1.1679986715316772,0.47599709033966064
CFS,CFSv2,dynamical,2026-04-30,2026-08,2.048442840576172,ens_E3_001,4,monthly,1991-2020,1.6008729934692383,0.4475698471069336
CFS,CFSv2,dynamical,2026-04-30,2026-09,2.608402967453003,ens_E3_001,5,monthly,1991-2020,2.0889346599578857,0.5194683074951172
CFS,CFSv2,dynamical,2026-04-30,2026-10,2.959486484527588,ens_E3_001,6,monthly,1991-2020,2.339756965637207,0.6197295188903809
CFS,CFSv2,dynamical,2026-04-30,2026-11,3.052790641784668,ens_E3_001,7,monthly,1991-2020,2.494537830352783,0.5582528114318848
CFS,CFSv2,dynamical,2026-04-30,2026-12,3.011121988296509,ens_E3_001,8,monthly,1991-2020,2.4562315940856934,0.5548903942108154
CFS,CFSv2,dynamical,2026-04-30,2027-01,2.6165311336517334,ens_E3_001,9,monthly,1991-2020,1.9883198738098145,0.628211259841919
CFS,CFSv2,dynamical,2026-04-30,2026-05,1.033636450767517,ens_E3_002,1,monthly,1991-2020,0.6595388054847717,0.37409764528274536
CFS,CFSv2,dynamical,2026-04-30,2026-06,1.3215640783309937,ens_E3_002,2,monthly,1991-2020,0.8450523614883423,0.47651171684265137
CFS,CFSv2,dynamical,2026-04-30,2026-07,2.0047361850738525,ens_E3_002,3,monthly,1991-2020,1.5005391836166382,0.5041970014572144
CFS,CFSv2,dynamical,2026-04-30,2026-08,2.7328250408172607,ens_E3_002,4,monthly,1991-2020,2.336742639541626,0.39608240127563477
CFS,CFSv2,dynamical,2026-04-30,2026-09,2.972325563430786,ens_E3_002,5,monthly,1991-2020,2.5208287239074707,0.45149683952331543
CFS,CFSv2,dynamical,2026-04-30,2026-10,3.387178897857666,ens_E3_002,6,monthly,1991-2020,3.005073308944702,0.38210558891296387
CFS,CFSv2,dynamical,2026-04-30,2026-11,3.6301443576812744,ens_E3_002,7,monthly,1991-2020,3.34458589553833,0.28555846214294434
CFS,CFSv2,dynamical,2026-04-30,2026-12,3.6281723976135254,ens_E3_002,8,monthly,1991-2020,3.2807860374450684,0.34738636016845703
CFS,CFSv2,dynamical,2026-04-30,2027-01,3.028165817260742,ens_E3_002,9,monthly,1991-2020,2.541314125061035,0.48685169219970703
CFS,CFSv2,dynamical,2026-04-30,2026-05,1.0360220670700073,ens_E3_003,1,monthly,1991-2020,0.6654106974601746,0.37061136960983276
CFS,CFSv2,dynamical,2026-04-30,2026-06,1.5211522579193115,ens_E3_003,2,monthly,1991-2020,1.0855587720870972,0.43559348583221436
CFS,CFSv2,dynamical,2026-04-30,2026-07,1.947405219078064,ens_E3_003,3,monthly,1991-2020,1.5128371715545654,0.43456804752349854
CFS,CFSv2,dynamical,2026-04-30,2026-08,2.530283212661743,ens_E3_003,4,monthly,1991-2020,2.050175666809082,0.48010754585266113
CFS,CFSv2,dynamical,2026-04-30,2026-09,2.5712227821350098,ens_E3_003,5,monthly,1991-2020,2.089759588241577,0.4814631938934326
CFS,CFSv2,dynamical,2026-04-30,2026-10,3.145761489868164,ens_E3_003,6,monthly,1991-2020,2.6921029090881348,0.4536585807800293
CFS,CFSv2,dynamical,2026-04-30,2026-11,3.4783568382263184,ens_E3_003,7,monthly,1991-2020,3.0465049743652344,0.431851863861084
CFS,CFSv2,dynamical,2026-04-30,2026-12,3.4074597358703613,ens_E3_003,8,monthly,1991-2020,2.8236467838287354,0.583812952041626
CFS,CFSv2,dynamical,2026-04-30,2027-01,2.6083548069000244,ens_E3_003,9,monthly,1991-2020,2.0508806705474854,0.5574741363525391
CFS,CFSv2,dynamical,2026-04-30,2026-05,1.0816335678100586,ens_E3_004,1,monthly,1991-2020,0.7277880907058716,0.353845477104187
CFS,CFSv2,dynamical,2026-04-30,2026-06,1.5401408672332764,ens_E3_004,2,monthly,1991-2020,1.2001922130584717,0.3399486541748047
CFS,CFSv2,dynamical,2026-04-30,2026-07,2.065406084060669,ens_E3_004,3,monthly,1991-2020,1.763634443283081,0.3017716407775879
CFS,CFSv2,dynamical,2026-04-30,2026-08,2.695789098739624,ens_E3_004,4,monthly,1991-2020,2.3871960639953613,0.3085930347442627
CFS,CFSv2,dynamical,2026-04-30,2026-09,2.8870270252227783,ens_E3_004,5,monthly,1991-2020,2.5758821964263916,0.3111448287963867
CFS,CFSv2,dynamical,2026-04-30,2026-10,3.634385824203491,ens_E3_004,6,monthly,1991-2020,3.272012233734131,0.36237359046936035
CFS,CFSv2,dynamical,2026-04-30,2026-11,3.7819647789001465,ens_E3_004,7,monthly,1991-2020,3.2823498249053955,0.499614953994751
CFS,CFSv2,dynamical,2026-04-30,2026-12,3.269047498703003,ens_E3_004,8,monthly,1991-2020,2.7269742488861084,0.5420732498168945
CFS,CFSv2,dynamical,2026-04-30,2027-01,3.001221179962158,ens_E3_004,9,monthly,1991-2020,2.310925006866455,0.6902961730957031
CFS,CFSv2,dynamical,2026-04-30,2026-05,1.0501799583435059,ens_E3_005,1,monthly,1991-2020,0.6626507639884949,0.387529194355011
CFS,CFSv2,dynamical,2026-04-30,2026-06,1.6217007637023926,ens_E3_005,2,monthly,1991-2020,1.1269943714141846,0.494706392288208
CFS,CFSv2,dynamical,2026-04-30,2026-07,1.9112902879714966,ens_E3_005,3,monthly,1991-2020,1.4484245777130127,0.4628657102584839
CFS,CFSv2,dynamical,2026-04-30,2026-08,2.2517945766448975,ens_E3_005,4,monthly,1991-2020,1.7113763093948364,0.540418267250061
CFS,CFSv2,dynamical,2026-04-30,2026-09,2.683454990386963,ens_E3_005,5,monthly,1991-2020,2.1597084999084473,0.5237464904785156
CFS,CFSv2,dynamical,2026-04-30,2026-10,3.370218515396118,ens_E3_005,6,monthly,1991-2020,2.7986257076263428,0.5715928077697754
CFS,CFSv2,dynamical,2026-04-30,2026-11,3.84676456451416,ens_E3_005,7,monthly,1991-2020,3.2675840854644775,0.5791804790496826
CFS,CFSv2,dynamical,2026-04-30,2026-12,3.4378576278686523,ens_E3_005,8,monthly,1991-2020,2.892606496810913,0.5452511310577393
CFS,CFSv2,dynamical,2026-04-30,2027-01,2.766773223876953,ens_E3_005,9,monthly,1991-2020,1.9933885335922241,0.773384690284729
CFS,CFSv2,dynamical,2026-04-30,2026-05,1.0849223136901855,ens_E3_006,1,monthly,1991-2020,0.7130352854728699,0.3718870282173157
CFS,CFSv2,dynamical,2026-04-30,2026-06,1.6026917695999146,ens_E3_006,2,monthly,1991-2020,1.1863244771957397,0.4163672924041748
CFS,CFSv2,dynamical,2026-04-30,2026-07,2.278158664703369,ens_E3_006,3,monthly,1991-2020,1.8953858613967896,0.3827728033065796
CFS,CFSv2,dynamical,2026-04-30,2026-08,3.062866449356079,ens_E3_006,4,monthly,1991-2020,2.667536973953247,0.39532947540283203
CFS,CFSv2,dynamical,2026-04-30,2026-09,3.479222059249878,ens_E3_006,5,monthly,1991-2020,2.9151110649108887,0.5641109943389893
CFS,CFSv2,dynamical,2026-04-30,2026-10,3.7801077365875244,ens_E3_006,6,monthly,1991-2020,3.0429201126098633,0.7371876239776611
CFS,CFSv2,dynamical,2026-04-30,2026-11,4.116844654083252,ens_E3_006,7,monthly,1991-2020,3.3813717365264893,0.7354729175567627
CFS,CFSv2,dynamical,2026-04-30,2026-12,3.6583962440490723,ens_E3_006,8,monthly,1991-2020,2.9460554122924805,0.7123408317565918
CFS,CFSv2,dynamical,2026-04-30,2027-01,3.4126031398773193,ens_E3_006,9,monthly,1991-2020,2.7210474014282227,0.6915557384490967
CFS,CFSv2,dynamical,2026-04-30,2026-05,1.0062896013259888,ens_E3_007,1,monthly,1991-2020,0.6218650341033936,0.3844245672225952
CFS,CFSv2,dynamical,2026-04-30,2026-06,1.5489288568496704,ens_E3_007,2,monthly,1991-2020,1.0765477418899536,0.4723811149597168
CFS,CFSv2,dynamical,2026-04-30,2026-07,1.9659502506256104,ens_E3_007,3,monthly,1991-2020,1.4776232242584229,0.4883270263671875
CFS,CFSv2,dynamical,2026-04-30,2026-08,2.4205844402313232,ens_E3_007,4,monthly,1991-2020,1.8936312198638916,0.5269532203674316
CFS,CFSv2,dynamical,2026-04-30,2026-09,2.7939181327819824,ens_E3_007,5,monthly,1991-2020,2.25189208984375,0.5420260429382324
CFS,CFSv2,dynamical,2026-04-30,2026-10,3.342021942138672,ens_E3_007,6,monthly,1991-2020,2.8714356422424316,0.47058629989624023
CFS,CFSv2,dynamical,2026-04-30,2026-11,3.608304977416992,ens_E3_007,7,monthly,1991-2020,3.110682487487793,0.4976224899291992
CFS,CFSv2,dynamical,2026-04-30,2026-12,3.621776819229126,ens_E3_007,8,monthly,1991-2020,3.196748971939087,0.42502784729003906
CFS,CFSv2,dynamical,2026-04-30,2027-01,2.911822557449341,ens_E3_007,9,monthly,1991-2020,2.2834792137145996,0.6283433437347412
CFS,CFSv2,dynamical,2026-04-30,2026-05,1.0390269756317139,ens_E3_008,1,monthly,1991-2020,0.662017822265625,0.37700915336608887
CFS,CFSv2,dynamical,2026-04-30,2026-06,1.3627722263336182,ens_E3_008,2,monthly,1991-2020,0.9333108067512512,0.42946141958236694
CFS,CFSv2,dynamical,2026-04-30,2026-07,1.8763949871063232,ens_E3_008,3,monthly,1991-2020,1.4768049716949463,0.39959001541137695
CFS,CFSv2,dynamical,2026-04-30,2026-08,2.4589121341705322,ens_E3_008,4,monthly,1991-2020,2.0278220176696777,0.4310901165008545
CFS,CFSv2,dynamical,2026-04-30,2026-09,2.8042216300964355,ens_E3_008,5,monthly,1991-2020,2.2918219566345215,0.5123996734619141
CFS,CFSv2,dynamical,2026-04-30,2026-10,3.0491514205932617,ens_E3_008,6,monthly,1991-2020,2.4841578006744385,0.5649936199188232
CFS,CFSv2,dynamical,2026-04-30,2026-11,3.2959489822387695,ens_E3_008,7,monthly,1991-2020,2.73504376411438,0.5609052181243896
CFS,CFSv2,dynamical,2026-04-30,2026-12,3.1196682453155518,ens_E3_008,8,monthly,1991-2020,2.517038106918335,0.6026301383972168
CFS,CFSv2,dynamical,2026-04-30,2027-01,2.61637282371521,ens_E3_008,9,monthly,1991-2020,2.0084388256073,0.6079339981079102
CFS,CFSv2,dynamical,2026-04-30,2026-05,1.0811796188354492,ens_E3_009,1,monthly,1991-2020,0.7217482924461365,0.35943132638931274
CFS,CFSv2,dynamical,2026-04-30,2026-06,1.2350008487701416,ens_E3_009,2,monthly,1991-2020,0.804813802242279,0.43018704652786255
CFS,CFSv2,dynamical,2026-04-30,2026-07,1.6473979949951172,ens_E3_009,3,monthly,1991-2020,1.215628743171692,0.4317692518234253
CFS,CFSv2,dynamical,2026-04-30,2026-08,2.1923904418945312,ens_E3_009,4,monthly,1991-2020,1.7547038793563843,0.437686562538147
CFS,CFSv2,dynamical,2026-04-30,2026-09,2.420121669769287,ens_E3_009,5,monthly,1991-2020,1.9581228494644165,0.4619988203048706
CFS,CFSv2,dynamical,2026-04-30,2026-10,2.740233898162842,ens_E3_009,6,monthly,1991-2020,2.2825162410736084,0.4577176570892334
CFS,CFSv2,dynamical,2026-04-30,2026-11,3.3392882347106934,ens_E3_009,7,monthly,1991-2020,2.9624805450439453,0.37680768966674805
CFS,CFSv2,dynamical,2026-04-30,2026-12,2.9613285064697266,ens_E3_009,8,monthly,1991-2020,2.442185640335083,0.5191428661346436
CFS,CFSv2,dynamical,2026-04-30,2027-01,2.821277618408203,ens_E3_009,9,monthly,1991-2020,2.1924617290496826,0.6288158893585205
CFS,CFSv2,dynamical,2026-04-30,2026-05,1.116300106048584,ens_E3_010,1,monthly,1991-2020,0.7725203633308411,0.3437797427177429
CFS,CFSv2,dynamical,2026-04-30,2026-06,1.4309602975845337,ens_E3_010,2,monthly,1991-2020,1.0778508186340332,0.3531094789505005
CFS,CFSv2,dynamical,2026-04-30,2026-07,1.9952284097671509,ens_E3_010,3,monthly,1991-2020,1.6496144533157349,0.345613956451416
CFS,CFSv2,dynamical,2026-04-30,2026-08,2.3288254737854004,ens_E3_010,4,monthly,1991-2020,1.9717439413070679,0.3570815324783325
CFS,CFSv2,dynamical,2026-04-30,2026-09,2.545635461807251,ens_E3_010,5,monthly,1991-2020,2.0748677253723145,0.4707677364349365
CFS,CFSv2,dynamical,2026-04-30,2026-10,3.049318313598633,ens_E3_010,6,monthly,1991-2020,2.6273417472839355,0.42197656631469727
CFS,CFSv2,dynamical,2026-04-30,2026-11,3.875992774963379,ens_E3_010,7,monthly,1991-2020,3.4360463619232178,0.43994641304016113
CFS,CFSv2,dynamical,2026-04-30,2026-12,3.354170322418213,ens_E3_010,8,monthly,1991-2020,2.8980958461761475,0.45607447624206543
CFS,CFSv2,dynamical,2026-04-30,2027-01,2.8466811180114746,ens_E3_010,9,monthly,1991-2020,2.2778072357177734,0.5688738822937012
CFS,CFSv2,dynamical,2026-04-30,2026-05,0.9828178882598877,ens_E3_011,1,monthly,1991-2020,0.6258546113967896,0.35696327686309814
CFS,CFSv2,dynamical,2026-04-30,2026-06,1.375789761543274,ens_E3_011,2,monthly,1991-2020,0.9493611454963684,0.4264286160469055
CFS,CFSv2,dynamical,2026-04-30,2026-07,2.315670967102051,ens_E3_011,3,monthly,1991-2020,1.873929738998413,0.4417412281036377
CFS,CFSv2,dynamical,2026-04-30,2026-08,2.3691813945770264,ens_E3_011,4,monthly,1991-2020,1.9870883226394653,0.38209307193756104
CFS,CFSv2,dynamical,2026-04-30,2026-09,2.593165159225464,ens_E3_011,5,monthly,1991-2020,2.1763341426849365,0.41683101654052734
CFS,CFSv2,dynamical,2026-04-30,2026-10,3.539698600769043,ens_E3_011,6,monthly,1991-2020,3.0868704319000244,0.45282816886901855
CFS,CFSv2,dynamical,2026-04-30,2026-11,4.172116756439209,ens_E3_011,7,monthly,1991-2020,3.726228952407837,0.44588780403137207
CFS,CFSv2,dynamical,2026-04-30,2026-12,3.667813301086426,ens_E3_011,8,monthly,1991-2020,3.2495641708374023,0.41824913024902344
CFS,CFSv2,dynamical,2026-04-30,2027-01,2.99650239944458,ens_E3_011,9,monthly,1991-2020,2.4115633964538574,0.5849390029907227
CFS,CFSv2,dynamical,2026-04-30,2026-05,0.9650402069091797,ens_E3_012,1,monthly,1991-2020,0.6267165541648865,0.3383236527442932
CFS,CFSv2,dynamical,2026-04-30,2026-06,1.3485827445983887,ens_E3_012,2,monthly,1991-2020,0.8913682699203491,0.45721447467803955
CFS,CFSv2,dynamical,2026-04-30,2026-07,1.796043038368225,ens_E3_012,3,monthly,1991-2020,1.2949070930480957,0.5011359453201294
CFS,CFSv2,dynamical,2026-04-30,2026-08,2.196775436401367,ens_E3_012,4,monthly,1991-2020,1.7418919801712036,0.4548834562301636
CFS,CFSv2,dynamical,2026-04-30,2026-09,2.2958285808563232,ens_E3_012,5,monthly,1991-2020,1.7757251262664795,0.5201034545898438
CFS,CFSv2,dynamical,2026-04-30,2026-10,2.6163442134857178,ens_E3_012,6,monthly,1991-2020,2.173048257827759,0.443295955657959
CFS,CFSv2,dynamical,2026-04-30,2026-11,2.845790147781372,ens_E3_012,7,monthly,1991-2020,2.310896396636963,0.5348937511444092
CFS,CFSv2,dynamical,2026-04-30,2026-12,2.326979398727417,ens_E3_012,8,monthly,1991-2020,1.7438865900039673,0.5830928087234497
CFS,CFSv2,dynamical,2026-04-30,2027-01,2.0170345306396484,ens_E3_012,9,monthly,1991-2020,1.3960424661636353,0.6209920644760132
CFS,CFSv2,dynamical,2026-04-30,2026-05,1.1948028802871704,ens_E3_013,1,monthly,1991-2020,0.8301257491111755,0.3646771311759949
CFS,CFSv2,dynamical,2026-04-30,2026-06,1.5477931499481201,ens_E3_013,2,monthly,1991-2020,1.003076434135437,0.5447167158126831
CFS,CFSv2,dynamical,2026-04-30,2026-07,2.0105578899383545,ens_E3_013,3,monthly,1991-2020,1.4406483173370361,0.5699095726013184
CFS,CFSv2,dynamical,2026-04-30,2026-08,2.442840099334717,ens_E3_013,4,monthly,1991-2020,1.9514625072479248,0.491377592086792
CFS,CFSv2,dynamical,2026-04-30,2026-09,2.6835570335388184,ens_E3_013,5,monthly,1991-2020,2.1371307373046875,0.5464262962341309
CFS,CFSv2,dynamical,2026-04-30,2026-10,2.8339598178863525,ens_E3_013,6,monthly,1991-2020,2.3814637660980225,0.4524960517883301
CFS,CFSv2,dynamical,2026-04-30,2026-11,3.300232172012329,ens_E3_013,7,monthly,1991-2020,2.84631085395813,0.4539213180541992
CFS,CFSv2,dynamical,2026-04-30,2026-12,2.98397159576416,ens_E3_013,8,monthly,1991-2020,2.366067409515381,0.6179041862487793
CFS,CFSv2,dynamical,2026-04-30,2027-01,2.4526331424713135,ens_E3_013,9,monthly,1991-2020,1.8293999433517456,0.6232331991195679
CFS,CFSv2,dynamical,2026-04-30,2026-05,1.154219627380371,ens_E3_014,1,monthly,1991-2020,0.792143702507019,0.36207592487335205
CFS,CFSv2,dynamical,2026-04-30,2026-06,1.5903116464614868,ens_E3_014,2,monthly,1991-2020,1.1955251693725586,0.3947864770889282
CFS,CFSv2,dynamical,2026-04-30,2026-07,2.080486536026001,ens_E3_014,3,monthly,1991-2020,1.661891222000122,0.4185953140258789
CFS,CFSv2,dynamical,2026-04-30,2026-08,2.659064769744873,ens_E3_014,4,monthly,1991-2020,2.199491500854492,0.45957326889038086
CFS,CFSv2,dynamical,2026-04-30,2026-09,2.888744831085205,ens_E3_014,5,monthly,1991-2020,2.4392356872558594,0.4495091438293457
CFS,CFSv2,dynamical,2026-04-30,2026-10,3.0198090076446533,ens_E3_014,6,monthly,1991-2020,2.558610439300537,0.4611985683441162
CFS,CFSv2,dynamical,2026-04-30,2026-11,3.507422685623169,ens_E3_014,7,monthly,1991-2020,3.038262367248535,0.4691603183746338
CFS,CFSv2,dynamical,2026-04-30,2026-12,3.192774772644043,ens_E3_014,8,monthly,1991-2020,2.623126268386841,0.5696485042572021
CFS,CFSv2,dynamical,2026-04-30,2027-01,2.7358789443969727,ens_E3_014,9,monthly,1991-2020,2.0277884006500244,0.7080905437469482
CFS,CFSv2,dynamical,2026-04-30,2026-05,1.0057604312896729,ens_E3_015,1,monthly,1991-2020,0.6277121901512146,0.37804824113845825
CFS,CFSv2,dynamical,2026-04-30,2026-06,1.4128499031066895,ens_E3_015,2,monthly,1991-2020,0.9313596487045288,0.48149025440216064
CFS,CFSv2,dynamical,2026-04-30,2026-07,1.6475344896316528,ens_E3_015,3,monthly,1991-2020,1.1860055923461914,0.4615288972854614
CFS,CFSv2,dynamical,2026-04-30,2026-08,2.245790958404541,ens_E3_015,4,monthly,1991-2020,1.7853840589523315,0.4604068994522095
CFS,CFSv2,dynamical,2026-04-30,2026-09,2.4304263591766357,ens_E3_015,5,monthly,1991-2020,1.8562617301940918,0.574164628982544
CFS,CFSv2,dynamical,2026-04-30,2026-10,2.7699904441833496,ens_E3_015,6,monthly,1991-2020,2.1959428787231445,0.5740475654602051
CFS,CFSv2,dynamical,2026-04-30,2026-11,3.346446990966797,ens_E3_015,7,monthly,1991-2020,2.7542061805725098,0.5922408103942871
CFS,CFSv2,dynamical,2026-04-30,2026-12,3.1322104930877686,ens_E3_015,8,monthly,1991-2020,2.493983745574951,0.6382267475128174
CFS,CFSv2,dynamical,2026-04-30,2027-01,2.4843366146087646,ens_E3_015,9,monthly,1991-2020,1.7569845914840698,0.7273520231246948
CFS,CFSv2,dynamical,2026-04-30,2026-05,1.093828558921814,ens_E3_016,1,monthly,1991-2020,0.718934953212738,0.3748936057090759
CFS,CFSv2,dynamical,2026-04-30,2026-06,1.6042550802230835,ens_E3_016,2,monthly,1991-2020,1.0963720083236694,0.5078830718994141
CFS,CFSv2,dynamical,2026-04-30,2026-07,2.0189220905303955,ens_E3_016,3,monthly,1991-2020,1.515018105506897,0.5039039850234985
CFS,CFSv2,dynamical,2026-04-30,2026-08,2.341585159301758,ens_E3_016,4,monthly,1991-2020,1.7678061723709106,0.5737789869308472
CFS,CFSv2,dynamical,2026-04-30,2026-09,2.5970330238342285,ens_E3_016,5,monthly,1991-2020,2.048783779144287,0.5482492446899414
CFS,CFSv2,dynamical,2026-04-30,2026-10,3.0408267974853516,ens_E3_016,6,monthly,1991-2020,2.5949161052703857,0.4459106922149658
CFS,CFSv2,dynamical,2026-04-30,2026-11,3.489624261856079,ens_E3_016,7,monthly,1991-2020,3.16028094291687,0.329343318939209
CFS,CFSv2,dynamical,2026-04-30,2026-12,3.0193755626678467,ens_E3_016,8,monthly,1991-2020,2.684828758239746,0.3345468044281006
CFS,CFSv2,dynamical,2026-04-30,2027-01,3.058940887451172,ens_E3_016,9,monthly,1991-2020,2.6038174629211426,0.4551234245300293
CFS,CFSv2,dynamical,2026-04-30,2026-05,0.9898664355278015,ens_E3_017,1,monthly,1991-2020,0.6289263963699341,0.36094003915786743
CFS,CFSv2,dynamical,2026-04-30,2026-06,1.3660125732421875,ens_E3_017,2,monthly,1991-2020,0.9221379160881042,0.44387465715408325
CFS,CFSv2,dynamical,2026-04-30,2026-07,2.0123136043548584,ens_E3_017,3,monthly,1991-2020,1.5941163301467896,0.41819727420806885
CFS,CFSv2,dynamical,2026-04-30,2026-08,2.454840660095215,ens_E3_017,4,monthly,1991-2020,1.9885343313217163,0.46630632877349854
CFS,CFSv2,dynamical,2026-04-30,2026-09,2.9146885871887207,ens_E3_017,5,monthly,1991-2020,2.4992966651916504,0.4153919219970703
CFS,CFSv2,dynamical,2026-04-30,2026-10,3.399430274963379,ens_E3_017,6,monthly,1991-2020,3.030641555786133,0.3687887191772461
CFS,CFSv2,dynamical,2026-04-30,2026-11,3.9427902698516846,ens_E3_017,7,monthly,1991-2020,3.4154140949249268,0.5273761749267578
CFS,CFSv2,dynamical,2026-04-30,2026-12,3.706923484802246,ens_E3_017,8,monthly,1991-2020,3.1909031867980957,0.5160202980041504
CFS,CFSv2,dynamical,2026-04-30,2027-01,3.06067156791687,ens_E3_017,9,monthly,1991-2020,2.404141664505005,0.6565299034118652
CFS,CFSv2,dynamical,2026-04-30,2026-05,1.0983754396438599,ens_E3_018,1,monthly,1991-2020,0.7591255307197571,0.3392499089241028
CFS,CFSv2,dynamical,2026-04-30,2026-06,1.3423786163330078,ens_E3_018,2,monthly,1991-2020,0.932402491569519,0.40997612476348877
CFS,CFSv2,dynamical,2026-04-30,2026-07,1.794073224067688,ens_E3_018,3,monthly,1991-2020,1.3602653741836548,0.4338078498840332
CFS,CFSv2,dynamical,2026-04-30,2026-08,2.3440544605255127,ens_E3_018,4,monthly,1991-2020,1.809053897857666,0.5350005626678467
CFS,CFSv2,dynamical,2026-04-30,2026-09,2.1297569274902344,ens_E3_018,5,monthly,1991-2020,1.6230969429016113,0.506659984588623
CFS,CFSv2,dynamical,2026-04-30,2026-10,2.5205538272857666,ens_E3_018,6,monthly,1991-2020,2.018827438354492,0.5017263889312744
CFS,CFSv2,dynamical,2026-04-30,2026-11,2.631474733352661,ens_E3_018,7,monthly,1991-2020,2.0994458198547363,0.5320289134979248
CFS,CFSv2,dynamical,2026-04-30,2026-12,2.4811720848083496,ens_E3_018,8,monthly,1991-2020,2.000380039215088,0.4807920455932617
CFS,CFSv2,dynamical,2026-04-30,2027-01,2.3805675506591797,ens_E3_018,9,monthly,1991-2020,1.7792987823486328,0.6012687683105469
CFS,CFSv2,dynamical,2026-04-30,2026-05,1.0730361938476562,ens_E3_019,1,monthly,1991-2020,0.7143685221672058,0.35866767168045044
CFS,CFSv2,dynamical,2026-04-30,2026-06,1.5582170486450195,ens_E3_019,2,monthly,1991-2020,1.2026145458221436,0.355602502822876
CFS,CFSv2,dynamical,2026-04-30,2026-07,1.967614769935608,ens_E3_019,3,monthly,1991-2020,1.6509391069412231,0.31667566299438477
CFS,CFSv2,dynamical,2026-04-30,2026-08,2.602804660797119,ens_E3_019,4,monthly,1991-2020,2.2637252807617188,0.3390793800354004
CFS,CFSv2,dynamical,2026-04-30,2026-09,2.897465229034424,ens_E3_019,5,monthly,1991-2020,2.419384479522705,0.47808074951171875
CFS,CFSv2,dynamical,2026-04-30,2026-10,3.5144240856170654,ens_E3_019,6,monthly,1991-2020,2.981562614440918,0.5328614711761475
CFS,CFSv2,dynamical,2026-04-30,2026-11,3.9852962493896484,ens_E3_019,7,monthly,1991-2020,3.5578110218048096,0.42748522758483887
CFS,CFSv2,dynamical,2026-04-30,2026-12,3.366220235824585,ens_E3_019,8,monthly,1991-2020,2.893268346786499,0.47295188903808594
CFS,CFSv2,dynamical,2026-04-30,2027-01,3.3201985359191895,ens_E3_019,9,monthly,1991-2020,2.7756824493408203,0.5445160865783691
CFS,CFSv2,dynamical,2026-04-30,2026-05,1.0300389528274536,ens_E3_020,1,monthly,1991-2020,0.6162809729576111,0.41375797986984253
CFS,CFSv2,dynamical,2026-04-30,2026-06,1.7070194482803345,ens_E3_020,2,monthly,1991-2020,1.1898455619812012,0.5171738862991333
CFS,CFSv2,dynamical,2026-04-30,2026-07,2.8626062870025635,ens_E3_020,3,monthly,1991-2020,2.453280210494995,0.40932607650756836
CFS,CFSv2,dynamical,2026-04-30,2026-08,3.5791571140289307,ens_E3_020,4,monthly,1991-2020,3.2479889392852783,0.33116817474365234
CFS,CFSv2,dynamical,2026-04-30,2026-09,3.763380289077759,ens_E3_020,5,monthly,1991-2020,3.3479995727539062,0.41538071632385254
CFS,CFSv2,dynamical,2026-04-30,2026-10,3.919062614440918,ens_E3_020,6,monthly,1991-2020,3.3358988761901855,0.5831637382507324
CFS,CFSv2,dynamical,2026-04-30,2026-11,4.455690860748291,ens_E3_020,7,monthly,1991-2020,3.861509084701538,0.5941817760467529
CFS,CFSv2,dynamical,2026-04-30,2026-12,3.9475157260894775,ens_E3_020,8,monthly,1991-2020,3.2723116874694824,0.6752040386199951
CFS,CFSv2,dynamical,2026-04-30,2027-01,2.9032249450683594,ens_E3_020,9,monthly,1991-2020,2.0941033363342285,0.8091216087341309
CFS,CFSv2,dynamical,2026-04-30,2026-05,0.9017429947853088,ens_E3_021,1,monthly,1991-2020,0.5222426652908325,0.3795003294944763
CFS,CFSv2,dynamical,2026-04-30,2026-06,1.5571192502975464,ens_E3_021,2,monthly,1991-2020,1.1102879047393799,0.4468313455581665
CFS,CFSv2,dynamical,2026-04-30,2026-07,2.2218451499938965,ens_E3_021,3,monthly,1991-2020,1.7810921669006348,0.4407529830932617
CFS,CFSv2,dynamical,2026-04-30,2026-08,2.540449619293213,ens_E3_021,4,monthly,1991-2020,2.0913736820220947,0.44907593727111816
CFS,CFSv2,dynamical,2026-04-30,2026-09,2.840895175933838,ens_E3_021,5,monthly,1991-2020,2.453385829925537,0.3875093460083008
CFS,CFSv2,dynamical,2026-04-30,2026-10,3.5084691047668457,ens_E3_021,6,monthly,1991-2020,3.08976149559021,0.41870760917663574
CFS,CFSv2,dynamical,2026-04-30,2026-11,3.603097677230835,ens_E3_021,7,monthly,1991-2020,3.0640549659729004,0.5390427112579346
CFS,CFSv2,dynamical,2026-04-30,2026-12,3.3500559329986572,ens_E3_021,8,monthly,1991-2020,2.743636131286621,0.6064198017120361
CFS,CFSv2,dynamical,2026-04-30,2027-01,3.1820106506347656,ens_E3_021,9,monthly,1991-2020,2.557647943496704,0.6243627071380615
CFS,CFSv2,dynamical,2026-04-30,2026-05,0.9631481170654297,ens_E3_022,1,monthly,1991-2020,0.5823535323143005,0.38079458475112915
CFS,CFSv2,dynamical,2026-04-30,2026-06,1.2058089971542358,ens_E3_022,2,monthly,1991-2020,0.7330641746520996,0.47274482250213623
CFS,CFSv2,dynamical,2026-04-30,2026-07,1.306546926498413,ens_E3_022,3,monthly,1991-2020,0.7659136056900024,0.5406333208084106
CFS,CFSv2,dynamical,2026-04-30,2026-08,1.9456777572631836,ens_E3_022,4,monthly,1991-2020,1.3627722263336182,0.5829055309295654
CFS,CFSv2,dynamical,2026-04-30,2026-09,2.0491225719451904,ens_E3_022,5,monthly,1991-2020,1.3410921096801758,0.7080304622650146
CFS,CFSv2,dynamical,2026-04-30,2026-10,2.8168210983276367,ens_E3_022,6,monthly,1991-2020,2.085017204284668,0.7318038940429688
CFS,CFSv2,dynamical,2026-04-30,2026-11,3.011352062225342,ens_E3_022,7,monthly,1991-2020,2.279911756515503,0.7314403057098389
CFS,CFSv2,dynamical,2026-04-30,2026-12,2.6186015605926514,ens_E3_022,8,monthly,1991-2020,1.8339715003967285,0.7846300601959229
CFS,CFSv2,dynamical,2026-04-30,2027-01,2.3148510456085205,ens_E3_022,9,monthly,1991-2020,1.509787678718567,0.8050633668899536
CFS,CFSv2,dynamical,2026-04-30,2026-05,0.9072889089584351,ens_E3_023,1,monthly,1991-2020,0.5621916651725769,0.34509724378585815
CFS,CFSv2,dynamical,2026-04-30,2026-06,1.4041404724121094,ens_E3_023,2,monthly,1991-2020,1.0680042505264282,0.33613622188568115
CFS,CFSv2,dynamical,2026-04-30,2026-07,2.0515120029449463,ens_E3_023,3,monthly,1991-2020,1.756303310394287,0.2952086925506592
CFS,CFSv2,dynamical,2026-04-30,2026-08,2.6758999824523926,ens_E3_023,4,monthly,1991-2020,2.3345346450805664,0.34136533737182617
CFS,CFSv2,dynamical,2026-04-30,2026-09,2.9808595180511475,ens_E3_023,5,monthly,1991-2020,2.51397442817688,0.4668850898742676
CFS,CFSv2,dynamical,2026-04-30,2026-10,3.676265001296997,ens_E3_023,6,monthly,1991-2020,3.2396175861358643,0.4366474151611328
CFS,CFSv2,dynamical,2026-04-30,2026-11,3.742919445037842,ens_E3_023,7,monthly,1991-2020,3.1911892890930176,0.5517301559448242
CFS,CFSv2,dynamical,2026-04-30,2026-12,3.54377818107605,ens_E3_023,8,monthly,1991-2020,2.882573127746582,0.6612050533294678
CFS,CFSv2,dynamical,2026-04-30,2027-01,2.7597577571868896,ens_E3_023,9,monthly,1991-2020,1.9637737274169922,0.7959840297698975
CFS,CFSv2,dynamical,2026-04-30,2026-05,0.873522937297821,ens_E3_024,1,monthly,1991-2020,0.5146288275718689,0.35889410972595215
CFS,CFSv2,dynamical,2026-04-30,2026-06,1.4417297840118408,ens_E3_024,2,monthly,1991-2020,1.0051860809326172,0.43654370307922363
CFS,CFSv2,dynamical,2026-04-30,2026-07,2.0164124965667725,ens_E3_024,3,monthly,1991-2020,1.6673698425292969,0.3490426540374756
CFS,CFSv2,dynamical,2026-04-30,2026-08,2.3150782585144043,ens_E3_024,4,monthly,1991-2020,1.9399794340133667,0.3750988245010376
CFS,CFSv2,dynamical,2026-04-30,2026-09,2.64593243598938,ens_E3_024,5,monthly,1991-2020,2.2902326583862305,0.3556997776031494
CFS,CFSv2,dynamical,2026-04-30,2026-10,3.015693426132202,ens_E3_024,6,monthly,1991-2020,2.7223246097564697,0.2933688163757324
CFS,CFSv2,dynamical,2026-04-30,2026-11,3.187300205230713,ens_E3_024,7,monthly,1991-2020,2.9640135765075684,0.22328662872314453
CFS,CFSv2,dynamical,2026-04-30,2026-12,3.0865142345428467,ens_E3_024,8,monthly,1991-2020,2.7208573818206787,0.36565685272216797
CFS,CFSv2,dynamical,2026-04-30,2027-01,2.88158917427063,ens_E3_024,9,monthly,1991-2020,2.3512065410614014,0.5303826332092285
CFS,CFSv2,dynamical,2026-04-30,2026-05,1.049574613571167,ens_E3_025,1,monthly,1991-2020,0.6251795291900635,0.4243950843811035
CFS,CFSv2,dynamical,2026-04-30,2026-06,1.3964625597000122,ens_E3_025,2,monthly,1991-2020,0.8568302392959595,0.5396323204040527
CFS,CFSv2,dynamical,2026-04-30,2026-07,1.8698277473449707,ens_E3_025,3,monthly,1991-2020,1.3806053400039673,0.4892224073410034
CFS,CFSv2,dynamical,2026-04-30,2026-08,1.9734917879104614,ens_E3_025,4,monthly,1991-2020,1.4405992031097412,0.5328925848007202
CFS,CFSv2,dynamical,2026-04-30,2026-09,2.2165298461914062,ens_E3_025,5,monthly,1991-2020,1.5986486673355103,0.617881178855896
CFS,CFSv2,dynamical,2026-04-30,2026-10,2.528594732284546,ens_E3_025,6,monthly,1991-2020,2.0105724334716797,0.5180222988128662
CFS,CFSv2,dynamical,2026-04-30,2026-11,3.254448175430298,ens_E3_025,7,monthly,1991-2020,2.7208776473999023,0.5335705280303955
CFS,CFSv2,dynamical,2026-04-30,2026-12,3.2154533863067627,ens_E3_025,8,monthly,1991-2020,2.656960964202881,0.5584924221038818
CFS,CFSv2,dynamical,2026-04-30,2027-01,2.505542278289795,ens_E3_025,9,monthly,1991-2020,1.750769019126892,0.7547732591629028
CFS,CFSv2,dynamical,2026-04-30,2026-05,1.0517133474349976,ens_E3_026,1,monthly,1991-2020,0.6259756088256836,0.42573773860931396
CFS,CFSv2,dynamical,2026-04-30,2026-06,1.558732271194458,ens_E3_026,2,monthly,1991-2020,1.0569379329681396,0.5017943382263184
CFS,CFSv2,dynamical,2026-04-30,2026-07,2.197462320327759,ens_E3_026,3,monthly,1991-2020,1.757295846939087,0.4401664733886719
CFS,CFSv2,dynamical,2026-04-30,2026-08,2.7318084239959717,ens_E3_026,4,monthly,1991-2020,2.2074100971221924,0.5243983268737793
CFS,CFSv2,dynamical,2026-04-30,2026-09,2.8226451873779297,ens_E3_026,5,monthly,1991-2020,2.30131459236145,0.5213305950164795
CFS,CFSv2,dynamical,2026-04-30,2026-10,3.206322431564331,ens_E3_026,6,monthly,1991-2020,2.677025079727173,0.5292973518371582
CFS,CFSv2,dynamical,2026-04-30,2026-11,3.321256637573242,ens_E3_026,7,monthly,1991-2020,2.709740161895752,0.6115164756774902
CFS,CFSv2,dynamical,2026-04-30,2026-12,3.5780882835388184,ens_E3_026,8,monthly,1991-2020,2.945157051086426,0.6329312324523926
CFS,CFSv2,dynamical,2026-04-30,2027-01,2.8667707443237305,ens_E3_026,9,monthly,1991-2020,2.139847993850708,0.7269227504730225
CFS,CFSv2,dynamical,2026-04-30,2026-05,1.066469430923462,ens_E3_027,1,monthly,1991-2020,0.6760277152061462,0.3904417157173157
CFS,CFSv2,dynamical,2026-04-30,2026-06,1.674677848815918,ens_E3_027,2,monthly,1991-2020,1.1986418962478638,0.4760359525680542
CFS,CFSv2,dynamical,2026-04-30,2026-07,1.9956836700439453,ens_E3_027,3,monthly,1991-2020,1.5512611865997314,0.44442248344421387
CFS,CFSv2,dynamical,2026-04-30,2026-08,2.2966229915618896,ens_E3_027,4,monthly,1991-2020,1.8309054374694824,0.4657175540924072
CFS,CFSv2,dynamical,2026-04-30,2026-09,2.6908037662506104,ens_E3_027,5,monthly,1991-2020,2.254192352294922,0.4366114139556885
CFS,CFSv2,dynamical,2026-04-30,2026-10,3.1081111431121826,ens_E3_027,6,monthly,1991-2020,2.7268178462982178,0.38129329681396484
CFS,CFSv2,dynamical,2026-04-30,2026-11,3.4027843475341797,ens_E3_027,7,monthly,1991-2020,2.8986778259277344,0.5041065216064453
CFS,CFSv2,dynamical,2026-04-30,2026-12,3.0650153160095215,ens_E3_027,8,monthly,1991-2020,2.5408525466918945,0.524162769317627
CFS,CFSv2,dynamical,2026-04-30,2027-01,2.5132052898406982,ens_E3_027,9,monthly,1991-2020,1.847424864768982,0.6657804250717163
CFS,CFSv2,dynamical,2026-04-30,2026-05,1.033058762550354,ens_E3_028,1,monthly,1991-2020,0.6347324848175049,0.3983262777328491
CFS,CFSv2,dynamical,2026-04-30,2026-06,1.5010281801223755,ens_E3_028,2,monthly,1991-2020,0.959618091583252,0.5414100885391235
CFS,CFSv2,dynamical,2026-04-30,2026-07,1.8432965278625488,ens_E3_028,3,monthly,1991-2020,1.3913297653198242,0.4519667625427246
CFS,CFSv2,dynamical,2026-04-30,2026-08,2.507578134536743,ens_E3_028,4,monthly,1991-2020,2.0572030544281006,0.4503750801086426
CFS,CFSv2,dynamical,2026-04-30,2026-09,2.6982967853546143,ens_E3_028,5,monthly,1991-2020,2.1810507774353027,0.5172460079193115
CFS,CFSv2,dynamical,2026-04-30,2026-10,3.3146533966064453,ens_E3_028,6,monthly,1991-2020,2.8214430809020996,0.4932103157043457
CFS,CFSv2,dynamical,2026-04-30,2026-11,3.354297161102295,ens_E3_028,7,monthly,1991-2020,2.8297369480133057,0.5245602130889893
CFS,CFSv2,dynamical,2026-04-30,2026-12,3.004824161529541,ens_E3_028,8,monthly,1991-2020,2.321272611618042,0.683551549911499
CFS,CFSv2,dynamical,2026-04-30,2027-01,2.8267099857330322,ens_E3_028,9,monthly,1991-2020,2.1285674571990967,0.6981425285339355
CFS,CFSv2,dynamical,2026-04-30,2026-05,1.0607441663742065,ens_E3_029,1,monthly,1991-2020,0.6311025619506836,0.42964160442352295
CFS,CFSv2,dynamical,2026-04-30,2026-06,1.3116739988327026,ens_E3_029,2,monthly,1991-2020,0.7875730991363525,0.5241008996963501
CFS,CFSv2,dynamical,2026-04-30,2026-07,1.8545527458190918,ens_E3_029,3,monthly,1991-2020,1.3816697597503662,0.4728829860687256
CFS,CFSv2,dynamical,2026-04-30,2026-08,2.3784756660461426,ens_E3_029,4,monthly,1991-2020,1.7870975732803345,0.5913780927658081
CFS,CFSv2,dynamical,2026-04-30,2026-09,2.488821506500244,ens_E3_029,5,monthly,1991-2020,1.9086296558380127,0.5801918506622314
CFS,CFSv2,dynamical,2026-04-30,2026-10,2.632972478866577,ens_E3_029,6,monthly,1991-2020,2.0548856258392334,0.5780868530273438
CFS,CFSv2,dynamical,2026-04-30,2026-11,2.9338221549987793,ens_E3_029,7,monthly,1991-2020,2.3416953086853027,0.5921268463134766
CFS,CFSv2,dynamical,2026-04-30,2026-12,2.890453815460205,ens_E3_029,8,monthly,1991-2020,2.342052698135376,0.5484011173248291
CFS,CFSv2,dynamical,2026-04-30,2027-01,2.971007823944092,ens_E3_029,9,monthly,1991-2020,2.4594647884368896,0.5115430355072021
CFS,CFSv2,dynamical,2026-04-30,2026-05,1.0550923347473145,ens_E3_030,1,monthly,1991-2020,0.6754836440086365,0.379608690738678
CFS,CFSv2,dynamical,2026-04-30,2026-06,1.5398565530776978,ens_E3_030,2,monthly,1991-2020,1.0580517053604126,0.48180484771728516
CFS,CFSv2,dynamical,2026-04-30,2026-07,2.4443767070770264,ens_E3_030,3,monthly,1991-2020,1.9410169124603271,0.5033597946166992
CFS,CFSv2,dynamical,2026-04-30,2026-08,2.6732046604156494,ens_E3_030,4,monthly,1991-2020,2.225391387939453,0.4478132724761963
CFS,CFSv2,dynamical,2026-04-30,2026-09,2.947629928588867,ens_E3_030,5,monthly,1991-2020,2.4881467819213867,0.45948314666748047
CFS,CFSv2,dynamical,2026-04-30,2026-10,3.4638705253601074,ens_E3_030,6,monthly,1991-2020,2.9590227603912354,0.5048477649688721
CFS,CFSv2,dynamical,2026-04-30,2026-11,3.481781244277954,ens_E3_030,7,monthly,1991-2020,3.0834147930145264,0.39836645126342773
CFS,CFSv2,dynamical,2026-04-30,2026-12,3.1517341136932373,ens_E3_030,8,monthly,1991-2020,2.6488330364227295,0.5029010772705078
CFS,CFSv2,dynamical,2026-04-30,2027-01,2.9381837844848633,ens_E3_030,9,monthly,1991-2020,2.3443939685821533,0.59378981590271
CFS,CFSv2,dynamical,2026-04-30,2026-05,1.0565115213394165,ens_E3_031,1,monthly,1991-2020,0.669130265712738,0.38738125562667847
CFS,CFSv2,dynamical,2026-04-30,2026-06,1.5613664388656616,ens_E3_031,2,monthly,1991-2020,1.028322696685791,0.5330437421798706
CFS,CFSv2,dynamical,2026-04-30,2026-07,1.991458773612976,ens_E3_031,3,monthly,1991-2020,1.534478783607483,0.45697999000549316
CFS,CFSv2,dynamical,2026-04-30,2026-08,2.66610050201416,ens_E3_031,4,monthly,1991-2020,2.183164596557617,0.48293590545654297
CFS,CFSv2,dynamical,2026-04-30,2026-09,2.9459118843078613,ens_E3_031,5,monthly,1991-2020,2.5491809844970703,0.396730899810791
CFS,CFSv2,dynamical,2026-04-30,2026-10,3.1844308376312256,ens_E3_031,6,monthly,1991-2020,2.810551643371582,0.37387919425964355
CFS,CFSv2,dynamical,2026-04-30,2026-11,3.331577777862549,ens_E3_031,7,monthly,1991-2020,2.9784014225006104,0.3531763553619385
CFS,CFSv2,dynamical,2026-04-30,2026-12,2.898528575897217,ens_E3_031,8,monthly,1991-2020,2.35809326171875,0.5404353141784668
CFS,CFSv2,dynamical,2026-04-30,2027-01,2.6086153984069824,ens_E3_031,9,monthly,1991-2020,2.0494327545166016,0.5591826438903809
CFS,CFSv2,dynamical,2026-04-30,2026-05,0.998920202255249,ens_E3_032,1,monthly,1991-2020,0.6096287369728088,0.3892914652824402
CFS,CFSv2,dynamical,2026-04-30,2026-06,1.652777075767517,ens_E3_032,2,monthly,1991-2020,1.2906450033187866,0.36213207244873047
CFS,CFSv2,dynamical,2026-04-30,2026-07,2.4444098472595215,ens_E3_032,3,monthly,1991-2020,2.093174457550049,0.35123538970947266
CFS,CFSv2,dynamical,2026-04-30,2026-08,3.0467636585235596,ens_E3_032,4,monthly,1991-2020,2.697079658508301,0.3496840000152588
CFS,CFSv2,dynamical,2026-04-30,2026-09,3.1710872650146484,ens_E3_032,5,monthly,1991-2020,2.7499654293060303,0.42112183570861816
CFS,CFSv2,dynamical,2026-04-30,2026-10,3.3837625980377197,ens_E3_032,6,monthly,1991-2020,2.884477138519287,0.4992854595184326
CFS,CFSv2,dynamical,2026-04-30,2026-11,3.5854711532592773,ens_E3_032,7,monthly,1991-2020,3.083310842514038,0.5021603107452393
CFS,CFSv2,dynamical,2026-04-30,2026-12,3.6409859657287598,ens_E3_032,8,monthly,1991-2020,3.1340456008911133,0.5069403648376465
CFS,CFSv2,dynamical,2026-04-30,2027-01,2.489316463470459,ens_E3_032,9,monthly,1991-2020,1.697117805480957,0.792198657989502
CFS,CFSv2,dynamical,2026-04-30,2026-05,1.1229490041732788,ens_E3_033,1,monthly,1991-2020,0.7457698583602905,0.3771791458129883
CFS,CFSv2,dynamical,2026-04-30,2026-06,1.3791778087615967,ens_E3_033,2,monthly,1991-2020,0.9674649238586426,0.4117128849029541
CFS,CFSv2,dynamical,2026-04-30,2026-07,1.8757448196411133,ens_E3_033,3,monthly,1991-2020,1.4715795516967773,0.40416526794433594
CFS,CFSv2,dynamical,2026-04-30,2026-08,2.1490895748138428,ens_E3_033,4,monthly,1991-2020,1.6516474485397339,0.4974421262741089
CFS,CFSv2,dynamical,2026-04-30,2026-09,2.0264265537261963,ens_E3_033,5,monthly,1991-2020,1.527311086654663,0.4991154670715332
CFS,CFSv2,dynamical,2026-04-30,2026-10,2.36742901802063,ens_E3_033,6,monthly,1991-2020,1.8350989818572998,0.5323300361633301
CFS,CFSv2,dynamical,2026-04-30,2026-11,2.147649049758911,ens_E3_033,7,monthly,1991-2020,1.575317621231079,0.572331428527832
CFS,CFSv2,dynamical,2026-04-30,2026-12,1.800289273262024,ens_E3_033,8,monthly,1991-2020,1.0738226175308228,0.7264666557312012
CFS,CFSv2,dynamical,2026-04-30,2027-01,1.5150611400604248,ens_E3_033,9,monthly,1991-2020,0.8820986747741699,0.6329624652862549
CFS,CFSv2,dynamical,2026-04-30,2026-05,1.0569466352462769,ens_E3_034,1,monthly,1991-2020,0.6893057227134705,0.3676409125328064
CFS,CFSv2,dynamical,2026-04-30,2026-06,1.4096413850784302,ens_E3_034,2,monthly,1991-2020,0.9681869149208069,0.4414544701576233
CFS,CFSv2,dynamical,2026-04-30,2026-07,1.7843711376190186,ens_E3_034,3,monthly,1991-2020,1.3191123008728027,0.4652588367462158
CFS,CFSv2,dynamical,2026-04-30,2026-08,2.0912024974823,ens_E3_034,4,monthly,1991-2020,1.566100001335144,0.5251024961471558
CFS,CFSv2,dynamical,2026-04-30,2026-09,2.5203657150268555,ens_E3_034,5,monthly,1991-2020,1.994221568107605,0.5261441469192505
CFS,CFSv2,dynamical,2026-04-30,2026-10,2.751152276992798,ens_E3_034,6,monthly,1991-2020,2.075870990753174,0.675281286239624
CFS,CFSv2,dynamical,2026-04-30,2026-11,3.17289400100708,ens_E3_034,7,monthly,1991-2020,2.490487575531006,0.6824064254760742
CFS,CFSv2,dynamical,2026-04-30,2026-12,2.888030767440796,ens_E3_034,8,monthly,1991-2020,2.1462199687957764,0.7418107986450195
CFS,CFSv2,dynamical,2026-04-30,2027-01,2.401566982269287,ens_E3_034,9,monthly,1991-2020,1.6092524528503418,0.7923145294189453
CFS,CFSv2,dynamical,2026-04-30,2026-05,1.1057854890823364,ens_E3_035,1,monthly,1991-2020,0.693496823310852,0.4122886657714844
CFS,CFSv2,dynamical,2026-04-30,2026-06,1.4773013591766357,ens_E3_035,2,monthly,1991-2020,0.9432379007339478,0.534063458442688
CFS,CFSv2,dynamical,2026-04-30,2026-07,2.563965082168579,ens_E3_035,3,monthly,1991-2020,2.027374029159546,0.5365910530090332
CFS,CFSv2,dynamical,2026-04-30,2026-08,3.1961727142333984,ens_E3_035,4,monthly,1991-2020,2.724566698074341,0.4716060161590576
CFS,CFSv2,dynamical,2026-04-30,2026-09,3.0803277492523193,ens_E3_035,5,monthly,1991-2020,2.6334574222564697,0.4468703269958496
CFS,CFSv2,dynamical,2026-04-30,2026-10,3.496495246887207,ens_E3_035,6,monthly,1991-2020,2.931727409362793,0.5647678375244141
CFS,CFSv2,dynamical,2026-04-30,2026-11,3.6199545860290527,ens_E3_035,7,monthly,1991-2020,2.9318761825561523,0.6880784034729004
CFS,CFSv2,dynamical,2026-04-30,2026-12,3.3822124004364014,ens_E3_035,8,monthly,1991-2020,2.5918612480163574,0.790351152420044
CFS,CFSv2,dynamical,2026-04-30,2027-01,2.845574140548706,ens_E3_035,9,monthly,1991-2020,2.0342726707458496,0.8113014698028564
CFS,CFSv2,dynamical,2026-04-30,2026-05,1.0825093984603882,ens_E3_036,1,monthly,1991-2020,0.6996191143989563,0.3828902840614319
CFS,CFSv2,dynamical,2026-04-30,2026-06,1.4015432596206665,ens_E3_036,2,monthly,1991-2020,0.9692462682723999,0.4322969913482666
CFS,CFSv2,dynamical,2026-04-30,2026-07,1.9595266580581665,ens_E3_036,3,monthly,1991-2020,1.5082646608352661,0.4512619972229004
CFS,CFSv2,dynamical,2026-04-30,2026-08,2.398747682571411,ens_E3_036,4,monthly,1991-2020,1.93033766746521,0.46841001510620117
CFS,CFSv2,dynamical,2026-04-30,2026-09,2.656585931777954,ens_E3_036,5,monthly,1991-2020,2.174067258834839,0.48251867294311523
CFS,CFSv2,dynamical,2026-04-30,2026-10,2.8885278701782227,ens_E3_036,6,monthly,1991-2020,2.3603029251098633,0.5282249450683594
CFS,CFSv2,dynamical,2026-04-30,2026-11,3.4149258136749268,ens_E3_036,7,monthly,1991-2020,2.9434592723846436,0.4714665412902832
CFS,CFSv2,dynamical,2026-04-30,2026-12,3.3265461921691895,ens_E3_036,8,monthly,1991-2020,2.7431578636169434,0.5833883285522461
CFS,CFSv2,dynamical,2026-04-30,2027-01,2.7176806926727295,ens_E3_036,9,monthly,1991-2020,1.9348753690719604,0.782805323600769
CFS,CFSv2,dynamical,2026-04-30,2026-05,0.986079752445221,ens_E3_037,1,monthly,1991-2020,0.6002760529518127,0.3858036994934082
CFS,CFSv2,dynamical,2026-04-30,2026-06,1.5538644790649414,ens_E3_037,2,monthly,1991-2020,1.1376880407333374,0.416176438331604
CFS,CFSv2,dynamical,2026-04-30,2026-07,2.2439796924591064,ens_E3_037,3,monthly,1991-2020,1.8848621845245361,0.3591175079345703
CFS,CFSv2,dynamical,2026-04-30,2026-08,2.8138511180877686,ens_E3_037,4,monthly,1991-2020,2.532008171081543,0.2818429470062256
CFS,CFSv2,dynamical,2026-04-30,2026-09,2.987720489501953,ens_E3_037,5,monthly,1991-2020,2.68996000289917,0.2977604866027832
CFS,CFSv2,dynamical,2026-04-30,2026-10,3.344560146331787,ens_E3_037,6,monthly,1991-2020,2.8985402584075928,0.44601988792419434
CFS,CFSv2,dynamical,2026-04-30,2026-11,3.3822779655456543,ens_E3_037,7,monthly,1991-2020,2.949188232421875,0.4330897331237793
CFS,CFSv2,dynamical,2026-04-30,2026-12,3.2724788188934326,ens_E3_037,8,monthly,1991-2020,2.8256449699401855,0.44683384895324707
CFS,CFSv2,dynamical,2026-04-30,2027-01,2.873228073120117,ens_E3_037,9,monthly,1991-2020,2.346186637878418,0.5270414352416992
CFS,CFSv2,dynamical,2026-04-30,2026-05,1.1469980478286743,ens_E3_038,1,monthly,1991-2020,0.7926669716835022,0.3543310761451721
CFS,CFSv2,dynamical,2026-04-30,2026-06,1.5642527341842651,ens_E3_038,2,monthly,1991-2020,1.1512826681137085,0.41297006607055664
CFS,CFSv2,dynamical,2026-04-30,2026-07,2.3516628742218018,ens_E3_038,3,monthly,1991-2020,2.0108234882354736,0.3408393859863281
CFS,CFSv2,dynamical,2026-04-30,2026-08,2.921410322189331,ens_E3_038,4,monthly,1991-2020,2.6191742420196533,0.30223608016967773
CFS,CFSv2,dynamical,2026-04-30,2026-09,3.0427491664886475,ens_E3_038,5,monthly,1991-2020,2.834679126739502,0.2080700397491455
CFS,CFSv2,dynamical,2026-04-30,2026-10,3.497497797012329,ens_E3_038,6,monthly,1991-2020,3.2224295139312744,0.2750682830810547
CFS,CFSv2,dynamical,2026-04-30,2026-11,3.5814881324768066,ens_E3_038,7,monthly,1991-2020,3.3626277446746826,0.21886038780212402
CFS,CFSv2,dynamical,2026-04-30,2026-12,3.208585262298584,ens_E3_038,8,monthly,1991-2020,2.7671146392822266,0.4414706230163574
CFS,CFSv2,dynamical,2026-04-30,2027-01,2.708585739135742,ens_E3_038,9,monthly,1991-2020,2.0878422260284424,0.6207435131072998
CFS,CFSv2,dynamical,2026-04-30,2026-05,1.138831615447998,ens_E3_039,1,monthly,1991-2020,0.7941156625747681,0.34471595287323
CFS,CFSv2,dynamical,2026-04-30,2026-06,1.567386507987976,ens_E3_039,2,monthly,1991-2020,1.202187180519104,0.36519932746887207
CFS,CFSv2,dynamical,2026-04-30,2026-07,2.824075698852539,ens_E3_039,3,monthly,1991-2020,2.390394926071167,0.43368077278137207
CFS,CFSv2,dynamical,2026-04-30,2026-08,3.3262948989868164,ens_E3_039,4,monthly,1991-2020,2.8070452213287354,0.519249677658081
CFS,CFSv2,dynamical,2026-04-30,2026-09,2.9126861095428467,ens_E3_039,5,monthly,1991-2020,2.3827548027038574,0.5299313068389893
CFS,CFSv2,dynamical,2026-04-30,2026-10,3.296478033065796,ens_E3_039,6,monthly,1991-2020,2.777616024017334,0.5188620090484619
CFS,CFSv2,dynamical,2026-04-30,2026-11,3.3621227741241455,ens_E3_039,7,monthly,1991-2020,2.7968664169311523,0.5652563571929932
CFS,CFSv2,dynamical,2026-04-30,2026-12,3.165566921234131,ens_E3_039,8,monthly,1991-2020,2.4940168857574463,0.6715500354766846
CFS,CFSv2,dynamical,2026-04-30,2027-01,2.731968402862549,ens_E3_039,9,monthly,1991-2020,2.01231050491333,0.7196578979492188
CFS,CFSv2,dynamical,2026-04-30,2026-05,1.093700885772705,ens_E3_040,1,monthly,1991-2020,0.7319222688674927,0.3617786169052124
CFS,CFSv2,dynamical,2026-04-30,2026-06,1.3141489028930664,ens_E3_040,2,monthly,1991-2020,0.8950337171554565,0.41911518573760986
CFS,CFSv2,dynamical,2026-04-30,2026-07,2.005199909210205,ens_E3_040,3,monthly,1991-2020,1.515735149383545,0.48946475982666016
CFS,CFSv2,dynamical,2026-04-30,2026-08,2.292520046234131,ens_E3_040,4,monthly,1991-2020,1.7445536851882935,0.5479663610458374
CFS,CFSv2,dynamical,2026-04-30,2026-09,2.5061423778533936,ens_E3_040,5,monthly,1991-2020,1.7890328168869019,0.7171095609664917
CFS,CFSv2,dynamical,2026-04-30,2026-10,2.759866714477539,ens_E3_040,6,monthly,1991-2020,1.958714246749878,0.8011524677276611
CFS,CFSv2,dynamical,2026-04-30,2026-11,3.3691201210021973,ens_E3_040,7,monthly,1991-2020,2.6646814346313477,0.7044386863708496
CFS,CFSv2,dynamical,2026-04-30,2026-12,3.3021421432495117,ens_E3_040,8,monthly,1991-2020,2.5991647243499756,0.7029774188995361
CFS,CFSv2,dynamical,2026-04-30,2027-01,2.5032448768615723,ens_E3_040,9,monthly,1991-2020,1.620335578918457,0.8829092979431152
CFS,CFSv2,dynamical,2026-04-30,2025-05,-0.05393534153699875,ens_E3_041,0,monthly,1991-2020,-0.4447665810585022,0.39083123952150345
CFS,CFSv2,dynamical,2026-04-30,2025-06,0.036146581172943115,ens_E3_041,0,monthly,1991-2020,-0.25059983134269714,0.28674641251564026
CFS,CFSv2,dynamical,2026-04-30,2025-07,-0.07012342661619186,ens_E3_041,0,monthly,1991-2020,-0.38267430663108826,0.3125508800148964
CFS,CFSv2,dynamical,2026-04-30,2025-08,-0.334812730550766,ens_E3_041,0,monthly,1991-2020,-0.6745727062225342,0.3397599756717682
CFS,CFSv2,dynamical,2026-04-30,2025-09,-0.452505499124527,ens_E3_041,0,monthly,1991-2020,-0.7925213575363159,0.34001585841178894
CFS,CFSv2,dynamical,2026-04-30,2025-10,-0.4991535246372223,ens_E3_041,0,monthly,1991-2020,-0.8251830339431763,0.326029509305954
CFS,CFSv2,dynamical,2026-04-30,2025-11,-0.7111474871635437,ens_E3_041,0,monthly,1991-2020,-0.9488622546195984,0.2377147674560547
CFS,CFSv2,dynamical,2026-04-30,2025-12,-0.6391204595565796,ens_E3_041,0,monthly,1991-2020,-0.9488694667816162,0.3097490072250366
CFS,CFSv2,dynamical,2026-04-30,2026-01,-0.5568469166755676,ens_E3_041,0,monthly,1991-2020,-0.9437293410301208,0.3868824243545532
CFS,CFSv2,dynamical,2026-04-30,2026-02,-0.20334014296531677,ens_E3_041,0,monthly,1991-2020,-0.6590121388435364,0.4556719958782196
CFS,CFSv2,dynamical,2026-04-30,2026-03,0.02000141516327858,ens_E3_041,0,monthly,1991-2020,-0.4912756681442261,0.5112770833075047
CFS,CFSv2,dynamical,2026-04-30,2026-04,0.4634815752506256,ens_E3_041,0,monthly,1991-2020,-0.05273661017417908,0.5162181854248047
CFS,CFSv2,dynamical,2026-04-30,2025-05,-0.05393534153699875,mean,0,monthly,1991-2020,-0.4447665810585022,0.39083123952150345
CFS,CFSv2,dynamical,2026-04-30,2025-06,0.036146581172943115,mean,0,monthly,1991-2020,-0.25059983134269714,0.28674641251564026
CFS,CFSv2,dynamical,2026-04-30,2025-07,-0.07012342661619186,mean,0,monthly,1991-2020,-0.38267430663108826,0.3125508800148964
CFS,CFSv2,dynamical,2026-04-30,2025-08,-0.334812730550766,mean,0,monthly,1991-2020,-0.6745727062225342,0.3397599756717682
CFS,CFSv2,dynamical,2026-04-30,2025-09,-0.452505499124527,mean,0,monthly,1991-2020,-0.7925213575363159,0.34001585841178894
CFS,CFSv2,dynamical,2026-04-30,2025-10,-0.4991535246372223,mean,0,monthly,1991-2020,-0.8251830339431763,0.326029509305954
CFS,CFSv2,dynamical,2026-04-30,2025-11,-0.7111474871635437,mean,0,monthly,1991-2020,-0.9488622546195984,0.2377147674560547
CFS,CFSv2,dynamical,2026-04-30,2025-12,-0.6391204595565796,mean,0,monthly,1991-2020,-0.9488694667816162,0.3097490072250366
CFS,CFSv2,dynamical,2026-04-30,2026-01,-0.5568469166755676,mean,0,monthly,1991-2020,-0.9437293410301208,0.3868824243545532
CFS,CFSv2,dynamical,2026-04-30,2026-02,-0.20334014296531677,mean,0,monthly,1991-2020,-0.6590121388435364,0.4556719958782196
CFS,CFSv2,dynamical,2026-04-30,2026-03,0.02000141516327858,mean,0,monthly,1991-2020,-0.4912756681442261,0.5112770833075047
CFS,CFSv2,dynamical,2026-04-30,2026-04,0.4634815752506256,mean,0,monthly,1991-2020,-0.05273661017417908,0.5162181854248047
CFS,CFSv2,dynamical,2026-04-30,2026-05,1.047881332039833,mean,1,monthly,1991-2020,0.6728874087333679,0.37499392330646514
CFS,CFSv2,dynamical,2026-04-30,2026-06,1.475589981675148,mean,2,monthly,1991-2020,1.028161533176899,0.44742844849824903
CFS,CFSv2,dynamical,2026-04-30,2026-07,2.0421924382448196,mean,3,monthly,1991-2020,1.6067287415266036,0.43546369671821594
CFS,CFSv2,dynamical,2026-04-30,2026-08,2.522481217980385,mean,4,monthly,1991-2020,2.071929320693016,0.4505518972873688
CFS,CFSv2,dynamical,2026-04-30,2026-09,2.729778456687927,mean,5,monthly,1991-2020,2.247636914253235,0.48214154243469237
CFS,CFSv2,dynamical,2026-04-30,2026-10,3.146848452091217,mean,6,monthly,1991-2020,2.647888547182083,0.4989599049091339
CFS,CFSv2,dynamical,2026-04-30,2026-11,3.4490956604480743,mean,7,monthly,1991-2020,2.942277055978775,0.5068186044692993
CFS,CFSv2,dynamical,2026-04-30,2026-12,3.19209603369236,mean,8,monthly,1991-2020,2.6266999542713165,0.5653960794210434
CFS,CFSv2,dynamical,2026-04-30,2027-01,2.72985657453537,mean,9,monthly,1991-2020,2.069337344169617,0.6605192303657532
