# October global mean anomaly by year, with the October 2026 projection (ERA5)
# Climate Dashboard (https://github.com/hausfath/climate-dashboard) — regenerated daily; this file: 2026-10-06
# Anomalies vs preindustrial 1850-1900.
# Projection: median and calibrated quantiles of the ECMWF EC46 46-day ensemble (50 members, init 2026-10-05) blended with 4 days of month-to-date observations; interval widths include verified model-error terms and are capped against overconfidence while the verification archive is short.
# The current year's monthly_mean_c is left blank (incomplete month); its month-to-date and projection ride in their own columns.
# All values in degrees Celsius unless a column says otherwise. Load with pandas.read_csv(..., comment='#').
year,monthly_mean_c,month_to_date_c,projected_c,projection_p05_c,projection_p25_c,projection_p75_c,projection_p95_c,method
1940,0.0369,,,,,,,
1941,0.3419,,,,,,,
1942,0.1286,,,,,,,
1943,0.2004,,,,,,,
1944,0.3906,,,,,,,
1945,0.2922,,,,,,,
1946,0.0723,,,,,,,
1947,0.2704,,,,,,,
1948,0.2664,,,,,,,
1949,0.1825,,,,,,,
1950,0.2035,,,,,,,
1951,0.3682,,,,,,,
1952,0.1582,,,,,,,
1953,0.2523,,,,,,,
1954,0.0785,,,,,,,
1955,0.1123,,,,,,,
1956,-0.1364,,,,,,,
1957,0.3287,,,,,,,
1958,0.2265,,,,,,,
1959,0.2121,,,,,,,
1960,0.2810,,,,,,,
1961,0.2709,,,,,,,
1962,0.2426,,,,,,,
1963,0.3459,,,,,,,
1964,-0.1515,,,,,,,
1965,0.1700,,,,,,,
1966,0.0695,,,,,,,
1967,0.3306,,,,,,,
1968,0.2875,,,,,,,
1969,0.2402,,,,,,,
1970,0.2097,,,,,,,
1971,0.0582,,,,,,,
1972,0.3014,,,,,,,
1973,0.2071,,,,,,,
1974,0.0182,,,,,,,
1975,-0.0777,,,,,,,
1976,-0.2097,,,,,,,
1977,0.1337,,,,,,,
1978,0.1546,,,,,,,
1979,0.4856,,,,,,,
1980,0.3944,,,,,,,
1981,0.4313,,,,,,,
1982,0.3301,,,,,,,
1983,0.3748,,,,,,,
1984,0.3281,,,,,,,
1985,0.2033,,,,,,,
1986,0.2564,,,,,,,
1987,0.5040,,,,,,,
1988,0.4986,,,,,,,
1989,0.4753,,,,,,,
1990,0.6919,,,,,,,
1991,0.5018,,,,,,,
1992,0.2487,,,,,,,
1993,0.4200,,,,,,,
1994,0.5582,,,,,,,
1995,0.6552,,,,,,,
1996,0.4099,,,,,,,
1997,0.7972,,,,,,,
1998,0.6724,,,,,,,
1999,0.5487,,,,,,,
2000,0.4544,,,,,,,
2001,0.7441,,,,,,,
2002,0.7691,,,,,,,
2003,0.9542,,,,,,,
2004,0.8568,,,,,,,
2005,1.0218,,,,,,,
2006,0.9880,,,,,,,
2007,0.8360,,,,,,,
2008,0.8873,,,,,,,
2009,0.9301,,,,,,,
2010,0.9664,,,,,,,
2011,0.8797,,,,,,,
2012,1.0693,,,,,,,
2013,0.9014,,,,,,,
2014,1.0136,,,,,,,
2015,1.2913,,,,,,,
2016,1.1917,,,,,,,
2017,1.2094,,,,,,,
2018,1.2047,,,,,,,
2019,1.3033,,,,,,,
2020,1.2261,,,,,,,
2021,1.2714,,,,,,,
2022,1.2589,,,,,,,
2023,1.6998,,,,,,,
2024,1.6489,,,,,,,
2025,1.5453,,,,,,,
2026,,1.5425,1.7532,1.5609,1.6810,1.8255,1.9456,ec46_blend
