lead_day,mean,std,count,raw_mean
0,-0.0004,0.0623,133,0.0484
1,-0.0016,0.0616,132,0.0175
2,-0.0073,0.0622,131,0.0054
3,-0.0118,0.0612,130,-0.0008
4,-0.0124,0.0587,129,-0.0020
5,-0.0099,0.0568,128,0.0003
6,-0.0110,0.0597,127,-0.0008
7,-0.0110,0.0634,126,-0.0008
8,-0.0129,0.0670,125,-0.0027
9,-0.0160,0.0723,124,-0.0057
10,-0.0161,0.0813,123,-0.0058
11,-0.0153,0.0884,122,-0.0050
12,-0.0133,0.0929,121,-0.0029
13,-0.0115,0.0955,120,-0.0011
14,-0.0109,0.0949,119,-0.0005
15,-0.0100,0.0918,118,0.0005
16,-0.0086,0.0923,117,0.0019
17,-0.0043,0.0923,116,0.0063
18,-0.0021,0.0890,115,0.0085
19,-0.0007,0.0866,114,0.0100
20,0.0019,0.0873,113,0.0127
21,0.0038,0.0890,112,0.0146
22,0.0079,0.0901,111,0.0188
23,0.0094,0.0922,110,0.0203
24,0.0103,0.0947,109,0.0213
25,0.0134,0.0977,108,0.0244
26,0.0142,0.0989,107,0.0252
27,0.0132,0.0998,106,0.0243
28,0.0105,0.0998,105,0.0217
29,0.0091,0.1012,104,0.0203
30,0.0096,0.1044,103,0.0208
31,0.0105,0.1071,102,0.0218
32,0.0063,0.1065,101,0.0177
33,0.0048,0.1058,100,0.0162
34,0.0020,0.1038,99,0.0135
35,0.0009,0.1034,98,0.0124
36,0.0018,0.1072,97,0.0133
37,0.0003,0.1051,96,0.0119
38,-0.0017,0.1026,95,0.0099
39,-0.0023,0.1015,94,0.0094
40,-0.0019,0.1026,93,0.0099
41,-0.0026,0.1041,92,0.0092
42,-0.0031,0.1041,91,0.0087
43,-0.0033,0.1053,90,0.0087
44,-0.0045,0.1064,88,0.0076
