init,month,days_remaining,error,crps,pit,spread
2026-05-14,2026-05,18,0.0345,,,
2026-05-17,2026-05,15,0.0267,,,
2026-05-18,2026-05,14,0.0239,,,
2026-05-19,2026-05,13,0.0104,,,
2026-05-20,2026-05,12,0.0122,,,
2026-05-21,2026-05,11,0.0078,,,
2026-05-22,2026-05,10,0.0097,,,
2026-05-23,2026-05,9,0.0087,,,
2026-05-24,2026-05,8,0.0055,,,
2026-05-25,2026-05,7,0.0053,,,
2026-05-28,2026-05,4,-0.0002,,,
2026-05-29,2026-05,3,0.0018,,,
2026-05-30,2026-05,2,0.0020,,,
2026-05-31,2026-05,1,0.0017,,,
2026-06-01,2026-06,30,0.0686,,,
2026-06-02,2026-06,29,0.0658,,,
2026-06-03,2026-06,28,0.0537,,,
2026-06-05,2026-06,26,0.0402,,,
2026-06-06,2026-06,25,0.0377,,,
2026-06-07,2026-06,24,0.0370,,,
2026-06-09,2026-06,22,0.0342,,,
2026-06-11,2026-06,20,0.0560,,,
2026-06-12,2026-06,19,0.0364,,,
2026-06-13,2026-06,18,0.0477,,,
2026-06-14,2026-06,17,0.0262,,,
2026-06-15,2026-06,16,-0.0042,,,
2026-06-16,2026-06,15,0.0050,,,
2026-06-17,2026-06,14,0.0366,,,
2026-06-18,2026-06,13,0.0056,,,
2026-06-19,2026-06,12,0.0010,,,
2026-06-20,2026-06,11,-0.0122,,,
2026-06-21,2026-06,10,-0.0135,,,
2026-06-22,2026-06,9,-0.0100,,,
2026-06-23,2026-06,8,-0.0025,,,
2026-06-24,2026-06,7,-0.0002,,,
2026-06-25,2026-06,6,-0.0045,,,
2026-06-26,2026-06,5,0.0008,,,
2026-06-27,2026-06,4,0.0004,,,
2026-06-28,2026-06,3,0.0026,,,
2026-06-29,2026-06,2,0.0029,,,
2026-06-30,2026-06,1,0.0023,,,
2026-07-01,2026-07,31,-0.0208,,,
2026-07-02,2026-07,30,-0.0321,,,
2026-07-03,2026-07,29,-0.0093,,,
2026-07-04,2026-07,28,-0.0415,,,
2026-07-05,2026-07,27,-0.0419,,,
2026-07-06,2026-07,26,-0.0646,,,
2026-07-08,2026-07,24,-0.0678,,,
2026-07-10,2026-07,22,-0.0701,,,
2026-07-11,2026-07,21,-0.0864,,,
2026-07-12,2026-07,20,-0.0752,,,
2026-07-13,2026-07,19,-0.0747,,,
2026-07-14,2026-07,18,-0.0779,,,
2026-07-15,2026-07,17,-0.0393,,,
2026-07-16,2026-07,16,-0.0344,,,
2026-07-17,2026-07,15,-0.0397,,,
2026-07-18,2026-07,14,-0.0288,,,
2026-07-19,2026-07,13,-0.0251,,,
2026-07-20,2026-07,12,-0.0193,,,
2026-07-21,2026-07,11,-0.0301,,,
2026-07-22,2026-07,10,-0.0223,,,
2026-07-23,2026-07,9,-0.0206,,,
2026-07-24,2026-07,8,-0.0166,,,
2026-07-25,2026-07,7,-0.0183,,,
2026-07-26,2026-07,6,-0.0097,,,
2026-07-27,2026-07,5,-0.0070,,,
2026-07-28,2026-07,4,-0.0030,,,
2026-07-29,2026-07,3,-0.0000,,,
2026-07-30,2026-07,2,-0.0018,,,
2026-07-31,2026-07,1,-0.0013,,,
2026-08-01,2026-08,31,-0.0332,,,
2026-08-02,2026-08,30,-0.0418,,,
2026-08-03,2026-08,29,-0.0594,,,
2026-08-04,2026-08,28,-0.0512,,,
2026-08-05,2026-08,27,-0.0452,,,
2026-08-06,2026-08,26,-0.0309,,,
2026-08-07,2026-08,25,-0.0097,,,
2026-08-08,2026-08,24,-0.0292,,,
2026-08-09,2026-08,23,-0.0561,0.0213,0.7200,0.0451
2026-08-10,2026-08,22,-0.0422,0.0251,0.8000,0.0445
2026-08-11,2026-08,21,-0.0393,0.0220,0.8200,0.0469
2026-08-12,2026-08,20,-0.0271,0.0171,0.7800,0.0416
2026-08-13,2026-08,19,-0.0341,0.0212,0.8400,0.0441
2026-08-14,2026-08,18,-0.0296,0.0178,0.9200,0.0272
2026-08-15,2026-08,17,-0.0336,0.0207,0.8400,0.0356
2026-08-16,2026-08,16,-0.0061,0.0068,0.5400,0.0310
2026-08-17,2026-08,15,-0.0024,0.0080,0.5600,0.0361
2026-08-18,2026-08,14,-0.0032,0.0069,0.6000,0.0272
2026-08-19,2026-08,13,-0.0091,0.0072,0.5800,0.0272
2026-08-20,2026-08,12,-0.0163,0.0108,0.7600,0.0240
2026-08-21,2026-08,11,-0.0079,0.0074,0.6600,0.0229
2026-08-22,2026-08,10,-0.0032,0.0046,0.6600,0.0165
2026-08-23,2026-08,9,-0.0026,0.0029,0.6000,0.0124
2026-08-24,2026-08,8,-0.0129,0.0070,0.8200,0.0140
2026-08-25,2026-08,7,-0.0109,0.0068,0.8200,0.0122
2026-08-26,2026-08,6,-0.0123,0.0082,0.9200,0.0083
2026-08-27,2026-08,5,-0.0132,0.0094,0.9600,0.0076
2026-08-28,2026-08,4,-0.0077,0.0049,0.9200,0.0067
2026-08-29,2026-08,3,-0.0020,0.0014,0.6000,0.0045
2026-08-30,2026-08,2,-0.0008,0.0009,0.5800,0.0030
2026-08-31,2026-08,1,-0.0011,0.0007,0.8400,0.0013
2026-09-01,2026-09,30,0.0391,0.0238,0.2600,0.0697
2026-09-02,2026-09,29,0.0135,0.0147,0.4000,0.0593
2026-09-03,2026-09,28,0.0286,0.0189,0.3000,0.0552
2026-09-04,2026-09,27,0.0258,0.0160,0.3600,0.0603
2026-09-05,2026-09,26,0.0548,0.0352,0.1800,0.0513
2026-09-06,2026-09,25,0.0389,0.0226,0.2600,0.0538
2026-09-07,2026-09,24,0.0164,0.0182,0.3200,0.0610
2026-09-08,2026-09,23,0.0219,0.0173,0.3600,0.0614
2026-09-09,2026-09,22,0.0090,0.0141,0.3400,0.0456
2026-09-10,2026-09,21,-0.0001,0.0116,0.4400,0.0409
2026-09-11,2026-09,20,0.0115,0.0133,0.4400,0.0506
2026-09-12,2026-09,19,-0.0010,0.0102,0.5400,0.0445
2026-09-13,2026-09,18,-0.0122,0.0101,0.6600,0.0369
2026-09-14,2026-09,17,-0.0224,0.0158,0.8200,0.0362
2026-09-15,2026-09,16,-0.0191,0.0109,0.7200,0.0312
2026-09-16,2026-09,15,0.0006,0.0063,0.5000,0.0243
2026-09-17,2026-09,14,0.0148,0.0090,0.3200,0.0295
2026-09-18,2026-09,13,0.0050,0.0066,0.4600,0.0238
2026-09-19,2026-09,12,-0.0038,0.0057,0.6000,0.0210
2026-09-20,2026-09,11,-0.0126,0.0080,0.7000,0.0168
2026-09-21,2026-09,10,-0.0108,0.0071,0.7200,0.0202
2026-09-22,2026-09,9,-0.0153,0.0091,0.8600,0.0138
2026-09-23,2026-09,8,-0.0172,0.0104,0.8600,0.0155
2026-09-24,2026-09,7,-0.0115,0.0066,0.8400,0.0101
2026-09-25,2026-09,6,-0.0163,0.0110,0.9400,0.0099
2026-09-26,2026-09,5,-0.0108,0.0071,0.9200,0.0069
2026-09-27,2026-09,4,-0.0039,0.0020,0.8000,0.0061
2026-09-28,2026-09,3,-0.0007,0.0012,0.6400,0.0044
2026-09-29,2026-09,2,0.0009,0.0008,0.3800,0.0026
2026-09-30,2026-09,1,0.0007,0.0005,0.3800,0.0016
