region,season,agree,n,ncells,init
maritime,OND,13,13,589,Oct 2026
philippines,DJF,13,13,130,Oct 2026
safrica,DJF,12,13,361,Oct 2026
amazon,DJF,13,13,452,Oct 2026
nsam,DJF,13,13,174,Oct 2026
nebrazil,MAM,6,6,149,Oct 2026
drycorridor,DJF,13,13,50,Oct 2026
wpacific,OND,13,13,718,Oct 2026
cpacific,OND,13,13,950,Oct 2026
hawaii,DJF,13,13,88,Oct 2026
seaustralia,OND,11,13,11,Oct 2026
inlandnw,DJF,12,13,295,Oct 2026
ccanada_warm,DJF,11,11,314,Oct 2026
horn,OND,12,13,187,Oct 2026
peru,DJF,13,13,42,Oct 2026
sesa,DJF,13,13,363,Oct 2026
gulf,DJF,13,13,150,Oct 2026
antilles,DJF,13,13,30,Oct 2026
swus,DJF,13,13,98,Oct 2026
srilanka,OND,13,13,9,Oct 2026
schina,DJF,13,13,17,Oct 2026
mekong,MAM,5,6,40,Oct 2026
norcal,DJF,13,13,22,Oct 2026
altiplano,DJF,13,13,22,Oct 2026
cchile,OND,13,13,10,Oct 2026
cl_south_n,JFM,6,13,6,Oct 2026
c_uk_ceurope,OND,10,13,44,Oct 2026
c_scandinavia,JF,10,11,219,Oct 2026
lit_sindia,OND,4,13,37,Oct 2026
c_norcal,DJF,13,13,11,Oct 2026
lit_ohio,DJF,1,13,98,Oct 2026
c_se_alaska,DJF,8,11,27,Oct 2026
