source,model,model_type,init_date,target_month,lead_months,nino34_anom,tropical_mean_anom,roni_anom,member_id,temporal_resolution,anomaly_base_period
NMME,NCEP-CFSv2,dynamical,2026-07-01,2026-07,0,1.9057,0.768,1.1377,ens_001,monthly,model-specific
NMME,NCEP-CFSv2,dynamical,2026-07-01,2026-08,1,2.8555,0.8966,1.9589,ens_001,monthly,model-specific
NMME,NCEP-CFSv2,dynamical,2026-07-01,2026-09,2,3.4943,1.0157,2.4786,ens_001,monthly,model-specific
NMME,NCEP-CFSv2,dynamical,2026-07-01,2026-10,3,3.7296,1.1715,2.5581,ens_001,monthly,model-specific
NMME,NCEP-CFSv2,dynamical,2026-07-01,2026-11,4,3.8499,1.1685,2.6814,ens_001,monthly,model-specific
NMME,NCEP-CFSv2,dynamical,2026-07-01,2026-12,5,3.8051,1.2236,2.5814,ens_001,monthly,model-specific
NMME,NCEP-CFSv2,dynamical,2026-07-01,2027-01,6,3.4489,1.1765,2.2724,ens_001,monthly,model-specific
NMME,NCEP-CFSv2,dynamical,2026-07-01,2027-02,7,2.434,1.2033,1.2307,ens_001,monthly,model-specific
NMME,NCEP-CFSv2,dynamical,2026-07-01,2027-03,8,1.417,1.2128,0.2043,ens_001,monthly,model-specific
NMME,NCEP-CFSv2,dynamical,2026-07-01,2026-07,0,1.8991,0.7384,1.1607,ens_002,monthly,model-specific
NMME,NCEP-CFSv2,dynamical,2026-07-01,2026-08,1,3.0048,0.9629,2.0419,ens_002,monthly,model-specific
NMME,NCEP-CFSv2,dynamical,2026-07-01,2026-09,2,3.798,1.1459,2.6521,ens_002,monthly,model-specific
NMME,NCEP-CFSv2,dynamical,2026-07-01,2026-10,3,4.369,1.1949,3.1741,ens_002,monthly,model-specific
NMME,NCEP-CFSv2,dynamical,2026-07-01,2026-11,4,4.6494,1.2698,3.3796,ens_002,monthly,model-specific
NMME,NCEP-CFSv2,dynamical,2026-07-01,2026-12,5,3.897,1.2874,2.6097,ens_002,monthly,model-specific
NMME,NCEP-CFSv2,dynamical,2026-07-01,2027-01,6,2.9039,1.1769,1.727,ens_002,monthly,model-specific
NMME,NCEP-CFSv2,dynamical,2026-07-01,2027-02,7,2.2108,1.1598,1.0511,ens_002,monthly,model-specific
NMME,NCEP-CFSv2,dynamical,2026-07-01,2027-03,8,1.5402,1.1191,0.4211,ens_002,monthly,model-specific
NMME,NCEP-CFSv2,dynamical,2026-07-01,2026-07,0,1.9326,0.7557,1.1769,ens_003,monthly,model-specific
NMME,NCEP-CFSv2,dynamical,2026-07-01,2026-08,1,3.0732,0.9283,2.1449,ens_003,monthly,model-specific
NMME,NCEP-CFSv2,dynamical,2026-07-01,2026-09,2,3.7221,1.0791,2.643,ens_003,monthly,model-specific
NMME,NCEP-CFSv2,dynamical,2026-07-01,2026-10,3,3.7325,1.144,2.5885,ens_003,monthly,model-specific
NMME,NCEP-CFSv2,dynamical,2026-07-01,2026-11,4,3.7615,1.22,2.5415,ens_003,monthly,model-specific
NMME,NCEP-CFSv2,dynamical,2026-07-01,2026-12,5,3.627,1.264,2.363,ens_003,monthly,model-specific
NMME,NCEP-CFSv2,dynamical,2026-07-01,2027-01,6,2.9038,1.2987,1.6051,ens_003,monthly,model-specific
NMME,NCEP-CFSv2,dynamical,2026-07-01,2027-02,7,2.3987,1.2596,1.1391,ens_003,monthly,model-specific
NMME,NCEP-CFSv2,dynamical,2026-07-01,2027-03,8,1.7747,1.1423,0.6324,ens_003,monthly,model-specific
NMME,NCEP-CFSv2,dynamical,2026-07-01,2026-07,0,1.9301,0.9338,0.9963,ens_004,monthly,model-specific
NMME,NCEP-CFSv2,dynamical,2026-07-01,2026-08,1,3.0766,0.8461,2.2305,ens_004,monthly,model-specific
NMME,NCEP-CFSv2,dynamical,2026-07-01,2026-09,2,3.7196,0.6835,3.0362,ens_004,monthly,model-specific
NMME,NCEP-CFSv2,dynamical,2026-07-01,2026-10,3,3.4423,0.8867,2.5556,ens_004,monthly,model-specific
NMME,NCEP-CFSv2,dynamical,2026-07-01,2026-11,4,3.5397,1.1444,2.3952,ens_004,monthly,model-specific
NMME,NCEP-CFSv2,dynamical,2026-07-01,2026-12,5,3.6095,1.2272,2.3823,ens_004,monthly,model-specific
NMME,NCEP-CFSv2,dynamical,2026-07-01,2027-01,6,3.398,1.1403,2.2577,ens_004,monthly,model-specific
NMME,NCEP-CFSv2,dynamical,2026-07-01,2027-02,7,2.633,0.9069,1.7262,ens_004,monthly,model-specific
NMME,NCEP-CFSv2,dynamical,2026-07-01,2027-03,8,2.0743,0.742,1.3324,ens_004,monthly,model-specific
NMME,NCEP-CFSv2,dynamical,2026-07-01,2026-07,0,1.927,0.7755,1.1515,ens_005,monthly,model-specific
NMME,NCEP-CFSv2,dynamical,2026-07-01,2026-08,1,2.9605,0.9137,2.0469,ens_005,monthly,model-specific
NMME,NCEP-CFSv2,dynamical,2026-07-01,2026-09,2,3.5637,1.0083,2.5555,ens_005,monthly,model-specific
NMME,NCEP-CFSv2,dynamical,2026-07-01,2026-10,3,4.122,1.0547,3.0673,ens_005,monthly,model-specific
NMME,NCEP-CFSv2,dynamical,2026-07-01,2026-11,4,4.2444,1.3007,2.9437,ens_005,monthly,model-specific
NMME,NCEP-CFSv2,dynamical,2026-07-01,2026-12,5,3.2074,1.2611,1.9464,ens_005,monthly,model-specific
NMME,NCEP-CFSv2,dynamical,2026-07-01,2027-01,6,2.858,1.3297,1.5283,ens_005,monthly,model-specific
NMME,NCEP-CFSv2,dynamical,2026-07-01,2027-02,7,2.2897,1.2324,1.0573,ens_005,monthly,model-specific
NMME,NCEP-CFSv2,dynamical,2026-07-01,2027-03,8,1.4991,1.2071,0.292,ens_005,monthly,model-specific
NMME,NCEP-CFSv2,dynamical,2026-07-01,2026-07,0,1.9042,0.7547,1.1495,ens_006,monthly,model-specific
NMME,NCEP-CFSv2,dynamical,2026-07-01,2026-08,1,2.8276,0.9381,1.8895,ens_006,monthly,model-specific
NMME,NCEP-CFSv2,dynamical,2026-07-01,2026-09,2,3.2612,1.084,2.1772,ens_006,monthly,model-specific
NMME,NCEP-CFSv2,dynamical,2026-07-01,2026-10,3,3.6014,1.0821,2.5193,ens_006,monthly,model-specific
NMME,NCEP-CFSv2,dynamical,2026-07-01,2026-11,4,3.7956,1.1086,2.6869,ens_006,monthly,model-specific
NMME,NCEP-CFSv2,dynamical,2026-07-01,2026-12,5,3.2667,1.204,2.0626,ens_006,monthly,model-specific
NMME,NCEP-CFSv2,dynamical,2026-07-01,2027-01,6,2.7986,1.0758,1.7228,ens_006,monthly,model-specific
NMME,NCEP-CFSv2,dynamical,2026-07-01,2027-02,7,1.9798,1.1085,0.8712,ens_006,monthly,model-specific
NMME,NCEP-CFSv2,dynamical,2026-07-01,2027-03,8,1.6285,1.2476,0.381,ens_006,monthly,model-specific
NMME,NCEP-CFSv2,dynamical,2026-07-01,2026-07,0,1.9757,0.7986,1.1771,ens_007,monthly,model-specific
NMME,NCEP-CFSv2,dynamical,2026-07-01,2026-08,1,2.8817,1.0408,1.841,ens_007,monthly,model-specific
NMME,NCEP-CFSv2,dynamical,2026-07-01,2026-09,2,3.235,1.2069,2.028,ens_007,monthly,model-specific
NMME,NCEP-CFSv2,dynamical,2026-07-01,2026-10,3,3.8954,1.1713,2.7242,ens_007,monthly,model-specific
NMME,NCEP-CFSv2,dynamical,2026-07-01,2026-11,4,3.8572,1.2813,2.5758,ens_007,monthly,model-specific
NMME,NCEP-CFSv2,dynamical,2026-07-01,2026-12,5,3.7062,1.2379,2.4683,ens_007,monthly,model-specific
NMME,NCEP-CFSv2,dynamical,2026-07-01,2027-01,6,2.8196,1.2345,1.5851,ens_007,monthly,model-specific
NMME,NCEP-CFSv2,dynamical,2026-07-01,2027-02,7,2.6432,1.2271,1.4162,ens_007,monthly,model-specific
NMME,NCEP-CFSv2,dynamical,2026-07-01,2027-03,8,1.8841,1.1663,0.7179,ens_007,monthly,model-specific
NMME,NCEP-CFSv2,dynamical,2026-07-01,2026-07,0,1.9355,0.7838,1.1517,ens_008,monthly,model-specific
NMME,NCEP-CFSv2,dynamical,2026-07-01,2026-08,1,2.9206,1.0137,1.9069,ens_008,monthly,model-specific
NMME,NCEP-CFSv2,dynamical,2026-07-01,2026-09,2,3.6496,1.0614,2.5883,ens_008,monthly,model-specific
NMME,NCEP-CFSv2,dynamical,2026-07-01,2026-10,3,4.1599,1.0725,3.0874,ens_008,monthly,model-specific
NMME,NCEP-CFSv2,dynamical,2026-07-01,2026-11,4,4.3734,1.2157,3.1577,ens_008,monthly,model-specific
NMME,NCEP-CFSv2,dynamical,2026-07-01,2026-12,5,3.5549,1.2426,2.3124,ens_008,monthly,model-specific
NMME,NCEP-CFSv2,dynamical,2026-07-01,2027-01,6,2.7718,1.1868,1.585,ens_008,monthly,model-specific
NMME,NCEP-CFSv2,dynamical,2026-07-01,2027-02,7,2.3122,1.2058,1.1064,ens_008,monthly,model-specific
NMME,NCEP-CFSv2,dynamical,2026-07-01,2027-03,8,1.3048,1.066,0.2387,ens_008,monthly,model-specific
NMME,NCEP-CFSv2,dynamical,2026-07-01,2026-07,0,1.9338,0.7684,1.1654,ens_009,monthly,model-specific
NMME,NCEP-CFSv2,dynamical,2026-07-01,2026-08,1,3.081,0.8943,2.1866,ens_009,monthly,model-specific
NMME,NCEP-CFSv2,dynamical,2026-07-01,2026-09,2,3.9878,1.0557,2.9321,ens_009,monthly,model-specific
NMME,NCEP-CFSv2,dynamical,2026-07-01,2026-10,3,4.3977,1.1798,3.2179,ens_009,monthly,model-specific
NMME,NCEP-CFSv2,dynamical,2026-07-01,2026-11,4,4.3828,1.267,3.1158,ens_009,monthly,model-specific
NMME,NCEP-CFSv2,dynamical,2026-07-01,2026-12,5,4.1857,1.2701,2.9156,ens_009,monthly,model-specific
NMME,NCEP-CFSv2,dynamical,2026-07-01,2027-01,6,2.9238,1.4152,1.5086,ens_009,monthly,model-specific
NMME,NCEP-CFSv2,dynamical,2026-07-01,2027-02,7,2.2741,1.2323,1.0418,ens_009,monthly,model-specific
NMME,NCEP-CFSv2,dynamical,2026-07-01,2027-03,8,1.471,1.1768,0.2942,ens_009,monthly,model-specific
NMME,NCEP-CFSv2,dynamical,2026-07-01,2026-07,0,1.9146,0.7316,1.183,ens_010,monthly,model-specific
NMME,NCEP-CFSv2,dynamical,2026-07-01,2026-08,1,2.9557,0.8813,2.0744,ens_010,monthly,model-specific
NMME,NCEP-CFSv2,dynamical,2026-07-01,2026-09,2,3.5383,1.0194,2.519,ens_010,monthly,model-specific
NMME,NCEP-CFSv2,dynamical,2026-07-01,2026-10,3,4.0575,1.0771,2.9803,ens_010,monthly,model-specific
NMME,NCEP-CFSv2,dynamical,2026-07-01,2026-11,4,4.3766,1.0827,3.294,ens_010,monthly,model-specific
NMME,NCEP-CFSv2,dynamical,2026-07-01,2026-12,5,3.6245,1.1602,2.4643,ens_010,monthly,model-specific
NMME,NCEP-CFSv2,dynamical,2026-07-01,2027-01,6,2.7228,1.1795,1.5433,ens_010,monthly,model-specific
NMME,NCEP-CFSv2,dynamical,2026-07-01,2027-02,7,2.2978,1.2102,1.0876,ens_010,monthly,model-specific
NMME,NCEP-CFSv2,dynamical,2026-07-01,2027-03,8,1.5955,1.0561,0.5393,ens_010,monthly,model-specific
NMME,NCEP-CFSv2,dynamical,2026-07-01,2026-07,0,1.9469,0.7573,1.1896,ens_011,monthly,model-specific
NMME,NCEP-CFSv2,dynamical,2026-07-01,2026-08,1,2.9823,0.903,2.0793,ens_011,monthly,model-specific
NMME,NCEP-CFSv2,dynamical,2026-07-01,2026-09,2,3.614,1.1031,2.5109,ens_011,monthly,model-specific
NMME,NCEP-CFSv2,dynamical,2026-07-01,2026-10,3,3.7863,1.1379,2.6484,ens_011,monthly,model-specific
NMME,NCEP-CFSv2,dynamical,2026-07-01,2026-11,4,4.2979,1.2892,3.0087,ens_011,monthly,model-specific
NMME,NCEP-CFSv2,dynamical,2026-07-01,2026-12,5,3.754,1.3193,2.4347,ens_011,monthly,model-specific
NMME,NCEP-CFSv2,dynamical,2026-07-01,2027-01,6,2.6583,1.2027,1.4556,ens_011,monthly,model-specific
NMME,NCEP-CFSv2,dynamical,2026-07-01,2027-02,7,2.2268,1.1381,1.0887,ens_011,monthly,model-specific
NMME,NCEP-CFSv2,dynamical,2026-07-01,2027-03,8,1.551,1.0806,0.4704,ens_011,monthly,model-specific
NMME,NCEP-CFSv2,dynamical,2026-07-01,2026-07,0,1.8969,0.7449,1.152,ens_012,monthly,model-specific
NMME,NCEP-CFSv2,dynamical,2026-07-01,2026-08,1,2.987,0.939,2.048,ens_012,monthly,model-specific
NMME,NCEP-CFSv2,dynamical,2026-07-01,2026-09,2,3.4911,1.0685,2.4226,ens_012,monthly,model-specific
NMME,NCEP-CFSv2,dynamical,2026-07-01,2026-10,3,4.0122,1.0791,2.9332,ens_012,monthly,model-specific
NMME,NCEP-CFSv2,dynamical,2026-07-01,2026-11,4,3.8552,1.1833,2.6719,ens_012,monthly,model-specific
NMME,NCEP-CFSv2,dynamical,2026-07-01,2026-12,5,3.4062,1.1111,2.295,ens_012,monthly,model-specific
NMME,NCEP-CFSv2,dynamical,2026-07-01,2027-01,6,2.896,1.1624,1.7336,ens_012,monthly,model-specific
NMME,NCEP-CFSv2,dynamical,2026-07-01,2027-02,7,2.5652,1.2151,1.3501,ens_012,monthly,model-specific
NMME,NCEP-CFSv2,dynamical,2026-07-01,2027-03,8,1.7158,1.1054,0.6105,ens_012,monthly,model-specific
NMME,NCEP-CFSv2,dynamical,2026-07-01,2026-07,0,1.9293,0.7673,1.162,ens_013,monthly,model-specific
NMME,NCEP-CFSv2,dynamical,2026-07-01,2026-08,1,2.9405,0.8945,2.046,ens_013,monthly,model-specific
NMME,NCEP-CFSv2,dynamical,2026-07-01,2026-09,2,3.5729,1.0746,2.4983,ens_013,monthly,model-specific
NMME,NCEP-CFSv2,dynamical,2026-07-01,2026-10,3,3.7157,1.0656,2.6501,ens_013,monthly,model-specific
NMME,NCEP-CFSv2,dynamical,2026-07-01,2026-11,4,3.6369,1.1432,2.4937,ens_013,monthly,model-specific
NMME,NCEP-CFSv2,dynamical,2026-07-01,2026-12,5,3.2785,1.1303,2.1482,ens_013,monthly,model-specific
NMME,NCEP-CFSv2,dynamical,2026-07-01,2027-01,6,2.8051,1.0863,1.7188,ens_013,monthly,model-specific
NMME,NCEP-CFSv2,dynamical,2026-07-01,2027-02,7,1.9574,1.2943,0.6631,ens_013,monthly,model-specific
NMME,NCEP-CFSv2,dynamical,2026-07-01,2027-03,8,1.6118,1.1726,0.4392,ens_013,monthly,model-specific
NMME,NCEP-CFSv2,dynamical,2026-07-01,2026-07,0,1.8902,0.7654,1.1248,ens_014,monthly,model-specific
NMME,NCEP-CFSv2,dynamical,2026-07-01,2026-08,1,2.7553,0.9094,1.8459,ens_014,monthly,model-specific
NMME,NCEP-CFSv2,dynamical,2026-07-01,2026-09,2,3.5382,1.0166,2.5217,ens_014,monthly,model-specific
NMME,NCEP-CFSv2,dynamical,2026-07-01,2026-10,3,3.8993,1.2965,2.6028,ens_014,monthly,model-specific
NMME,NCEP-CFSv2,dynamical,2026-07-01,2026-11,4,4.1997,1.1683,3.0314,ens_014,monthly,model-specific
NMME,NCEP-CFSv2,dynamical,2026-07-01,2026-12,5,3.6783,1.1457,2.5326,ens_014,monthly,model-specific
NMME,NCEP-CFSv2,dynamical,2026-07-01,2027-01,6,3.3489,1.2665,2.0824,ens_014,monthly,model-specific
NMME,NCEP-CFSv2,dynamical,2026-07-01,2027-02,7,2.3978,1.1906,1.2072,ens_014,monthly,model-specific
NMME,NCEP-CFSv2,dynamical,2026-07-01,2027-03,8,1.5905,1.1806,0.4099,ens_014,monthly,model-specific
NMME,NCEP-CFSv2,dynamical,2026-07-01,2026-07,0,1.9099,0.7319,1.178,ens_015,monthly,model-specific
NMME,NCEP-CFSv2,dynamical,2026-07-01,2026-08,1,2.9555,0.8079,2.1477,ens_015,monthly,model-specific
NMME,NCEP-CFSv2,dynamical,2026-07-01,2026-09,2,3.6606,1.0734,2.5872,ens_015,monthly,model-specific
NMME,NCEP-CFSv2,dynamical,2026-07-01,2026-10,3,4.0181,1.1269,2.8911,ens_015,monthly,model-specific
NMME,NCEP-CFSv2,dynamical,2026-07-01,2026-11,4,3.7852,1.2118,2.5734,ens_015,monthly,model-specific
NMME,NCEP-CFSv2,dynamical,2026-07-01,2026-12,5,3.5308,1.2575,2.2733,ens_015,monthly,model-specific
NMME,NCEP-CFSv2,dynamical,2026-07-01,2027-01,6,2.8711,1.3106,1.5605,ens_015,monthly,model-specific
NMME,NCEP-CFSv2,dynamical,2026-07-01,2027-02,7,2.263,1.3317,0.9312,ens_015,monthly,model-specific
NMME,NCEP-CFSv2,dynamical,2026-07-01,2027-03,8,2.1442,1.182,0.9623,ens_015,monthly,model-specific
NMME,NCEP-CFSv2,dynamical,2026-07-01,2026-07,0,1.9496,0.7096,1.24,ens_016,monthly,model-specific
NMME,NCEP-CFSv2,dynamical,2026-07-01,2026-08,1,2.7757,0.847,1.9287,ens_016,monthly,model-specific
NMME,NCEP-CFSv2,dynamical,2026-07-01,2026-09,2,3.4791,1.0441,2.4349,ens_016,monthly,model-specific
NMME,NCEP-CFSv2,dynamical,2026-07-01,2026-10,3,3.8748,1.1791,2.6958,ens_016,monthly,model-specific
NMME,NCEP-CFSv2,dynamical,2026-07-01,2026-11,4,4.0935,1.1912,2.9023,ens_016,monthly,model-specific
NMME,NCEP-CFSv2,dynamical,2026-07-01,2026-12,5,3.499,1.1728,2.3261,ens_016,monthly,model-specific
NMME,NCEP-CFSv2,dynamical,2026-07-01,2027-01,6,2.7932,1.244,1.5493,ens_016,monthly,model-specific
NMME,NCEP-CFSv2,dynamical,2026-07-01,2027-02,7,2.417,1.1909,1.2262,ens_016,monthly,model-specific
NMME,NCEP-CFSv2,dynamical,2026-07-01,2027-03,8,1.7132,1.096,0.6172,ens_016,monthly,model-specific
NMME,NCEP-CFSv2,dynamical,2026-07-01,2026-07,0,1.9257,0.7381,1.1877,ens_017,monthly,model-specific
NMME,NCEP-CFSv2,dynamical,2026-07-01,2026-08,1,2.8149,0.9627,1.8523,ens_017,monthly,model-specific
NMME,NCEP-CFSv2,dynamical,2026-07-01,2026-09,2,3.3639,1.0358,2.3281,ens_017,monthly,model-specific
NMME,NCEP-CFSv2,dynamical,2026-07-01,2026-10,3,3.6859,1.159,2.5269,ens_017,monthly,model-specific
NMME,NCEP-CFSv2,dynamical,2026-07-01,2026-11,4,4.063,1.1393,2.9237,ens_017,monthly,model-specific
NMME,NCEP-CFSv2,dynamical,2026-07-01,2026-12,5,3.8981,1.1715,2.7266,ens_017,monthly,model-specific
NMME,NCEP-CFSv2,dynamical,2026-07-01,2027-01,6,3.0692,1.1891,1.8801,ens_017,monthly,model-specific
NMME,NCEP-CFSv2,dynamical,2026-07-01,2027-02,7,2.1676,1.223,0.9446,ens_017,monthly,model-specific
NMME,NCEP-CFSv2,dynamical,2026-07-01,2027-03,8,1.5723,1.0681,0.5042,ens_017,monthly,model-specific
NMME,NCEP-CFSv2,dynamical,2026-07-01,2026-07,0,1.937,0.801,1.136,ens_018,monthly,model-specific
NMME,NCEP-CFSv2,dynamical,2026-07-01,2026-08,1,2.9388,0.9589,1.9799,ens_018,monthly,model-specific
NMME,NCEP-CFSv2,dynamical,2026-07-01,2026-09,2,3.6873,1.1647,2.5226,ens_018,monthly,model-specific
NMME,NCEP-CFSv2,dynamical,2026-07-01,2026-10,3,3.8771,1.0895,2.7876,ens_018,monthly,model-specific
NMME,NCEP-CFSv2,dynamical,2026-07-01,2026-11,4,3.9727,1.1553,2.8174,ens_018,monthly,model-specific
NMME,NCEP-CFSv2,dynamical,2026-07-01,2026-12,5,3.6316,1.265,2.3666,ens_018,monthly,model-specific
NMME,NCEP-CFSv2,dynamical,2026-07-01,2027-01,6,2.9722,1.2889,1.6833,ens_018,monthly,model-specific
NMME,NCEP-CFSv2,dynamical,2026-07-01,2027-02,7,2.5235,1.2957,1.2279,ens_018,monthly,model-specific
NMME,NCEP-CFSv2,dynamical,2026-07-01,2027-03,8,1.7078,1.2213,0.4865,ens_018,monthly,model-specific
NMME,NCEP-CFSv2,dynamical,2026-07-01,2026-07,0,1.9612,0.7656,1.1956,ens_019,monthly,model-specific
NMME,NCEP-CFSv2,dynamical,2026-07-01,2026-08,1,3.1163,0.9222,2.1941,ens_019,monthly,model-specific
NMME,NCEP-CFSv2,dynamical,2026-07-01,2026-09,2,3.8269,1.1203,2.7066,ens_019,monthly,model-specific
NMME,NCEP-CFSv2,dynamical,2026-07-01,2026-10,3,4.0595,1.1562,2.9033,ens_019,monthly,model-specific
NMME,NCEP-CFSv2,dynamical,2026-07-01,2026-11,4,4.1371,1.1309,3.0063,ens_019,monthly,model-specific
NMME,NCEP-CFSv2,dynamical,2026-07-01,2026-12,5,3.6558,1.2206,2.4352,ens_019,monthly,model-specific
NMME,NCEP-CFSv2,dynamical,2026-07-01,2027-01,6,3.0898,1.1134,1.9764,ens_019,monthly,model-specific
NMME,NCEP-CFSv2,dynamical,2026-07-01,2027-02,7,2.5682,1.2025,1.3657,ens_019,monthly,model-specific
NMME,NCEP-CFSv2,dynamical,2026-07-01,2027-03,8,1.5893,1.1858,0.4035,ens_019,monthly,model-specific
NMME,NCEP-CFSv2,dynamical,2026-07-01,2026-07,0,2.0106,0.7556,1.255,ens_020,monthly,model-specific
NMME,NCEP-CFSv2,dynamical,2026-07-01,2026-08,1,2.9273,0.9615,1.9658,ens_020,monthly,model-specific
NMME,NCEP-CFSv2,dynamical,2026-07-01,2026-09,2,3.7443,1.137,2.6073,ens_020,monthly,model-specific
NMME,NCEP-CFSv2,dynamical,2026-07-01,2026-10,3,3.9891,1.2356,2.7535,ens_020,monthly,model-specific
NMME,NCEP-CFSv2,dynamical,2026-07-01,2026-11,4,4.0153,1.3329,2.6823,ens_020,monthly,model-specific
NMME,NCEP-CFSv2,dynamical,2026-07-01,2026-12,5,4.099,1.2143,2.8847,ens_020,monthly,model-specific
NMME,NCEP-CFSv2,dynamical,2026-07-01,2027-01,6,3.3342,1.392,1.9422,ens_020,monthly,model-specific
NMME,NCEP-CFSv2,dynamical,2026-07-01,2027-02,7,2.4284,1.2215,1.2068,ens_020,monthly,model-specific
NMME,NCEP-CFSv2,dynamical,2026-07-01,2027-03,8,1.5881,1.2061,0.3821,ens_020,monthly,model-specific
NMME,NCEP-CFSv2,dynamical,2026-07-01,2026-07,0,1.962,0.7881,1.1739,ens_021,monthly,model-specific
NMME,NCEP-CFSv2,dynamical,2026-07-01,2026-08,1,2.9002,0.8923,2.0079,ens_021,monthly,model-specific
NMME,NCEP-CFSv2,dynamical,2026-07-01,2026-09,2,3.3438,1.103,2.2408,ens_021,monthly,model-specific
NMME,NCEP-CFSv2,dynamical,2026-07-01,2026-10,3,3.6428,1.1585,2.4842,ens_021,monthly,model-specific
NMME,NCEP-CFSv2,dynamical,2026-07-01,2026-11,4,3.9952,1.0806,2.9146,ens_021,monthly,model-specific
NMME,NCEP-CFSv2,dynamical,2026-07-01,2026-12,5,3.4571,1.2093,2.2478,ens_021,monthly,model-specific
NMME,NCEP-CFSv2,dynamical,2026-07-01,2027-01,6,2.81,1.1989,1.6111,ens_021,monthly,model-specific
NMME,NCEP-CFSv2,dynamical,2026-07-01,2027-02,7,2.6191,1.1103,1.5088,ens_021,monthly,model-specific
NMME,NCEP-CFSv2,dynamical,2026-07-01,2027-03,8,1.6888,1.0863,0.6025,ens_021,monthly,model-specific
NMME,NCEP-CFSv2,dynamical,2026-07-01,2026-07,0,2.0025,0.7354,1.267,ens_022,monthly,model-specific
NMME,NCEP-CFSv2,dynamical,2026-07-01,2026-08,1,3.0908,0.9148,2.176,ens_022,monthly,model-specific
NMME,NCEP-CFSv2,dynamical,2026-07-01,2026-09,2,3.5183,1.2006,2.3177,ens_022,monthly,model-specific
NMME,NCEP-CFSv2,dynamical,2026-07-01,2026-10,3,3.5183,1.2233,2.295,ens_022,monthly,model-specific
NMME,NCEP-CFSv2,dynamical,2026-07-01,2026-11,4,3.7313,1.2375,2.4939,ens_022,monthly,model-specific
NMME,NCEP-CFSv2,dynamical,2026-07-01,2026-12,5,3.665,1.2762,2.3888,ens_022,monthly,model-specific
NMME,NCEP-CFSv2,dynamical,2026-07-01,2027-01,6,2.9706,1.1871,1.7835,ens_022,monthly,model-specific
NMME,NCEP-CFSv2,dynamical,2026-07-01,2027-02,7,2.5162,1.2877,1.2286,ens_022,monthly,model-specific
NMME,NCEP-CFSv2,dynamical,2026-07-01,2027-03,8,2.0705,1.1897,0.8808,ens_022,monthly,model-specific
NMME,NCEP-CFSv2,dynamical,2026-07-01,2026-07,0,2.0081,0.7414,1.2666,ens_023,monthly,model-specific
NMME,NCEP-CFSv2,dynamical,2026-07-01,2026-08,1,3.1792,0.9539,2.2253,ens_023,monthly,model-specific
NMME,NCEP-CFSv2,dynamical,2026-07-01,2026-09,2,3.7197,1.1846,2.5351,ens_023,monthly,model-specific
NMME,NCEP-CFSv2,dynamical,2026-07-01,2026-10,3,4.0879,1.2508,2.8371,ens_023,monthly,model-specific
NMME,NCEP-CFSv2,dynamical,2026-07-01,2026-11,4,4.1944,1.3396,2.8548,ens_023,monthly,model-specific
NMME,NCEP-CFSv2,dynamical,2026-07-01,2026-12,5,4.3231,1.4026,2.9205,ens_023,monthly,model-specific
NMME,NCEP-CFSv2,dynamical,2026-07-01,2027-01,6,3.2578,1.5347,1.7231,ens_023,monthly,model-specific
NMME,NCEP-CFSv2,dynamical,2026-07-01,2027-02,7,2.4223,1.4354,0.9869,ens_023,monthly,model-specific
NMME,NCEP-CFSv2,dynamical,2026-07-01,2027-03,8,1.7371,1.415,0.3221,ens_023,monthly,model-specific
NMME,NCEP-CFSv2,dynamical,2026-07-01,2026-07,0,2.0114,0.7335,1.2779,ens_024,monthly,model-specific
NMME,NCEP-CFSv2,dynamical,2026-07-01,2026-08,1,2.7727,0.9305,1.8422,ens_024,monthly,model-specific
NMME,NCEP-CFSv2,dynamical,2026-07-01,2026-09,2,3.3534,1.055,2.2984,ens_024,monthly,model-specific
NMME,NCEP-CFSv2,dynamical,2026-07-01,2026-10,3,3.5782,1.1585,2.4197,ens_024,monthly,model-specific
NMME,NCEP-CFSv2,dynamical,2026-07-01,2026-11,4,3.7533,1.2311,2.5222,ens_024,monthly,model-specific
NMME,NCEP-CFSv2,dynamical,2026-07-01,2026-12,5,3.408,1.2518,2.1562,ens_024,monthly,model-specific
NMME,NCEP-CFSv2,dynamical,2026-07-01,2027-01,6,3.1856,1.2288,1.9568,ens_024,monthly,model-specific
NMME,NCEP-CFSv2,dynamical,2026-07-01,2027-02,7,2.7657,1.3819,1.3838,ens_024,monthly,model-specific
NMME,NCEP-CFSv2,dynamical,2026-07-01,2027-03,8,1.9451,1.2457,0.6994,ens_024,monthly,model-specific
NMME,NCEP-CFSv2,dynamical,2026-07-01,2026-07,0,1.9536,0.7303,1.2233,ens_025,monthly,model-specific
NMME,NCEP-CFSv2,dynamical,2026-07-01,2026-08,1,2.9652,0.8898,2.0754,ens_025,monthly,model-specific
NMME,NCEP-CFSv2,dynamical,2026-07-01,2026-09,2,3.5746,1.008,2.5666,ens_025,monthly,model-specific
NMME,NCEP-CFSv2,dynamical,2026-07-01,2026-10,3,3.9291,1.2585,2.6705,ens_025,monthly,model-specific
NMME,NCEP-CFSv2,dynamical,2026-07-01,2026-11,4,4.2924,1.2483,3.0441,ens_025,monthly,model-specific
NMME,NCEP-CFSv2,dynamical,2026-07-01,2026-12,5,3.5346,1.1683,2.3662,ens_025,monthly,model-specific
NMME,NCEP-CFSv2,dynamical,2026-07-01,2027-01,6,3.0327,1.2684,1.7643,ens_025,monthly,model-specific
NMME,NCEP-CFSv2,dynamical,2026-07-01,2027-02,7,2.9937,1.3036,1.6902,ens_025,monthly,model-specific
NMME,NCEP-CFSv2,dynamical,2026-07-01,2027-03,8,1.6296,1.2157,0.4138,ens_025,monthly,model-specific
NMME,NCEP-CFSv2,dynamical,2026-07-01,2026-07,0,2.0052,0.7641,1.241,ens_026,monthly,model-specific
NMME,NCEP-CFSv2,dynamical,2026-07-01,2026-08,1,2.9099,0.9542,1.9556,ens_026,monthly,model-specific
NMME,NCEP-CFSv2,dynamical,2026-07-01,2026-09,2,3.637,1.1096,2.5273,ens_026,monthly,model-specific
NMME,NCEP-CFSv2,dynamical,2026-07-01,2026-10,3,3.77,1.1573,2.6126,ens_026,monthly,model-specific
NMME,NCEP-CFSv2,dynamical,2026-07-01,2026-11,4,3.8139,1.2841,2.5297,ens_026,monthly,model-specific
NMME,NCEP-CFSv2,dynamical,2026-07-01,2026-12,5,3.7929,1.2829,2.5099,ens_026,monthly,model-specific
NMME,NCEP-CFSv2,dynamical,2026-07-01,2027-01,6,3.2405,1.3062,1.9344,ens_026,monthly,model-specific
NMME,NCEP-CFSv2,dynamical,2026-07-01,2027-02,7,2.6974,1.3125,1.3849,ens_026,monthly,model-specific
NMME,NCEP-CFSv2,dynamical,2026-07-01,2027-03,8,2.093,1.3239,0.7692,ens_026,monthly,model-specific
NMME,NCEP-CFSv2,dynamical,2026-07-01,2026-07,0,2.0215,0.7283,1.2932,ens_027,monthly,model-specific
NMME,NCEP-CFSv2,dynamical,2026-07-01,2026-08,1,2.9461,0.9645,1.9816,ens_027,monthly,model-specific
NMME,NCEP-CFSv2,dynamical,2026-07-01,2026-09,2,3.3266,1.0527,2.2739,ens_027,monthly,model-specific
NMME,NCEP-CFSv2,dynamical,2026-07-01,2026-10,3,3.7644,1.1181,2.6463,ens_027,monthly,model-specific
NMME,NCEP-CFSv2,dynamical,2026-07-01,2026-11,4,3.8577,1.2288,2.6289,ens_027,monthly,model-specific
NMME,NCEP-CFSv2,dynamical,2026-07-01,2026-12,5,3.9726,1.1778,2.7948,ens_027,monthly,model-specific
NMME,NCEP-CFSv2,dynamical,2026-07-01,2027-01,6,3.1443,1.4124,1.732,ens_027,monthly,model-specific
NMME,NCEP-CFSv2,dynamical,2026-07-01,2027-02,7,2.4216,1.2692,1.1524,ens_027,monthly,model-specific
NMME,NCEP-CFSv2,dynamical,2026-07-01,2027-03,8,1.7638,1.2202,0.5436,ens_027,monthly,model-specific
NMME,NCEP-CFSv2,dynamical,2026-07-01,2026-07,0,2.0176,0.7366,1.281,ens_028,monthly,model-specific
NMME,NCEP-CFSv2,dynamical,2026-07-01,2026-08,1,3.0369,0.9537,2.0832,ens_028,monthly,model-specific
NMME,NCEP-CFSv2,dynamical,2026-07-01,2026-09,2,3.7484,1.0842,2.6642,ens_028,monthly,model-specific
NMME,NCEP-CFSv2,dynamical,2026-07-01,2026-10,3,4.0698,1.1967,2.8732,ens_028,monthly,model-specific
NMME,NCEP-CFSv2,dynamical,2026-07-01,2026-11,4,4.1653,1.2827,2.8826,ens_028,monthly,model-specific
NMME,NCEP-CFSv2,dynamical,2026-07-01,2026-12,5,4.1425,1.3105,2.832,ens_028,monthly,model-specific
NMME,NCEP-CFSv2,dynamical,2026-07-01,2027-01,6,3.1012,1.4096,1.6917,ens_028,monthly,model-specific
NMME,NCEP-CFSv2,dynamical,2026-07-01,2027-02,7,2.6832,1.3331,1.35,ens_028,monthly,model-specific
NMME,NCEP-CFSv2,dynamical,2026-07-01,2027-03,8,1.8733,1.305,0.5683,ens_028,monthly,model-specific
NMME,NCEP-CFSv2,dynamical,2026-07-01,2026-07,0,2.0787,0.7751,1.3036,ens_029,monthly,model-specific
NMME,NCEP-CFSv2,dynamical,2026-07-01,2026-08,1,3.1345,1.0215,2.1129,ens_029,monthly,model-specific
NMME,NCEP-CFSv2,dynamical,2026-07-01,2026-09,2,3.914,1.1188,2.7952,ens_029,monthly,model-specific
NMME,NCEP-CFSv2,dynamical,2026-07-01,2026-10,3,4.0542,1.2224,2.8319,ens_029,monthly,model-specific
NMME,NCEP-CFSv2,dynamical,2026-07-01,2026-11,4,4.1173,1.246,2.8713,ens_029,monthly,model-specific
NMME,NCEP-CFSv2,dynamical,2026-07-01,2026-12,5,3.5359,1.3052,2.2307,ens_029,monthly,model-specific
NMME,NCEP-CFSv2,dynamical,2026-07-01,2027-01,6,3.1497,1.2511,1.8986,ens_029,monthly,model-specific
NMME,NCEP-CFSv2,dynamical,2026-07-01,2027-02,7,2.2932,1.3772,0.916,ens_029,monthly,model-specific
NMME,NCEP-CFSv2,dynamical,2026-07-01,2027-03,8,1.4405,1.0823,0.3582,ens_029,monthly,model-specific
NMME,NCEP-CFSv2,dynamical,2026-07-01,2026-07,0,2.006,0.8048,1.2011,ens_030,monthly,model-specific
NMME,NCEP-CFSv2,dynamical,2026-07-01,2026-08,1,2.9861,0.9387,2.0473,ens_030,monthly,model-specific
NMME,NCEP-CFSv2,dynamical,2026-07-01,2026-09,2,3.4661,1.0596,2.4065,ens_030,monthly,model-specific
NMME,NCEP-CFSv2,dynamical,2026-07-01,2026-10,3,3.8901,1.1155,2.7747,ens_030,monthly,model-specific
NMME,NCEP-CFSv2,dynamical,2026-07-01,2026-11,4,4.1637,1.2075,2.9563,ens_030,monthly,model-specific
NMME,NCEP-CFSv2,dynamical,2026-07-01,2026-12,5,3.9364,1.3051,2.6314,ens_030,monthly,model-specific
NMME,NCEP-CFSv2,dynamical,2026-07-01,2027-01,6,2.8181,1.4839,1.3342,ens_030,monthly,model-specific
NMME,NCEP-CFSv2,dynamical,2026-07-01,2027-02,7,2.5084,1.3993,1.1091,ens_030,monthly,model-specific
NMME,NCEP-CFSv2,dynamical,2026-07-01,2027-03,8,1.8491,1.2673,0.5818,ens_030,monthly,model-specific
NMME,NCEP-CFSv2,dynamical,2026-07-01,2026-07,0,2.0187,0.7979,1.2208,ens_031,monthly,model-specific
NMME,NCEP-CFSv2,dynamical,2026-07-01,2026-08,1,2.9644,1.0116,1.9527,ens_031,monthly,model-specific
NMME,NCEP-CFSv2,dynamical,2026-07-01,2026-09,2,3.5128,0.985,2.5278,ens_031,monthly,model-specific
NMME,NCEP-CFSv2,dynamical,2026-07-01,2026-10,3,3.8228,1.0373,2.7854,ens_031,monthly,model-specific
NMME,NCEP-CFSv2,dynamical,2026-07-01,2026-11,4,4.2089,1.0931,3.1159,ens_031,monthly,model-specific
NMME,NCEP-CFSv2,dynamical,2026-07-01,2026-12,5,4.0659,1.0921,2.9738,ens_031,monthly,model-specific
NMME,NCEP-CFSv2,dynamical,2026-07-01,2027-01,6,2.8018,1.2322,1.5696,ens_031,monthly,model-specific
NMME,NCEP-CFSv2,dynamical,2026-07-01,2027-02,7,2.293,1.139,1.154,ens_031,monthly,model-specific
NMME,NCEP-CFSv2,dynamical,2026-07-01,2027-03,8,1.6184,1.1308,0.4876,ens_031,monthly,model-specific
NMME,NCEP-CFSv2,dynamical,2026-07-01,2026-07,0,2.0656,0.7807,1.2849,ens_032,monthly,model-specific
NMME,NCEP-CFSv2,dynamical,2026-07-01,2026-08,1,2.9051,0.9515,1.9535,ens_032,monthly,model-specific
NMME,NCEP-CFSv2,dynamical,2026-07-01,2026-09,2,3.5218,1.0644,2.4575,ens_032,monthly,model-specific
NMME,NCEP-CFSv2,dynamical,2026-07-01,2026-10,3,3.9651,1.0644,2.9006,ens_032,monthly,model-specific
NMME,NCEP-CFSv2,dynamical,2026-07-01,2026-11,4,4.3235,1.2053,3.1183,ens_032,monthly,model-specific
NMME,NCEP-CFSv2,dynamical,2026-07-01,2026-12,5,3.7039,1.1256,2.5783,ens_032,monthly,model-specific
NMME,NCEP-CFSv2,dynamical,2026-07-01,2027-01,6,2.921,1.2302,1.6908,ens_032,monthly,model-specific
NMME,NCEP-CFSv2,dynamical,2026-07-01,2027-02,7,2.1922,1.196,0.9962,ens_032,monthly,model-specific
NMME,NCEP-CFSv2,dynamical,2026-07-01,2027-03,8,1.7828,1.0664,0.7164,ens_032,monthly,model-specific
NMME,NCEP-CFSv2,dynamical,2026-07-01,2026-07,0,1.9615,0.7644,1.197,mean,monthly,model-specific
NMME,NCEP-CFSv2,dynamical,2026-07-01,2026-08,1,2.9569,0.9312,2.0257,mean,monthly,model-specific
NMME,NCEP-CFSv2,dynamical,2026-07-01,2026-09,2,3.5808,1.0695,2.5113,mean,monthly,model-specific
NMME,NCEP-CFSv2,dynamical,2026-07-01,2026-10,3,3.8912,1.1413,2.7499,mean,monthly,model-specific
NMME,NCEP-CFSv2,dynamical,2026-07-01,2026-11,4,4.047,1.209,2.838,mean,monthly,model-specific
NMME,NCEP-CFSv2,dynamical,2026-07-01,2026-12,5,3.7017,1.2279,2.4737,mean,monthly,model-specific
NMME,NCEP-CFSv2,dynamical,2026-07-01,2027-01,6,2.9944,1.2567,1.7377,mean,monthly,model-specific
NMME,NCEP-CFSv2,dynamical,2026-07-01,2027-02,7,2.4186,1.2373,1.1813,mean,monthly,model-specific
NMME,NCEP-CFSv2,dynamical,2026-07-01,2027-03,8,1.702,1.162,0.5401,mean,monthly,model-specific
NMME,ECCC-CanESM5,dynamical,2026-07-01,2026-07,0,1.5649,0.6705,0.8944,ens_001,monthly,model-specific
NMME,ECCC-CanESM5,dynamical,2026-07-01,2026-08,1,1.8471,0.6954,1.1518,ens_001,monthly,model-specific
NMME,ECCC-CanESM5,dynamical,2026-07-01,2026-09,2,1.879,0.7835,1.0955,ens_001,monthly,model-specific
NMME,ECCC-CanESM5,dynamical,2026-07-01,2026-10,3,1.9851,0.9043,1.0808,ens_001,monthly,model-specific
NMME,ECCC-CanESM5,dynamical,2026-07-01,2026-11,4,2.2427,0.9625,1.2802,ens_001,monthly,model-specific
NMME,ECCC-CanESM5,dynamical,2026-07-01,2026-12,5,2.4863,0.9999,1.4864,ens_001,monthly,model-specific
NMME,ECCC-CanESM5,dynamical,2026-07-01,2027-01,6,2.289,1.0439,1.2451,ens_001,monthly,model-specific
NMME,ECCC-CanESM5,dynamical,2026-07-01,2027-02,7,2.1493,0.9877,1.1616,ens_001,monthly,model-specific
NMME,ECCC-CanESM5,dynamical,2026-07-01,2027-03,8,1.884,0.9888,0.8952,ens_001,monthly,model-specific
NMME,ECCC-CanESM5,dynamical,2026-07-01,2026-07,0,1.6309,0.6853,0.9456,ens_002,monthly,model-specific
NMME,ECCC-CanESM5,dynamical,2026-07-01,2026-08,1,1.9724,0.6818,1.2906,ens_002,monthly,model-specific
NMME,ECCC-CanESM5,dynamical,2026-07-01,2026-09,2,2.0815,0.7671,1.3144,ens_002,monthly,model-specific
NMME,ECCC-CanESM5,dynamical,2026-07-01,2026-10,3,2.0702,0.833,1.2371,ens_002,monthly,model-specific
NMME,ECCC-CanESM5,dynamical,2026-07-01,2026-11,4,2.272,0.9219,1.3502,ens_002,monthly,model-specific
NMME,ECCC-CanESM5,dynamical,2026-07-01,2026-12,5,2.4963,0.976,1.5203,ens_002,monthly,model-specific
NMME,ECCC-CanESM5,dynamical,2026-07-01,2027-01,6,2.5529,0.9868,1.5662,ens_002,monthly,model-specific
NMME,ECCC-CanESM5,dynamical,2026-07-01,2027-02,7,2.4477,0.9414,1.5063,ens_002,monthly,model-specific
NMME,ECCC-CanESM5,dynamical,2026-07-01,2027-03,8,1.7053,0.8232,0.8821,ens_002,monthly,model-specific
NMME,ECCC-CanESM5,dynamical,2026-07-01,2026-07,0,1.5859,0.6682,0.9177,ens_003,monthly,model-specific
NMME,ECCC-CanESM5,dynamical,2026-07-01,2026-08,1,1.9888,0.692,1.2968,ens_003,monthly,model-specific
NMME,ECCC-CanESM5,dynamical,2026-07-01,2026-09,2,1.9525,0.7388,1.2137,ens_003,monthly,model-specific
NMME,ECCC-CanESM5,dynamical,2026-07-01,2026-10,3,2.2082,0.8634,1.3448,ens_003,monthly,model-specific
NMME,ECCC-CanESM5,dynamical,2026-07-01,2026-11,4,2.7135,0.9887,1.7247,ens_003,monthly,model-specific
NMME,ECCC-CanESM5,dynamical,2026-07-01,2026-12,5,3.1126,1.0317,2.0809,ens_003,monthly,model-specific
NMME,ECCC-CanESM5,dynamical,2026-07-01,2027-01,6,2.8805,1.1217,1.7587,ens_003,monthly,model-specific
NMME,ECCC-CanESM5,dynamical,2026-07-01,2027-02,7,2.5865,1.114,1.4726,ens_003,monthly,model-specific
NMME,ECCC-CanESM5,dynamical,2026-07-01,2027-03,8,2.0317,1.0986,0.9331,ens_003,monthly,model-specific
NMME,ECCC-CanESM5,dynamical,2026-07-01,2026-07,0,1.5792,0.6634,0.9158,ens_004,monthly,model-specific
NMME,ECCC-CanESM5,dynamical,2026-07-01,2026-08,1,1.9538,0.6767,1.2771,ens_004,monthly,model-specific
NMME,ECCC-CanESM5,dynamical,2026-07-01,2026-09,2,2.0693,0.768,1.3013,ens_004,monthly,model-specific
NMME,ECCC-CanESM5,dynamical,2026-07-01,2026-10,3,2.3684,0.8643,1.5041,ens_004,monthly,model-specific
NMME,ECCC-CanESM5,dynamical,2026-07-01,2026-11,4,2.5844,0.953,1.6313,ens_004,monthly,model-specific
NMME,ECCC-CanESM5,dynamical,2026-07-01,2026-12,5,2.8469,1.0346,1.8122,ens_004,monthly,model-specific
NMME,ECCC-CanESM5,dynamical,2026-07-01,2027-01,6,2.4755,1.0243,1.4512,ens_004,monthly,model-specific
NMME,ECCC-CanESM5,dynamical,2026-07-01,2027-02,7,2.1592,0.944,1.2152,ens_004,monthly,model-specific
NMME,ECCC-CanESM5,dynamical,2026-07-01,2027-03,8,1.4615,0.8423,0.6192,ens_004,monthly,model-specific
NMME,ECCC-CanESM5,dynamical,2026-07-01,2026-07,0,1.6109,0.659,0.9519,ens_005,monthly,model-specific
NMME,ECCC-CanESM5,dynamical,2026-07-01,2026-08,1,1.8492,0.6832,1.1661,ens_005,monthly,model-specific
NMME,ECCC-CanESM5,dynamical,2026-07-01,2026-09,2,1.7978,0.7315,1.0663,ens_005,monthly,model-specific
NMME,ECCC-CanESM5,dynamical,2026-07-01,2026-10,3,1.8904,0.795,1.0953,ens_005,monthly,model-specific
NMME,ECCC-CanESM5,dynamical,2026-07-01,2026-11,4,2.0411,0.8397,1.2015,ens_005,monthly,model-specific
NMME,ECCC-CanESM5,dynamical,2026-07-01,2026-12,5,2.1768,0.9082,1.2686,ens_005,monthly,model-specific
NMME,ECCC-CanESM5,dynamical,2026-07-01,2027-01,6,2.3424,0.874,1.4684,ens_005,monthly,model-specific
NMME,ECCC-CanESM5,dynamical,2026-07-01,2027-02,7,2.1892,0.8433,1.3459,ens_005,monthly,model-specific
NMME,ECCC-CanESM5,dynamical,2026-07-01,2027-03,8,1.6,0.8572,0.7427,ens_005,monthly,model-specific
NMME,ECCC-CanESM5,dynamical,2026-07-01,2026-07,0,1.5988,0.6866,0.9122,ens_006,monthly,model-specific
NMME,ECCC-CanESM5,dynamical,2026-07-01,2026-08,1,2.0439,0.7089,1.335,ens_006,monthly,model-specific
NMME,ECCC-CanESM5,dynamical,2026-07-01,2026-09,2,2.1433,0.7589,1.3843,ens_006,monthly,model-specific
NMME,ECCC-CanESM5,dynamical,2026-07-01,2026-10,3,2.5488,0.8863,1.6625,ens_006,monthly,model-specific
NMME,ECCC-CanESM5,dynamical,2026-07-01,2026-11,4,3.0976,1.0085,2.0891,ens_006,monthly,model-specific
NMME,ECCC-CanESM5,dynamical,2026-07-01,2026-12,5,3.3196,1.0904,2.2293,ens_006,monthly,model-specific
NMME,ECCC-CanESM5,dynamical,2026-07-01,2027-01,6,2.8151,1.0943,1.7208,ens_006,monthly,model-specific
NMME,ECCC-CanESM5,dynamical,2026-07-01,2027-02,7,2.2811,1.0298,1.2513,ens_006,monthly,model-specific
NMME,ECCC-CanESM5,dynamical,2026-07-01,2027-03,8,1.9261,1.0189,0.9072,ens_006,monthly,model-specific
NMME,ECCC-CanESM5,dynamical,2026-07-01,2026-07,0,1.6238,0.6603,0.9635,ens_007,monthly,model-specific
NMME,ECCC-CanESM5,dynamical,2026-07-01,2026-08,1,1.9559,0.7066,1.2493,ens_007,monthly,model-specific
NMME,ECCC-CanESM5,dynamical,2026-07-01,2026-09,2,2.085,0.787,1.298,ens_007,monthly,model-specific
NMME,ECCC-CanESM5,dynamical,2026-07-01,2026-10,3,2.3612,0.9241,1.4371,ens_007,monthly,model-specific
NMME,ECCC-CanESM5,dynamical,2026-07-01,2026-11,4,2.665,1.0591,1.6059,ens_007,monthly,model-specific
NMME,ECCC-CanESM5,dynamical,2026-07-01,2026-12,5,3.0683,1.1433,1.925,ens_007,monthly,model-specific
NMME,ECCC-CanESM5,dynamical,2026-07-01,2027-01,6,3.0125,1.0948,1.9177,ens_007,monthly,model-specific
NMME,ECCC-CanESM5,dynamical,2026-07-01,2027-02,7,2.7235,1.039,1.6846,ens_007,monthly,model-specific
NMME,ECCC-CanESM5,dynamical,2026-07-01,2027-03,8,1.9152,0.9868,0.9284,ens_007,monthly,model-specific
NMME,ECCC-CanESM5,dynamical,2026-07-01,2026-07,0,1.6074,0.6621,0.9453,ens_008,monthly,model-specific
NMME,ECCC-CanESM5,dynamical,2026-07-01,2026-08,1,1.8491,0.6977,1.1514,ens_008,monthly,model-specific
NMME,ECCC-CanESM5,dynamical,2026-07-01,2026-09,2,1.867,0.7783,1.0887,ens_008,monthly,model-specific
NMME,ECCC-CanESM5,dynamical,2026-07-01,2026-10,3,1.8447,0.8728,0.9719,ens_008,monthly,model-specific
NMME,ECCC-CanESM5,dynamical,2026-07-01,2026-11,4,2.333,0.9629,1.3701,ens_008,monthly,model-specific
NMME,ECCC-CanESM5,dynamical,2026-07-01,2026-12,5,2.5938,0.9899,1.6039,ens_008,monthly,model-specific
NMME,ECCC-CanESM5,dynamical,2026-07-01,2027-01,6,2.6366,0.9899,1.6467,ens_008,monthly,model-specific
NMME,ECCC-CanESM5,dynamical,2026-07-01,2027-02,7,2.3393,0.8716,1.4678,ens_008,monthly,model-specific
NMME,ECCC-CanESM5,dynamical,2026-07-01,2027-03,8,1.7782,0.9424,0.8358,ens_008,monthly,model-specific
NMME,ECCC-CanESM5,dynamical,2026-07-01,2026-07,0,1.568,0.6675,0.9005,ens_009,monthly,model-specific
NMME,ECCC-CanESM5,dynamical,2026-07-01,2026-08,1,1.7809,0.6498,1.131,ens_009,monthly,model-specific
NMME,ECCC-CanESM5,dynamical,2026-07-01,2026-09,2,1.8177,0.7053,1.1124,ens_009,monthly,model-specific
NMME,ECCC-CanESM5,dynamical,2026-07-01,2026-10,3,1.7325,0.8504,0.8821,ens_009,monthly,model-specific
NMME,ECCC-CanESM5,dynamical,2026-07-01,2026-11,4,2.0073,0.9326,1.0748,ens_009,monthly,model-specific
NMME,ECCC-CanESM5,dynamical,2026-07-01,2026-12,5,2.2228,1.0103,1.2125,ens_009,monthly,model-specific
NMME,ECCC-CanESM5,dynamical,2026-07-01,2027-01,6,2.2942,1.0144,1.2798,ens_009,monthly,model-specific
NMME,ECCC-CanESM5,dynamical,2026-07-01,2027-02,7,1.8047,0.9735,0.8312,ens_009,monthly,model-specific
NMME,ECCC-CanESM5,dynamical,2026-07-01,2027-03,8,1.1626,0.9557,0.207,ens_009,monthly,model-specific
NMME,ECCC-CanESM5,dynamical,2026-07-01,2026-07,0,1.5911,0.6703,0.9209,ens_010,monthly,model-specific
NMME,ECCC-CanESM5,dynamical,2026-07-01,2026-08,1,1.9255,0.7022,1.2233,ens_010,monthly,model-specific
NMME,ECCC-CanESM5,dynamical,2026-07-01,2026-09,2,2.0321,0.7881,1.2439,ens_010,monthly,model-specific
NMME,ECCC-CanESM5,dynamical,2026-07-01,2026-10,3,2.2126,0.8862,1.3265,ens_010,monthly,model-specific
NMME,ECCC-CanESM5,dynamical,2026-07-01,2026-11,4,2.756,1.0447,1.7113,ens_010,monthly,model-specific
NMME,ECCC-CanESM5,dynamical,2026-07-01,2026-12,5,2.8593,1.0726,1.7867,ens_010,monthly,model-specific
NMME,ECCC-CanESM5,dynamical,2026-07-01,2027-01,6,2.676,1.1384,1.5376,ens_010,monthly,model-specific
NMME,ECCC-CanESM5,dynamical,2026-07-01,2027-02,7,2.2859,1.1272,1.1586,ens_010,monthly,model-specific
NMME,ECCC-CanESM5,dynamical,2026-07-01,2027-03,8,1.7774,1.1024,0.675,ens_010,monthly,model-specific
NMME,ECCC-CanESM5,dynamical,2026-07-01,2026-07,0,1.4854,0.6586,0.8268,ens_011,monthly,model-specific
NMME,ECCC-CanESM5,dynamical,2026-07-01,2026-08,1,1.5535,0.6202,0.9333,ens_011,monthly,model-specific
NMME,ECCC-CanESM5,dynamical,2026-07-01,2026-09,2,1.6036,0.6803,0.9233,ens_011,monthly,model-specific
NMME,ECCC-CanESM5,dynamical,2026-07-01,2026-10,3,1.8585,0.7944,1.0641,ens_011,monthly,model-specific
NMME,ECCC-CanESM5,dynamical,2026-07-01,2026-11,4,2.1187,0.8375,1.2812,ens_011,monthly,model-specific
NMME,ECCC-CanESM5,dynamical,2026-07-01,2026-12,5,2.6344,0.9505,1.6839,ens_011,monthly,model-specific
NMME,ECCC-CanESM5,dynamical,2026-07-01,2027-01,6,2.6977,1.0146,1.6831,ens_011,monthly,model-specific
NMME,ECCC-CanESM5,dynamical,2026-07-01,2027-02,7,2.2704,1.0287,1.2417,ens_011,monthly,model-specific
NMME,ECCC-CanESM5,dynamical,2026-07-01,2027-03,8,1.7854,0.9318,0.8536,ens_011,monthly,model-specific
NMME,ECCC-CanESM5,dynamical,2026-07-01,2026-07,0,1.4687,0.6745,0.7942,ens_012,monthly,model-specific
NMME,ECCC-CanESM5,dynamical,2026-07-01,2026-08,1,1.5761,0.6563,0.9198,ens_012,monthly,model-specific
NMME,ECCC-CanESM5,dynamical,2026-07-01,2026-09,2,1.5106,0.6848,0.8259,ens_012,monthly,model-specific
NMME,ECCC-CanESM5,dynamical,2026-07-01,2026-10,3,1.4509,0.7721,0.6788,ens_012,monthly,model-specific
NMME,ECCC-CanESM5,dynamical,2026-07-01,2026-11,4,1.654,0.8572,0.7968,ens_012,monthly,model-specific
NMME,ECCC-CanESM5,dynamical,2026-07-01,2026-12,5,1.9124,0.91,1.0023,ens_012,monthly,model-specific
NMME,ECCC-CanESM5,dynamical,2026-07-01,2027-01,6,1.9363,0.9409,0.9954,ens_012,monthly,model-specific
NMME,ECCC-CanESM5,dynamical,2026-07-01,2027-02,7,1.9369,0.9495,0.9874,ens_012,monthly,model-specific
NMME,ECCC-CanESM5,dynamical,2026-07-01,2027-03,8,1.6152,0.9688,0.6464,ens_012,monthly,model-specific
NMME,ECCC-CanESM5,dynamical,2026-07-01,2026-07,0,1.5276,0.6915,0.8361,ens_013,monthly,model-specific
NMME,ECCC-CanESM5,dynamical,2026-07-01,2026-08,1,1.6003,0.6495,0.9509,ens_013,monthly,model-specific
NMME,ECCC-CanESM5,dynamical,2026-07-01,2026-09,2,1.6062,0.7413,0.8649,ens_013,monthly,model-specific
NMME,ECCC-CanESM5,dynamical,2026-07-01,2026-10,3,1.4946,0.8046,0.69,ens_013,monthly,model-specific
NMME,ECCC-CanESM5,dynamical,2026-07-01,2026-11,4,1.7135,0.8616,0.8519,ens_013,monthly,model-specific
NMME,ECCC-CanESM5,dynamical,2026-07-01,2026-12,5,1.9311,0.869,1.0622,ens_013,monthly,model-specific
NMME,ECCC-CanESM5,dynamical,2026-07-01,2027-01,6,1.9931,0.8745,1.1185,ens_013,monthly,model-specific
NMME,ECCC-CanESM5,dynamical,2026-07-01,2027-02,7,2.0552,0.8651,1.1901,ens_013,monthly,model-specific
NMME,ECCC-CanESM5,dynamical,2026-07-01,2027-03,8,1.7532,0.9645,0.7888,ens_013,monthly,model-specific
NMME,ECCC-CanESM5,dynamical,2026-07-01,2026-07,0,1.3867,0.6419,0.7448,ens_014,monthly,model-specific
NMME,ECCC-CanESM5,dynamical,2026-07-01,2026-08,1,1.5635,0.6454,0.9181,ens_014,monthly,model-specific
NMME,ECCC-CanESM5,dynamical,2026-07-01,2026-09,2,1.7419,0.721,1.0209,ens_014,monthly,model-specific
NMME,ECCC-CanESM5,dynamical,2026-07-01,2026-10,3,1.8901,0.8131,1.077,ens_014,monthly,model-specific
NMME,ECCC-CanESM5,dynamical,2026-07-01,2026-11,4,2.2473,0.9126,1.3348,ens_014,monthly,model-specific
NMME,ECCC-CanESM5,dynamical,2026-07-01,2026-12,5,2.4218,1.0023,1.4195,ens_014,monthly,model-specific
NMME,ECCC-CanESM5,dynamical,2026-07-01,2027-01,6,2.5071,0.971,1.5361,ens_014,monthly,model-specific
NMME,ECCC-CanESM5,dynamical,2026-07-01,2027-02,7,2.2819,0.9352,1.3467,ens_014,monthly,model-specific
NMME,ECCC-CanESM5,dynamical,2026-07-01,2027-03,8,1.7773,0.9068,0.8705,ens_014,monthly,model-specific
NMME,ECCC-CanESM5,dynamical,2026-07-01,2026-07,0,1.5159,0.6658,0.8501,ens_015,monthly,model-specific
NMME,ECCC-CanESM5,dynamical,2026-07-01,2026-08,1,1.7841,0.6881,1.096,ens_015,monthly,model-specific
NMME,ECCC-CanESM5,dynamical,2026-07-01,2026-09,2,1.8766,0.7607,1.1159,ens_015,monthly,model-specific
NMME,ECCC-CanESM5,dynamical,2026-07-01,2026-10,3,1.9589,0.8414,1.1174,ens_015,monthly,model-specific
NMME,ECCC-CanESM5,dynamical,2026-07-01,2026-11,4,2.3312,0.9368,1.3943,ens_015,monthly,model-specific
NMME,ECCC-CanESM5,dynamical,2026-07-01,2026-12,5,2.7804,1.0534,1.727,ens_015,monthly,model-specific
NMME,ECCC-CanESM5,dynamical,2026-07-01,2027-01,6,2.8619,1.0489,1.813,ens_015,monthly,model-specific
NMME,ECCC-CanESM5,dynamical,2026-07-01,2027-02,7,2.596,1.064,1.5319,ens_015,monthly,model-specific
NMME,ECCC-CanESM5,dynamical,2026-07-01,2027-03,8,2.2903,1.1244,1.1659,ens_015,monthly,model-specific
NMME,ECCC-CanESM5,dynamical,2026-07-01,2026-07,0,1.5239,0.6859,0.838,ens_016,monthly,model-specific
NMME,ECCC-CanESM5,dynamical,2026-07-01,2026-08,1,1.7415,0.6614,1.0801,ens_016,monthly,model-specific
NMME,ECCC-CanESM5,dynamical,2026-07-01,2026-09,2,1.8676,0.7428,1.1248,ens_016,monthly,model-specific
NMME,ECCC-CanESM5,dynamical,2026-07-01,2026-10,3,2.0671,0.8966,1.1705,ens_016,monthly,model-specific
NMME,ECCC-CanESM5,dynamical,2026-07-01,2026-11,4,2.4912,0.9712,1.52,ens_016,monthly,model-specific
NMME,ECCC-CanESM5,dynamical,2026-07-01,2026-12,5,2.4148,0.9787,1.4361,ens_016,monthly,model-specific
NMME,ECCC-CanESM5,dynamical,2026-07-01,2027-01,6,2.4021,1.0264,1.3757,ens_016,monthly,model-specific
NMME,ECCC-CanESM5,dynamical,2026-07-01,2027-02,7,2.1735,1.0984,1.0751,ens_016,monthly,model-specific
NMME,ECCC-CanESM5,dynamical,2026-07-01,2027-03,8,1.5558,0.9913,0.5645,ens_016,monthly,model-specific
NMME,ECCC-CanESM5,dynamical,2026-07-01,2026-07,0,1.5422,0.6648,0.8774,ens_017,monthly,model-specific
NMME,ECCC-CanESM5,dynamical,2026-07-01,2026-08,1,1.8216,0.6343,1.1873,ens_017,monthly,model-specific
NMME,ECCC-CanESM5,dynamical,2026-07-01,2026-09,2,1.7441,0.6847,1.0594,ens_017,monthly,model-specific
NMME,ECCC-CanESM5,dynamical,2026-07-01,2026-10,3,1.7026,0.8058,0.8968,ens_017,monthly,model-specific
NMME,ECCC-CanESM5,dynamical,2026-07-01,2026-11,4,2.1718,0.9259,1.2459,ens_017,monthly,model-specific
NMME,ECCC-CanESM5,dynamical,2026-07-01,2026-12,5,2.396,0.9556,1.4404,ens_017,monthly,model-specific
NMME,ECCC-CanESM5,dynamical,2026-07-01,2027-01,6,2.3301,0.9963,1.3338,ens_017,monthly,model-specific
NMME,ECCC-CanESM5,dynamical,2026-07-01,2027-02,7,2.268,0.9707,1.2973,ens_017,monthly,model-specific
NMME,ECCC-CanESM5,dynamical,2026-07-01,2027-03,8,1.7205,0.9163,0.8043,ens_017,monthly,model-specific
NMME,ECCC-CanESM5,dynamical,2026-07-01,2026-07,0,1.5404,0.6496,0.8908,ens_018,monthly,model-specific
NMME,ECCC-CanESM5,dynamical,2026-07-01,2026-08,1,1.8413,0.5932,1.248,ens_018,monthly,model-specific
NMME,ECCC-CanESM5,dynamical,2026-07-01,2026-09,2,2.0218,0.6972,1.3247,ens_018,monthly,model-specific
NMME,ECCC-CanESM5,dynamical,2026-07-01,2026-10,3,2.3539,0.8131,1.5408,ens_018,monthly,model-specific
NMME,ECCC-CanESM5,dynamical,2026-07-01,2026-11,4,2.92,0.9271,1.993,ens_018,monthly,model-specific
NMME,ECCC-CanESM5,dynamical,2026-07-01,2026-12,5,3.0269,1.0274,1.9995,ens_018,monthly,model-specific
NMME,ECCC-CanESM5,dynamical,2026-07-01,2027-01,6,2.838,1.1074,1.7306,ens_018,monthly,model-specific
NMME,ECCC-CanESM5,dynamical,2026-07-01,2027-02,7,2.5953,1.155,1.4402,ens_018,monthly,model-specific
NMME,ECCC-CanESM5,dynamical,2026-07-01,2027-03,8,2.0683,1.1578,0.9105,ens_018,monthly,model-specific
NMME,ECCC-CanESM5,dynamical,2026-07-01,2026-07,0,1.4759,0.6709,0.805,ens_019,monthly,model-specific
NMME,ECCC-CanESM5,dynamical,2026-07-01,2026-08,1,1.6524,0.6829,0.9694,ens_019,monthly,model-specific
NMME,ECCC-CanESM5,dynamical,2026-07-01,2026-09,2,1.7132,0.7314,0.9818,ens_019,monthly,model-specific
NMME,ECCC-CanESM5,dynamical,2026-07-01,2026-10,3,1.8598,0.8171,1.0427,ens_019,monthly,model-specific
NMME,ECCC-CanESM5,dynamical,2026-07-01,2026-11,4,2.4117,0.9165,1.4952,ens_019,monthly,model-specific
NMME,ECCC-CanESM5,dynamical,2026-07-01,2026-12,5,2.7152,1.0566,1.6585,ens_019,monthly,model-specific
NMME,ECCC-CanESM5,dynamical,2026-07-01,2027-01,6,2.6054,1.0439,1.5616,ens_019,monthly,model-specific
NMME,ECCC-CanESM5,dynamical,2026-07-01,2027-02,7,2.3956,1.0131,1.3825,ens_019,monthly,model-specific
NMME,ECCC-CanESM5,dynamical,2026-07-01,2027-03,8,2.0083,0.9939,1.0145,ens_019,monthly,model-specific
NMME,ECCC-CanESM5,dynamical,2026-07-01,2026-07,0,1.4258,0.6701,0.7557,ens_020,monthly,model-specific
NMME,ECCC-CanESM5,dynamical,2026-07-01,2026-08,1,1.5725,0.637,0.9355,ens_020,monthly,model-specific
NMME,ECCC-CanESM5,dynamical,2026-07-01,2026-09,2,1.6432,0.7274,0.9159,ens_020,monthly,model-specific
NMME,ECCC-CanESM5,dynamical,2026-07-01,2026-10,3,1.7655,0.8588,0.9067,ens_020,monthly,model-specific
NMME,ECCC-CanESM5,dynamical,2026-07-01,2026-11,4,2.2888,0.927,1.3617,ens_020,monthly,model-specific
NMME,ECCC-CanESM5,dynamical,2026-07-01,2026-12,5,2.775,1.062,1.713,ens_020,monthly,model-specific
NMME,ECCC-CanESM5,dynamical,2026-07-01,2027-01,6,2.8038,1.1488,1.655,ens_020,monthly,model-specific
NMME,ECCC-CanESM5,dynamical,2026-07-01,2027-02,7,2.461,1.1797,1.2813,ens_020,monthly,model-specific
NMME,ECCC-CanESM5,dynamical,2026-07-01,2027-03,8,1.8525,1.1472,0.7053,ens_020,monthly,model-specific
NMME,ECCC-CanESM5,dynamical,2026-07-01,2026-07,0,1.5427,0.6683,0.8743,mean,monthly,model-specific
NMME,ECCC-CanESM5,dynamical,2026-07-01,2026-08,1,1.7937,0.6681,1.1255,mean,monthly,model-specific
NMME,ECCC-CanESM5,dynamical,2026-07-01,2026-09,2,1.8527,0.7389,1.1138,mean,monthly,model-specific
NMME,ECCC-CanESM5,dynamical,2026-07-01,2026-10,3,1.9812,0.8448,1.1364,mean,monthly,model-specific
NMME,ECCC-CanESM5,dynamical,2026-07-01,2026-11,4,2.353,0.9374,1.4157,mean,monthly,model-specific
NMME,ECCC-CanESM5,dynamical,2026-07-01,2026-12,5,2.6095,1.0061,1.6034,mean,monthly,model-specific
NMME,ECCC-CanESM5,dynamical,2026-07-01,2027-01,6,2.5475,1.0278,1.5198,mean,monthly,model-specific
NMME,ECCC-CanESM5,dynamical,2026-07-01,2027-02,7,2.3,1.0065,1.2935,mean,monthly,model-specific
NMME,ECCC-CanESM5,dynamical,2026-07-01,2027-03,8,1.7834,0.986,0.7975,mean,monthly,model-specific
NMME,ECCC-GEM5.2-NEMO,dynamical,2026-07-01,2026-07,0,2.466,0.5385,1.9275,ens_001,monthly,model-specific
NMME,ECCC-GEM5.2-NEMO,dynamical,2026-07-01,2026-08,1,3.5787,0.6675,2.9112,ens_001,monthly,model-specific
NMME,ECCC-GEM5.2-NEMO,dynamical,2026-07-01,2026-09,2,3.7636,0.7724,2.9912,ens_001,monthly,model-specific
NMME,ECCC-GEM5.2-NEMO,dynamical,2026-07-01,2026-10,3,3.6956,0.8004,2.8952,ens_001,monthly,model-specific
NMME,ECCC-GEM5.2-NEMO,dynamical,2026-07-01,2026-11,4,3.6657,0.7744,2.8913,ens_001,monthly,model-specific
NMME,ECCC-GEM5.2-NEMO,dynamical,2026-07-01,2026-12,5,3.467,0.7995,2.6675,ens_001,monthly,model-specific
NMME,ECCC-GEM5.2-NEMO,dynamical,2026-07-01,2027-01,6,3.2464,0.8055,2.4409,ens_001,monthly,model-specific
NMME,ECCC-GEM5.2-NEMO,dynamical,2026-07-01,2027-02,7,3.0536,0.8303,2.2234,ens_001,monthly,model-specific
NMME,ECCC-GEM5.2-NEMO,dynamical,2026-07-01,2027-03,8,2.4243,0.7696,1.6546,ens_001,monthly,model-specific
NMME,ECCC-GEM5.2-NEMO,dynamical,2026-07-01,2026-07,0,2.4266,0.5346,1.892,ens_002,monthly,model-specific
NMME,ECCC-GEM5.2-NEMO,dynamical,2026-07-01,2026-08,1,3.339,0.6701,2.669,ens_002,monthly,model-specific
NMME,ECCC-GEM5.2-NEMO,dynamical,2026-07-01,2026-09,2,3.4036,0.6675,2.7361,ens_002,monthly,model-specific
NMME,ECCC-GEM5.2-NEMO,dynamical,2026-07-01,2026-10,3,3.2483,0.7116,2.5367,ens_002,monthly,model-specific
NMME,ECCC-GEM5.2-NEMO,dynamical,2026-07-01,2026-11,4,3.3181,0.6651,2.653,ens_002,monthly,model-specific
NMME,ECCC-GEM5.2-NEMO,dynamical,2026-07-01,2026-12,5,3.2603,0.637,2.6233,ens_002,monthly,model-specific
NMME,ECCC-GEM5.2-NEMO,dynamical,2026-07-01,2027-01,6,3.1342,0.6559,2.4783,ens_002,monthly,model-specific
NMME,ECCC-GEM5.2-NEMO,dynamical,2026-07-01,2027-02,7,2.8248,0.6341,2.1907,ens_002,monthly,model-specific
NMME,ECCC-GEM5.2-NEMO,dynamical,2026-07-01,2027-03,8,2.0866,0.5882,1.4983,ens_002,monthly,model-specific
NMME,ECCC-GEM5.2-NEMO,dynamical,2026-07-01,2026-07,0,2.4762,0.5568,1.9194,ens_003,monthly,model-specific
NMME,ECCC-GEM5.2-NEMO,dynamical,2026-07-01,2026-08,1,3.5193,0.6581,2.8612,ens_003,monthly,model-specific
NMME,ECCC-GEM5.2-NEMO,dynamical,2026-07-01,2026-09,2,3.691,0.7047,2.9863,ens_003,monthly,model-specific
NMME,ECCC-GEM5.2-NEMO,dynamical,2026-07-01,2026-10,3,3.9083,0.7894,3.1188,ens_003,monthly,model-specific
NMME,ECCC-GEM5.2-NEMO,dynamical,2026-07-01,2026-11,4,3.882,0.835,3.0471,ens_003,monthly,model-specific
NMME,ECCC-GEM5.2-NEMO,dynamical,2026-07-01,2026-12,5,3.8118,0.8068,3.005,ens_003,monthly,model-specific
NMME,ECCC-GEM5.2-NEMO,dynamical,2026-07-01,2027-01,6,3.5468,0.8082,2.7385,ens_003,monthly,model-specific
NMME,ECCC-GEM5.2-NEMO,dynamical,2026-07-01,2027-02,7,3.0978,0.8063,2.2915,ens_003,monthly,model-specific
NMME,ECCC-GEM5.2-NEMO,dynamical,2026-07-01,2027-03,8,2.2757,0.6996,1.5761,ens_003,monthly,model-specific
NMME,ECCC-GEM5.2-NEMO,dynamical,2026-07-01,2026-07,0,2.4177,0.5295,1.8882,ens_004,monthly,model-specific
NMME,ECCC-GEM5.2-NEMO,dynamical,2026-07-01,2026-08,1,3.4188,0.6514,2.7674,ens_004,monthly,model-specific
NMME,ECCC-GEM5.2-NEMO,dynamical,2026-07-01,2026-09,2,3.6512,0.7325,2.9187,ens_004,monthly,model-specific
NMME,ECCC-GEM5.2-NEMO,dynamical,2026-07-01,2026-10,3,3.695,0.7684,2.9267,ens_004,monthly,model-specific
NMME,ECCC-GEM5.2-NEMO,dynamical,2026-07-01,2026-11,4,3.834,0.7903,3.0437,ens_004,monthly,model-specific
NMME,ECCC-GEM5.2-NEMO,dynamical,2026-07-01,2026-12,5,3.8933,0.8026,3.0908,ens_004,monthly,model-specific
NMME,ECCC-GEM5.2-NEMO,dynamical,2026-07-01,2027-01,6,3.7993,0.7775,3.0217,ens_004,monthly,model-specific
NMME,ECCC-GEM5.2-NEMO,dynamical,2026-07-01,2027-02,7,3.3398,0.752,2.5878,ens_004,monthly,model-specific
NMME,ECCC-GEM5.2-NEMO,dynamical,2026-07-01,2027-03,8,3.0451,0.7684,2.2766,ens_004,monthly,model-specific
NMME,ECCC-GEM5.2-NEMO,dynamical,2026-07-01,2026-07,0,2.4263,0.5312,1.895,ens_005,monthly,model-specific
NMME,ECCC-GEM5.2-NEMO,dynamical,2026-07-01,2026-08,1,3.4905,0.688,2.8025,ens_005,monthly,model-specific
NMME,ECCC-GEM5.2-NEMO,dynamical,2026-07-01,2026-09,2,3.7123,0.7854,2.9268,ens_005,monthly,model-specific
NMME,ECCC-GEM5.2-NEMO,dynamical,2026-07-01,2026-10,3,3.8895,0.8338,3.0556,ens_005,monthly,model-specific
NMME,ECCC-GEM5.2-NEMO,dynamical,2026-07-01,2026-11,4,3.9776,0.8621,3.1154,ens_005,monthly,model-specific
NMME,ECCC-GEM5.2-NEMO,dynamical,2026-07-01,2026-12,5,3.9155,0.8548,3.0606,ens_005,monthly,model-specific
NMME,ECCC-GEM5.2-NEMO,dynamical,2026-07-01,2027-01,6,3.5752,0.8439,2.7313,ens_005,monthly,model-specific
NMME,ECCC-GEM5.2-NEMO,dynamical,2026-07-01,2027-02,7,3.2796,0.7933,2.4863,ens_005,monthly,model-specific
NMME,ECCC-GEM5.2-NEMO,dynamical,2026-07-01,2027-03,8,3.0515,0.7074,2.3441,ens_005,monthly,model-specific
NMME,ECCC-GEM5.2-NEMO,dynamical,2026-07-01,2026-07,0,2.475,0.5455,1.9295,ens_006,monthly,model-specific
NMME,ECCC-GEM5.2-NEMO,dynamical,2026-07-01,2026-08,1,3.3453,0.6733,2.672,ens_006,monthly,model-specific
NMME,ECCC-GEM5.2-NEMO,dynamical,2026-07-01,2026-09,2,3.3803,0.7578,2.6225,ens_006,monthly,model-specific
NMME,ECCC-GEM5.2-NEMO,dynamical,2026-07-01,2026-10,3,3.4102,0.7949,2.6154,ens_006,monthly,model-specific
NMME,ECCC-GEM5.2-NEMO,dynamical,2026-07-01,2026-11,4,3.3612,0.8061,2.5551,ens_006,monthly,model-specific
NMME,ECCC-GEM5.2-NEMO,dynamical,2026-07-01,2026-12,5,3.4665,0.7968,2.6697,ens_006,monthly,model-specific
NMME,ECCC-GEM5.2-NEMO,dynamical,2026-07-01,2027-01,6,3.3818,0.7489,2.633,ens_006,monthly,model-specific
NMME,ECCC-GEM5.2-NEMO,dynamical,2026-07-01,2027-02,7,2.9559,0.7372,2.2187,ens_006,monthly,model-specific
NMME,ECCC-GEM5.2-NEMO,dynamical,2026-07-01,2027-03,8,2.5667,0.6869,1.8798,ens_006,monthly,model-specific
NMME,ECCC-GEM5.2-NEMO,dynamical,2026-07-01,2026-07,0,2.4543,0.5326,1.9217,ens_007,monthly,model-specific
NMME,ECCC-GEM5.2-NEMO,dynamical,2026-07-01,2026-08,1,3.4957,0.6605,2.8353,ens_007,monthly,model-specific
NMME,ECCC-GEM5.2-NEMO,dynamical,2026-07-01,2026-09,2,3.6382,0.7234,2.9148,ens_007,monthly,model-specific
NMME,ECCC-GEM5.2-NEMO,dynamical,2026-07-01,2026-10,3,3.7035,0.7292,2.9743,ens_007,monthly,model-specific
NMME,ECCC-GEM5.2-NEMO,dynamical,2026-07-01,2026-11,4,3.8002,0.8167,2.9835,ens_007,monthly,model-specific
NMME,ECCC-GEM5.2-NEMO,dynamical,2026-07-01,2026-12,5,3.8313,0.8163,3.015,ens_007,monthly,model-specific
NMME,ECCC-GEM5.2-NEMO,dynamical,2026-07-01,2027-01,6,3.7381,0.8195,2.9186,ens_007,monthly,model-specific
NMME,ECCC-GEM5.2-NEMO,dynamical,2026-07-01,2027-02,7,3.2794,0.8008,2.4785,ens_007,monthly,model-specific
NMME,ECCC-GEM5.2-NEMO,dynamical,2026-07-01,2027-03,8,2.8978,0.788,2.1099,ens_007,monthly,model-specific
NMME,ECCC-GEM5.2-NEMO,dynamical,2026-07-01,2026-07,0,2.4588,0.5457,1.913,ens_008,monthly,model-specific
NMME,ECCC-GEM5.2-NEMO,dynamical,2026-07-01,2026-08,1,3.4609,0.6583,2.8026,ens_008,monthly,model-specific
NMME,ECCC-GEM5.2-NEMO,dynamical,2026-07-01,2026-09,2,3.5677,0.729,2.8387,ens_008,monthly,model-specific
NMME,ECCC-GEM5.2-NEMO,dynamical,2026-07-01,2026-10,3,3.8599,0.8394,3.0205,ens_008,monthly,model-specific
NMME,ECCC-GEM5.2-NEMO,dynamical,2026-07-01,2026-11,4,3.9789,0.8697,3.1091,ens_008,monthly,model-specific
NMME,ECCC-GEM5.2-NEMO,dynamical,2026-07-01,2026-12,5,4.0065,0.8374,3.1691,ens_008,monthly,model-specific
NMME,ECCC-GEM5.2-NEMO,dynamical,2026-07-01,2027-01,6,3.8158,0.8046,3.0112,ens_008,monthly,model-specific
NMME,ECCC-GEM5.2-NEMO,dynamical,2026-07-01,2027-02,7,3.5955,0.8279,2.7676,ens_008,monthly,model-specific
NMME,ECCC-GEM5.2-NEMO,dynamical,2026-07-01,2027-03,8,2.7685,0.7466,2.0219,ens_008,monthly,model-specific
NMME,ECCC-GEM5.2-NEMO,dynamical,2026-07-01,2026-07,0,2.4088,0.545,1.8637,ens_009,monthly,model-specific
NMME,ECCC-GEM5.2-NEMO,dynamical,2026-07-01,2026-08,1,3.3426,0.6574,2.6852,ens_009,monthly,model-specific
NMME,ECCC-GEM5.2-NEMO,dynamical,2026-07-01,2026-09,2,3.5143,0.6793,2.835,ens_009,monthly,model-specific
NMME,ECCC-GEM5.2-NEMO,dynamical,2026-07-01,2026-10,3,3.4847,0.7403,2.7445,ens_009,monthly,model-specific
NMME,ECCC-GEM5.2-NEMO,dynamical,2026-07-01,2026-11,4,3.4957,0.7962,2.6995,ens_009,monthly,model-specific
NMME,ECCC-GEM5.2-NEMO,dynamical,2026-07-01,2026-12,5,3.5633,0.7853,2.7781,ens_009,monthly,model-specific
NMME,ECCC-GEM5.2-NEMO,dynamical,2026-07-01,2027-01,6,3.2763,0.7558,2.5205,ens_009,monthly,model-specific
NMME,ECCC-GEM5.2-NEMO,dynamical,2026-07-01,2027-02,7,2.6925,0.7276,1.9649,ens_009,monthly,model-specific
NMME,ECCC-GEM5.2-NEMO,dynamical,2026-07-01,2027-03,8,1.9967,0.688,1.3087,ens_009,monthly,model-specific
NMME,ECCC-GEM5.2-NEMO,dynamical,2026-07-01,2026-07,0,2.3999,0.5144,1.8855,ens_010,monthly,model-specific
NMME,ECCC-GEM5.2-NEMO,dynamical,2026-07-01,2026-08,1,3.0785,0.6109,2.4675,ens_010,monthly,model-specific
NMME,ECCC-GEM5.2-NEMO,dynamical,2026-07-01,2026-09,2,3.0924,0.6796,2.4128,ens_010,monthly,model-specific
NMME,ECCC-GEM5.2-NEMO,dynamical,2026-07-01,2026-10,3,3.1288,0.7261,2.4026,ens_010,monthly,model-specific
NMME,ECCC-GEM5.2-NEMO,dynamical,2026-07-01,2026-11,4,3.3506,0.7631,2.5875,ens_010,monthly,model-specific
NMME,ECCC-GEM5.2-NEMO,dynamical,2026-07-01,2026-12,5,3.3747,0.7544,2.6204,ens_010,monthly,model-specific
NMME,ECCC-GEM5.2-NEMO,dynamical,2026-07-01,2027-01,6,3.262,0.756,2.506,ens_010,monthly,model-specific
NMME,ECCC-GEM5.2-NEMO,dynamical,2026-07-01,2027-02,7,2.7758,0.7145,2.0612,ens_010,monthly,model-specific
NMME,ECCC-GEM5.2-NEMO,dynamical,2026-07-01,2027-03,8,2.4135,0.68,1.7336,ens_010,monthly,model-specific
NMME,ECCC-GEM5.2-NEMO,dynamical,2026-07-01,2026-07,0,2.4365,0.5051,1.9313,ens_011,monthly,model-specific
NMME,ECCC-GEM5.2-NEMO,dynamical,2026-07-01,2026-08,1,3.3029,0.6718,2.6311,ens_011,monthly,model-specific
NMME,ECCC-GEM5.2-NEMO,dynamical,2026-07-01,2026-09,2,3.359,0.6933,2.6657,ens_011,monthly,model-specific
NMME,ECCC-GEM5.2-NEMO,dynamical,2026-07-01,2026-10,3,3.403,0.7103,2.6927,ens_011,monthly,model-specific
NMME,ECCC-GEM5.2-NEMO,dynamical,2026-07-01,2026-11,4,3.6252,0.7329,2.8923,ens_011,monthly,model-specific
NMME,ECCC-GEM5.2-NEMO,dynamical,2026-07-01,2026-12,5,3.5338,0.7351,2.7987,ens_011,monthly,model-specific
NMME,ECCC-GEM5.2-NEMO,dynamical,2026-07-01,2027-01,6,3.4371,0.8028,2.6342,ens_011,monthly,model-specific
NMME,ECCC-GEM5.2-NEMO,dynamical,2026-07-01,2027-02,7,3.0446,0.7748,2.2698,ens_011,monthly,model-specific
NMME,ECCC-GEM5.2-NEMO,dynamical,2026-07-01,2027-03,8,2.702,0.7886,1.9134,ens_011,monthly,model-specific
NMME,ECCC-GEM5.2-NEMO,dynamical,2026-07-01,2026-07,0,2.4674,0.5192,1.9482,ens_012,monthly,model-specific
NMME,ECCC-GEM5.2-NEMO,dynamical,2026-07-01,2026-08,1,3.4795,0.632,2.8475,ens_012,monthly,model-specific
NMME,ECCC-GEM5.2-NEMO,dynamical,2026-07-01,2026-09,2,3.5912,0.6799,2.9113,ens_012,monthly,model-specific
NMME,ECCC-GEM5.2-NEMO,dynamical,2026-07-01,2026-10,3,3.7905,0.7989,2.9916,ens_012,monthly,model-specific
NMME,ECCC-GEM5.2-NEMO,dynamical,2026-07-01,2026-11,4,3.9751,0.7896,3.1855,ens_012,monthly,model-specific
NMME,ECCC-GEM5.2-NEMO,dynamical,2026-07-01,2026-12,5,4.0611,0.7917,3.2694,ens_012,monthly,model-specific
NMME,ECCC-GEM5.2-NEMO,dynamical,2026-07-01,2027-01,6,3.7778,0.765,3.0129,ens_012,monthly,model-specific
NMME,ECCC-GEM5.2-NEMO,dynamical,2026-07-01,2027-02,7,3.336,0.7418,2.5942,ens_012,monthly,model-specific
NMME,ECCC-GEM5.2-NEMO,dynamical,2026-07-01,2027-03,8,2.8071,0.6978,2.1093,ens_012,monthly,model-specific
NMME,ECCC-GEM5.2-NEMO,dynamical,2026-07-01,2026-07,0,2.456,0.488,1.9679,ens_013,monthly,model-specific
NMME,ECCC-GEM5.2-NEMO,dynamical,2026-07-01,2026-08,1,3.416,0.5884,2.8276,ens_013,monthly,model-specific
NMME,ECCC-GEM5.2-NEMO,dynamical,2026-07-01,2026-09,2,3.5058,0.6677,2.8381,ens_013,monthly,model-specific
NMME,ECCC-GEM5.2-NEMO,dynamical,2026-07-01,2026-10,3,3.5055,0.7216,2.7839,ens_013,monthly,model-specific
NMME,ECCC-GEM5.2-NEMO,dynamical,2026-07-01,2026-11,4,3.6008,0.8053,2.7956,ens_013,monthly,model-specific
NMME,ECCC-GEM5.2-NEMO,dynamical,2026-07-01,2026-12,5,3.4651,0.8145,2.6506,ens_013,monthly,model-specific
NMME,ECCC-GEM5.2-NEMO,dynamical,2026-07-01,2027-01,6,3.1974,0.7916,2.4058,ens_013,monthly,model-specific
NMME,ECCC-GEM5.2-NEMO,dynamical,2026-07-01,2027-02,7,2.5983,0.7336,1.8647,ens_013,monthly,model-specific
NMME,ECCC-GEM5.2-NEMO,dynamical,2026-07-01,2027-03,8,1.41,0.6719,0.7382,ens_013,monthly,model-specific
NMME,ECCC-GEM5.2-NEMO,dynamical,2026-07-01,2026-07,0,2.351,0.5067,1.8443,ens_014,monthly,model-specific
NMME,ECCC-GEM5.2-NEMO,dynamical,2026-07-01,2026-08,1,3.443,0.6896,2.7534,ens_014,monthly,model-specific
NMME,ECCC-GEM5.2-NEMO,dynamical,2026-07-01,2026-09,2,3.5009,0.7699,2.731,ens_014,monthly,model-specific
NMME,ECCC-GEM5.2-NEMO,dynamical,2026-07-01,2026-10,3,3.6315,0.8141,2.8174,ens_014,monthly,model-specific
NMME,ECCC-GEM5.2-NEMO,dynamical,2026-07-01,2026-11,4,3.7391,0.8495,2.8896,ens_014,monthly,model-specific
NMME,ECCC-GEM5.2-NEMO,dynamical,2026-07-01,2026-12,5,3.5739,0.8353,2.7386,ens_014,monthly,model-specific
NMME,ECCC-GEM5.2-NEMO,dynamical,2026-07-01,2027-01,6,3.1478,0.7925,2.3553,ens_014,monthly,model-specific
NMME,ECCC-GEM5.2-NEMO,dynamical,2026-07-01,2027-02,7,2.4703,0.7314,1.7389,ens_014,monthly,model-specific
NMME,ECCC-GEM5.2-NEMO,dynamical,2026-07-01,2027-03,8,1.5552,0.6758,0.8794,ens_014,monthly,model-specific
NMME,ECCC-GEM5.2-NEMO,dynamical,2026-07-01,2026-07,0,2.4871,0.5211,1.9661,ens_015,monthly,model-specific
NMME,ECCC-GEM5.2-NEMO,dynamical,2026-07-01,2026-08,1,3.5537,0.6957,2.858,ens_015,monthly,model-specific
NMME,ECCC-GEM5.2-NEMO,dynamical,2026-07-01,2026-09,2,3.559,0.7437,2.8154,ens_015,monthly,model-specific
NMME,ECCC-GEM5.2-NEMO,dynamical,2026-07-01,2026-10,3,3.7054,0.7985,2.9069,ens_015,monthly,model-specific
NMME,ECCC-GEM5.2-NEMO,dynamical,2026-07-01,2026-11,4,3.8115,0.8362,2.9753,ens_015,monthly,model-specific
NMME,ECCC-GEM5.2-NEMO,dynamical,2026-07-01,2026-12,5,3.6059,0.8286,2.7772,ens_015,monthly,model-specific
NMME,ECCC-GEM5.2-NEMO,dynamical,2026-07-01,2027-01,6,3.2799,0.7734,2.5066,ens_015,monthly,model-specific
NMME,ECCC-GEM5.2-NEMO,dynamical,2026-07-01,2027-02,7,3.0485,0.7597,2.2889,ens_015,monthly,model-specific
NMME,ECCC-GEM5.2-NEMO,dynamical,2026-07-01,2027-03,8,2.5074,0.7052,1.8022,ens_015,monthly,model-specific
NMME,ECCC-GEM5.2-NEMO,dynamical,2026-07-01,2026-07,0,2.5149,0.5333,1.9816,ens_016,monthly,model-specific
NMME,ECCC-GEM5.2-NEMO,dynamical,2026-07-01,2026-08,1,3.5168,0.6722,2.8446,ens_016,monthly,model-specific
NMME,ECCC-GEM5.2-NEMO,dynamical,2026-07-01,2026-09,2,3.5258,0.7406,2.7852,ens_016,monthly,model-specific
NMME,ECCC-GEM5.2-NEMO,dynamical,2026-07-01,2026-10,3,3.4391,0.8254,2.6136,ens_016,monthly,model-specific
NMME,ECCC-GEM5.2-NEMO,dynamical,2026-07-01,2026-11,4,3.6703,0.8801,2.7902,ens_016,monthly,model-specific
NMME,ECCC-GEM5.2-NEMO,dynamical,2026-07-01,2026-12,5,3.65,0.8957,2.7544,ens_016,monthly,model-specific
NMME,ECCC-GEM5.2-NEMO,dynamical,2026-07-01,2027-01,6,3.5149,0.9071,2.6079,ens_016,monthly,model-specific
NMME,ECCC-GEM5.2-NEMO,dynamical,2026-07-01,2027-02,7,3.0393,0.8914,2.1479,ens_016,monthly,model-specific
NMME,ECCC-GEM5.2-NEMO,dynamical,2026-07-01,2027-03,8,2.5076,0.7959,1.7117,ens_016,monthly,model-specific
NMME,ECCC-GEM5.2-NEMO,dynamical,2026-07-01,2026-07,0,2.3877,0.5215,1.8662,ens_017,monthly,model-specific
NMME,ECCC-GEM5.2-NEMO,dynamical,2026-07-01,2026-08,1,3.1782,0.6376,2.5406,ens_017,monthly,model-specific
NMME,ECCC-GEM5.2-NEMO,dynamical,2026-07-01,2026-09,2,3.1424,0.7546,2.3878,ens_017,monthly,model-specific
NMME,ECCC-GEM5.2-NEMO,dynamical,2026-07-01,2026-10,3,3.1252,0.8086,2.3166,ens_017,monthly,model-specific
NMME,ECCC-GEM5.2-NEMO,dynamical,2026-07-01,2026-11,4,3.2536,0.7848,2.4688,ens_017,monthly,model-specific
NMME,ECCC-GEM5.2-NEMO,dynamical,2026-07-01,2026-12,5,3.4392,0.7768,2.6624,ens_017,monthly,model-specific
NMME,ECCC-GEM5.2-NEMO,dynamical,2026-07-01,2027-01,6,3.2567,0.7826,2.4741,ens_017,monthly,model-specific
NMME,ECCC-GEM5.2-NEMO,dynamical,2026-07-01,2027-02,7,2.9035,0.766,2.1375,ens_017,monthly,model-specific
NMME,ECCC-GEM5.2-NEMO,dynamical,2026-07-01,2027-03,8,2.6204,0.7113,1.9091,ens_017,monthly,model-specific
NMME,ECCC-GEM5.2-NEMO,dynamical,2026-07-01,2026-07,0,2.4574,0.5234,1.934,ens_018,monthly,model-specific
NMME,ECCC-GEM5.2-NEMO,dynamical,2026-07-01,2026-08,1,3.4948,0.6367,2.8581,ens_018,monthly,model-specific
NMME,ECCC-GEM5.2-NEMO,dynamical,2026-07-01,2026-09,2,3.5564,0.727,2.8295,ens_018,monthly,model-specific
NMME,ECCC-GEM5.2-NEMO,dynamical,2026-07-01,2026-10,3,3.7022,0.8214,2.8808,ens_018,monthly,model-specific
NMME,ECCC-GEM5.2-NEMO,dynamical,2026-07-01,2026-11,4,3.9994,0.8357,3.1637,ens_018,monthly,model-specific
NMME,ECCC-GEM5.2-NEMO,dynamical,2026-07-01,2026-12,5,3.975,0.8106,3.1644,ens_018,monthly,model-specific
NMME,ECCC-GEM5.2-NEMO,dynamical,2026-07-01,2027-01,6,3.82,0.8315,2.9884,ens_018,monthly,model-specific
NMME,ECCC-GEM5.2-NEMO,dynamical,2026-07-01,2027-02,7,3.3757,0.8146,2.5611,ens_018,monthly,model-specific
NMME,ECCC-GEM5.2-NEMO,dynamical,2026-07-01,2027-03,8,2.6278,0.7701,1.8577,ens_018,monthly,model-specific
NMME,ECCC-GEM5.2-NEMO,dynamical,2026-07-01,2026-07,0,2.4341,0.5245,1.9096,ens_019,monthly,model-specific
NMME,ECCC-GEM5.2-NEMO,dynamical,2026-07-01,2026-08,1,3.4689,0.6488,2.8201,ens_019,monthly,model-specific
NMME,ECCC-GEM5.2-NEMO,dynamical,2026-07-01,2026-09,2,3.6067,0.7037,2.9031,ens_019,monthly,model-specific
NMME,ECCC-GEM5.2-NEMO,dynamical,2026-07-01,2026-10,3,3.6074,0.7648,2.8426,ens_019,monthly,model-specific
NMME,ECCC-GEM5.2-NEMO,dynamical,2026-07-01,2026-11,4,3.7637,0.7297,3.034,ens_019,monthly,model-specific
NMME,ECCC-GEM5.2-NEMO,dynamical,2026-07-01,2026-12,5,3.8841,0.7909,3.0932,ens_019,monthly,model-specific
NMME,ECCC-GEM5.2-NEMO,dynamical,2026-07-01,2027-01,6,3.7073,0.7853,2.922,ens_019,monthly,model-specific
NMME,ECCC-GEM5.2-NEMO,dynamical,2026-07-01,2027-02,7,3.4805,0.7863,2.6942,ens_019,monthly,model-specific
NMME,ECCC-GEM5.2-NEMO,dynamical,2026-07-01,2027-03,8,3.2017,0.7956,2.4061,ens_019,monthly,model-specific
NMME,ECCC-GEM5.2-NEMO,dynamical,2026-07-01,2026-07,0,2.4647,0.532,1.9327,ens_020,monthly,model-specific
NMME,ECCC-GEM5.2-NEMO,dynamical,2026-07-01,2026-08,1,3.1597,0.6477,2.512,ens_020,monthly,model-specific
NMME,ECCC-GEM5.2-NEMO,dynamical,2026-07-01,2026-09,2,2.9959,0.71,2.2859,ens_020,monthly,model-specific
NMME,ECCC-GEM5.2-NEMO,dynamical,2026-07-01,2026-10,3,3.1964,0.7013,2.4951,ens_020,monthly,model-specific
NMME,ECCC-GEM5.2-NEMO,dynamical,2026-07-01,2026-11,4,3.3528,0.7289,2.6238,ens_020,monthly,model-specific
NMME,ECCC-GEM5.2-NEMO,dynamical,2026-07-01,2026-12,5,3.4221,0.7454,2.6767,ens_020,monthly,model-specific
NMME,ECCC-GEM5.2-NEMO,dynamical,2026-07-01,2027-01,6,3.3628,0.7182,2.6445,ens_020,monthly,model-specific
NMME,ECCC-GEM5.2-NEMO,dynamical,2026-07-01,2027-02,7,3.4048,0.7307,2.6741,ens_020,monthly,model-specific
NMME,ECCC-GEM5.2-NEMO,dynamical,2026-07-01,2027-03,8,3.1504,0.6927,2.4576,ens_020,monthly,model-specific
NMME,ECCC-GEM5.2-NEMO,dynamical,2026-07-01,2026-07,0,2.4433,0.5274,1.9159,mean,monthly,model-specific
NMME,ECCC-GEM5.2-NEMO,dynamical,2026-07-01,2026-08,1,3.4041,0.6558,2.7483,mean,monthly,model-specific
NMME,ECCC-GEM5.2-NEMO,dynamical,2026-07-01,2026-09,2,3.4879,0.7211,2.7668,mean,monthly,model-specific
NMME,ECCC-GEM5.2-NEMO,dynamical,2026-07-01,2026-10,3,3.5565,0.7749,2.7816,mean,monthly,model-specific
NMME,ECCC-GEM5.2-NEMO,dynamical,2026-07-01,2026-11,4,3.6728,0.7976,2.8752,mean,monthly,model-specific
NMME,ECCC-GEM5.2-NEMO,dynamical,2026-07-01,2026-12,5,3.66,0.7958,2.8643,mean,monthly,model-specific
NMME,ECCC-GEM5.2-NEMO,dynamical,2026-07-01,2027-01,6,3.4639,0.7863,2.6776,mean,monthly,model-specific
NMME,ECCC-GEM5.2-NEMO,dynamical,2026-07-01,2027-02,7,3.0798,0.7677,2.3121,mean,monthly,model-specific
NMME,ECCC-GEM5.2-NEMO,dynamical,2026-07-01,2027-03,8,2.5308,0.7214,1.8094,mean,monthly,model-specific
NMME,NCAR-CESM1,dynamical,2026-07-01,2026-07,0,2.044,0.9313,1.1127,ens_001,monthly,model-specific
NMME,NCAR-CESM1,dynamical,2026-07-01,2026-08,1,1.8268,0.9784,0.8483,ens_001,monthly,model-specific
NMME,NCAR-CESM1,dynamical,2026-07-01,2026-09,2,1.5404,1.0206,0.5198,ens_001,monthly,model-specific
NMME,NCAR-CESM1,dynamical,2026-07-01,2026-10,3,1.7461,1.0593,0.6868,ens_001,monthly,model-specific
NMME,NCAR-CESM1,dynamical,2026-07-01,2026-11,4,1.869,1.1507,0.7183,ens_001,monthly,model-specific
NMME,NCAR-CESM1,dynamical,2026-07-01,2026-12,5,1.6242,1.1965,0.4277,ens_001,monthly,model-specific
NMME,NCAR-CESM1,dynamical,2026-07-01,2027-01,6,1.2214,1.2244,-0.003,ens_001,monthly,model-specific
NMME,NCAR-CESM1,dynamical,2026-07-01,2027-02,7,0.8965,1.1591,-0.2626,ens_001,monthly,model-specific
NMME,NCAR-CESM1,dynamical,2026-07-01,2027-03,8,0.6499,1.087,-0.4371,ens_001,monthly,model-specific
NMME,NCAR-CESM1,dynamical,2026-07-01,2026-07,0,1.9434,0.5472,1.3961,ens_002,monthly,model-specific
NMME,NCAR-CESM1,dynamical,2026-07-01,2026-08,1,2.9707,0.6818,2.2889,ens_002,monthly,model-specific
NMME,NCAR-CESM1,dynamical,2026-07-01,2026-09,2,3.6747,0.8274,2.8473,ens_002,monthly,model-specific
NMME,NCAR-CESM1,dynamical,2026-07-01,2026-10,3,3.9031,0.9423,2.9608,ens_002,monthly,model-specific
NMME,NCAR-CESM1,dynamical,2026-07-01,2026-11,4,4.0516,1.0608,2.9908,ens_002,monthly,model-specific
NMME,NCAR-CESM1,dynamical,2026-07-01,2026-12,5,4.1733,1.0884,3.0849,ens_002,monthly,model-specific
NMME,NCAR-CESM1,dynamical,2026-07-01,2027-01,6,4.0948,1.0747,3.0201,ens_002,monthly,model-specific
NMME,NCAR-CESM1,dynamical,2026-07-01,2027-02,7,3.8718,1.0411,2.8307,ens_002,monthly,model-specific
NMME,NCAR-CESM1,dynamical,2026-07-01,2027-03,8,3.3744,1.0395,2.3349,ens_002,monthly,model-specific
NMME,NCAR-CESM1,dynamical,2026-07-01,2026-07,0,1.9493,0.5405,1.4088,ens_003,monthly,model-specific
NMME,NCAR-CESM1,dynamical,2026-07-01,2026-08,1,2.9498,0.7455,2.2043,ens_003,monthly,model-specific
NMME,NCAR-CESM1,dynamical,2026-07-01,2026-09,2,4.0068,0.8918,3.115,ens_003,monthly,model-specific
NMME,NCAR-CESM1,dynamical,2026-07-01,2026-10,3,4.5193,1.0056,3.5137,ens_003,monthly,model-specific
NMME,NCAR-CESM1,dynamical,2026-07-01,2026-11,4,4.7085,1.076,3.6324,ens_003,monthly,model-specific
NMME,NCAR-CESM1,dynamical,2026-07-01,2026-12,5,4.7196,1.2006,3.519,ens_003,monthly,model-specific
NMME,NCAR-CESM1,dynamical,2026-07-01,2027-01,6,4.5078,1.1391,3.3687,ens_003,monthly,model-specific
NMME,NCAR-CESM1,dynamical,2026-07-01,2027-02,7,3.9798,1.0792,2.9006,ens_003,monthly,model-specific
NMME,NCAR-CESM1,dynamical,2026-07-01,2027-03,8,3.4183,0.9861,2.4322,ens_003,monthly,model-specific
NMME,NCAR-CESM1,dynamical,2026-07-01,2026-07,0,1.9683,0.5482,1.4201,ens_004,monthly,model-specific
NMME,NCAR-CESM1,dynamical,2026-07-01,2026-08,1,3.022,0.7225,2.2995,ens_004,monthly,model-specific
NMME,NCAR-CESM1,dynamical,2026-07-01,2026-09,2,3.9201,0.8571,3.063,ens_004,monthly,model-specific
NMME,NCAR-CESM1,dynamical,2026-07-01,2026-10,3,4.345,0.9457,3.3993,ens_004,monthly,model-specific
NMME,NCAR-CESM1,dynamical,2026-07-01,2026-11,4,4.4826,1.0311,3.4515,ens_004,monthly,model-specific
NMME,NCAR-CESM1,dynamical,2026-07-01,2026-12,5,4.3949,1.0141,3.3807,ens_004,monthly,model-specific
NMME,NCAR-CESM1,dynamical,2026-07-01,2027-01,6,4.1006,0.9772,3.1234,ens_004,monthly,model-specific
NMME,NCAR-CESM1,dynamical,2026-07-01,2027-02,7,3.5575,1.0002,2.5573,ens_004,monthly,model-specific
NMME,NCAR-CESM1,dynamical,2026-07-01,2027-03,8,3.1074,0.8754,2.232,ens_004,monthly,model-specific
NMME,NCAR-CESM1,dynamical,2026-07-01,2026-07,0,1.916,0.551,1.3649,ens_005,monthly,model-specific
NMME,NCAR-CESM1,dynamical,2026-07-01,2026-08,1,2.9494,0.715,2.2344,ens_005,monthly,model-specific
NMME,NCAR-CESM1,dynamical,2026-07-01,2026-09,2,3.9323,0.7851,3.1471,ens_005,monthly,model-specific
NMME,NCAR-CESM1,dynamical,2026-07-01,2026-10,3,4.4673,0.9165,3.5508,ens_005,monthly,model-specific
NMME,NCAR-CESM1,dynamical,2026-07-01,2026-11,4,4.4908,1.0351,3.4558,ens_005,monthly,model-specific
NMME,NCAR-CESM1,dynamical,2026-07-01,2026-12,5,4.5918,1.1489,3.4429,ens_005,monthly,model-specific
NMME,NCAR-CESM1,dynamical,2026-07-01,2027-01,6,4.4276,1.1363,3.2913,ens_005,monthly,model-specific
NMME,NCAR-CESM1,dynamical,2026-07-01,2027-02,7,4.105,1.1122,2.9928,ens_005,monthly,model-specific
NMME,NCAR-CESM1,dynamical,2026-07-01,2027-03,8,3.6245,1.0227,2.6018,ens_005,monthly,model-specific
NMME,NCAR-CESM1,dynamical,2026-07-01,2026-07,0,1.9823,0.5651,1.4172,ens_006,monthly,model-specific
NMME,NCAR-CESM1,dynamical,2026-07-01,2026-08,1,3.0424,0.7163,2.326,ens_006,monthly,model-specific
NMME,NCAR-CESM1,dynamical,2026-07-01,2026-09,2,4.2658,0.8399,3.4259,ens_006,monthly,model-specific
NMME,NCAR-CESM1,dynamical,2026-07-01,2026-10,3,4.8102,0.944,3.8662,ens_006,monthly,model-specific
NMME,NCAR-CESM1,dynamical,2026-07-01,2026-11,4,4.8273,1.0433,3.784,ens_006,monthly,model-specific
NMME,NCAR-CESM1,dynamical,2026-07-01,2026-12,5,4.8526,1.1424,3.7102,ens_006,monthly,model-specific
NMME,NCAR-CESM1,dynamical,2026-07-01,2027-01,6,4.4938,1.129,3.3648,ens_006,monthly,model-specific
NMME,NCAR-CESM1,dynamical,2026-07-01,2027-02,7,3.897,1.118,2.779,ens_006,monthly,model-specific
NMME,NCAR-CESM1,dynamical,2026-07-01,2027-03,8,3.2147,1.0508,2.1639,ens_006,monthly,model-specific
NMME,NCAR-CESM1,dynamical,2026-07-01,2026-07,0,2.0113,0.553,1.4583,ens_007,monthly,model-specific
NMME,NCAR-CESM1,dynamical,2026-07-01,2026-08,1,2.9735,0.6897,2.2838,ens_007,monthly,model-specific
NMME,NCAR-CESM1,dynamical,2026-07-01,2026-09,2,4.0076,0.8479,3.1597,ens_007,monthly,model-specific
NMME,NCAR-CESM1,dynamical,2026-07-01,2026-10,3,4.3706,0.9427,3.4279,ens_007,monthly,model-specific
NMME,NCAR-CESM1,dynamical,2026-07-01,2026-11,4,4.5819,1.0744,3.5075,ens_007,monthly,model-specific
NMME,NCAR-CESM1,dynamical,2026-07-01,2026-12,5,4.4095,1.0701,3.3394,ens_007,monthly,model-specific
NMME,NCAR-CESM1,dynamical,2026-07-01,2027-01,6,4.2094,1.0805,3.1288,ens_007,monthly,model-specific
NMME,NCAR-CESM1,dynamical,2026-07-01,2027-02,7,4.082,1.0808,3.0011,ens_007,monthly,model-specific
NMME,NCAR-CESM1,dynamical,2026-07-01,2027-03,8,3.5723,0.986,2.5863,ens_007,monthly,model-specific
NMME,NCAR-CESM1,dynamical,2026-07-01,2026-07,0,2.0177,0.5641,1.4536,ens_008,monthly,model-specific
NMME,NCAR-CESM1,dynamical,2026-07-01,2026-08,1,3.001,0.6808,2.3202,ens_008,monthly,model-specific
NMME,NCAR-CESM1,dynamical,2026-07-01,2026-09,2,4.0806,0.8527,3.2279,ens_008,monthly,model-specific
NMME,NCAR-CESM1,dynamical,2026-07-01,2026-10,3,4.4689,0.986,3.4829,ens_008,monthly,model-specific
NMME,NCAR-CESM1,dynamical,2026-07-01,2026-11,4,4.7668,1.1312,3.6356,ens_008,monthly,model-specific
NMME,NCAR-CESM1,dynamical,2026-07-01,2026-12,5,4.5078,1.1611,3.3467,ens_008,monthly,model-specific
NMME,NCAR-CESM1,dynamical,2026-07-01,2027-01,6,4.3666,1.17,3.1966,ens_008,monthly,model-specific
NMME,NCAR-CESM1,dynamical,2026-07-01,2027-02,7,3.7325,1.1037,2.6289,ens_008,monthly,model-specific
NMME,NCAR-CESM1,dynamical,2026-07-01,2027-03,8,3.2128,1.0252,2.1875,ens_008,monthly,model-specific
NMME,NCAR-CESM1,dynamical,2026-07-01,2026-07,0,1.9642,0.5671,1.3972,ens_009,monthly,model-specific
NMME,NCAR-CESM1,dynamical,2026-07-01,2026-08,1,2.914,0.6834,2.2306,ens_009,monthly,model-specific
NMME,NCAR-CESM1,dynamical,2026-07-01,2026-09,2,3.6731,0.798,2.8751,ens_009,monthly,model-specific
NMME,NCAR-CESM1,dynamical,2026-07-01,2026-10,3,3.9456,0.8641,3.0815,ens_009,monthly,model-specific
NMME,NCAR-CESM1,dynamical,2026-07-01,2026-11,4,4.371,0.9495,3.4215,ens_009,monthly,model-specific
NMME,NCAR-CESM1,dynamical,2026-07-01,2026-12,5,4.4874,1.017,3.4704,ens_009,monthly,model-specific
NMME,NCAR-CESM1,dynamical,2026-07-01,2027-01,6,4.3048,1.0989,3.2058,ens_009,monthly,model-specific
NMME,NCAR-CESM1,dynamical,2026-07-01,2027-02,7,4.1403,1.0254,3.1149,ens_009,monthly,model-specific
NMME,NCAR-CESM1,dynamical,2026-07-01,2027-03,8,3.3492,1.0401,2.3091,ens_009,monthly,model-specific
NMME,NCAR-CESM1,dynamical,2026-07-01,2026-07,0,1.9741,0.5579,1.4162,ens_010,monthly,model-specific
NMME,NCAR-CESM1,dynamical,2026-07-01,2026-08,1,2.9283,0.6573,2.271,ens_010,monthly,model-specific
NMME,NCAR-CESM1,dynamical,2026-07-01,2026-09,2,3.7604,0.751,3.0094,ens_010,monthly,model-specific
NMME,NCAR-CESM1,dynamical,2026-07-01,2026-10,3,4.1121,0.8571,3.255,ens_010,monthly,model-specific
NMME,NCAR-CESM1,dynamical,2026-07-01,2026-11,4,4.2124,0.927,3.2854,ens_010,monthly,model-specific
NMME,NCAR-CESM1,dynamical,2026-07-01,2026-12,5,4.263,0.9547,3.3082,ens_010,monthly,model-specific
NMME,NCAR-CESM1,dynamical,2026-07-01,2027-01,6,4.1889,0.9854,3.2034,ens_010,monthly,model-specific
NMME,NCAR-CESM1,dynamical,2026-07-01,2027-02,7,3.5667,0.9598,2.6069,ens_010,monthly,model-specific
NMME,NCAR-CESM1,dynamical,2026-07-01,2027-03,8,3.1488,0.9222,2.2266,ens_010,monthly,model-specific
NMME,NCAR-CESM1,dynamical,2026-07-01,2026-07,0,1.9771,0.5925,1.3845,mean,monthly,model-specific
NMME,NCAR-CESM1,dynamical,2026-07-01,2026-08,1,2.8578,0.7271,2.1307,mean,monthly,model-specific
NMME,NCAR-CESM1,dynamical,2026-07-01,2026-09,2,3.6862,0.8472,2.839,mean,monthly,model-specific
NMME,NCAR-CESM1,dynamical,2026-07-01,2026-10,3,4.0688,0.9463,3.1225,mean,monthly,model-specific
NMME,NCAR-CESM1,dynamical,2026-07-01,2026-11,4,4.2362,1.0479,3.1883,mean,monthly,model-specific
NMME,NCAR-CESM1,dynamical,2026-07-01,2026-12,5,4.2024,1.0994,3.103,mean,monthly,model-specific
NMME,NCAR-CESM1,dynamical,2026-07-01,2027-01,6,3.9916,1.1016,2.89,mean,monthly,model-specific
NMME,NCAR-CESM1,dynamical,2026-07-01,2027-02,7,3.5829,1.068,2.5149,mean,monthly,model-specific
NMME,NCAR-CESM1,dynamical,2026-07-01,2027-03,8,3.0672,1.0035,2.0637,mean,monthly,model-specific
NMME,NCAR-CCSM4,dynamical,2026-07-01,2026-07,0,1.8308,0.471,1.3598,ens_001,monthly,model-specific
NMME,NCAR-CCSM4,dynamical,2026-07-01,2026-08,1,2.2943,0.447,1.8474,ens_001,monthly,model-specific
NMME,NCAR-CCSM4,dynamical,2026-07-01,2026-09,2,2.5939,0.4898,2.1041,ens_001,monthly,model-specific
NMME,NCAR-CCSM4,dynamical,2026-07-01,2026-10,3,2.7788,0.5448,2.234,ens_001,monthly,model-specific
NMME,NCAR-CCSM4,dynamical,2026-07-01,2026-11,4,2.7503,0.5264,2.2239,ens_001,monthly,model-specific
NMME,NCAR-CCSM4,dynamical,2026-07-01,2026-12,5,2.6755,0.484,2.1915,ens_001,monthly,model-specific
NMME,NCAR-CCSM4,dynamical,2026-07-01,2027-01,6,2.3792,0.4945,1.8846,ens_001,monthly,model-specific
NMME,NCAR-CCSM4,dynamical,2026-07-01,2027-02,7,2.006,0.4372,1.5688,ens_001,monthly,model-specific
NMME,NCAR-CCSM4,dynamical,2026-07-01,2027-03,8,1.9613,0.4275,1.5339,ens_001,monthly,model-specific
NMME,NCAR-CCSM4,dynamical,2026-07-01,2026-07,0,1.919,0.5486,1.3703,ens_002,monthly,model-specific
NMME,NCAR-CCSM4,dynamical,2026-07-01,2026-08,1,2.7978,0.6023,2.1956,ens_002,monthly,model-specific
NMME,NCAR-CCSM4,dynamical,2026-07-01,2026-09,2,3.3359,0.6798,2.6561,ens_002,monthly,model-specific
NMME,NCAR-CCSM4,dynamical,2026-07-01,2026-10,3,3.2309,0.7632,2.4677,ens_002,monthly,model-specific
NMME,NCAR-CCSM4,dynamical,2026-07-01,2026-11,4,3.2138,0.8849,2.3289,ens_002,monthly,model-specific
NMME,NCAR-CCSM4,dynamical,2026-07-01,2026-12,5,2.8981,0.9294,1.9687,ens_002,monthly,model-specific
NMME,NCAR-CCSM4,dynamical,2026-07-01,2027-01,6,2.4051,0.8869,1.5182,ens_002,monthly,model-specific
NMME,NCAR-CCSM4,dynamical,2026-07-01,2027-02,7,2.0584,0.8329,1.2255,ens_002,monthly,model-specific
NMME,NCAR-CCSM4,dynamical,2026-07-01,2027-03,8,1.9838,0.7225,1.2612,ens_002,monthly,model-specific
NMME,NCAR-CCSM4,dynamical,2026-07-01,2026-07,0,1.8797,0.4892,1.3905,ens_003,monthly,model-specific
NMME,NCAR-CCSM4,dynamical,2026-07-01,2026-08,1,2.4471,0.5009,1.9462,ens_003,monthly,model-specific
NMME,NCAR-CCSM4,dynamical,2026-07-01,2026-09,2,2.7603,0.528,2.2323,ens_003,monthly,model-specific
NMME,NCAR-CCSM4,dynamical,2026-07-01,2026-10,3,3.1952,0.6818,2.5135,ens_003,monthly,model-specific
NMME,NCAR-CCSM4,dynamical,2026-07-01,2026-11,4,3.2941,0.8576,2.4366,ens_003,monthly,model-specific
NMME,NCAR-CCSM4,dynamical,2026-07-01,2026-12,5,2.992,0.8984,2.0935,ens_003,monthly,model-specific
NMME,NCAR-CCSM4,dynamical,2026-07-01,2027-01,6,2.6763,0.8785,1.7978,ens_003,monthly,model-specific
NMME,NCAR-CCSM4,dynamical,2026-07-01,2027-02,7,2.4931,0.8523,1.6408,ens_003,monthly,model-specific
NMME,NCAR-CCSM4,dynamical,2026-07-01,2027-03,8,2.406,0.7866,1.6195,ens_003,monthly,model-specific
NMME,NCAR-CCSM4,dynamical,2026-07-01,2026-07,0,1.9094,0.5033,1.4062,ens_004,monthly,model-specific
NMME,NCAR-CCSM4,dynamical,2026-07-01,2026-08,1,2.5402,0.5245,2.0157,ens_004,monthly,model-specific
NMME,NCAR-CCSM4,dynamical,2026-07-01,2026-09,2,2.9352,0.622,2.3133,ens_004,monthly,model-specific
NMME,NCAR-CCSM4,dynamical,2026-07-01,2026-10,3,3.2928,0.742,2.5507,ens_004,monthly,model-specific
NMME,NCAR-CCSM4,dynamical,2026-07-01,2026-11,4,3.3515,0.7536,2.5978,ens_004,monthly,model-specific
NMME,NCAR-CCSM4,dynamical,2026-07-01,2026-12,5,3.0588,0.8481,2.2107,ens_004,monthly,model-specific
NMME,NCAR-CCSM4,dynamical,2026-07-01,2027-01,6,2.9218,0.8528,2.069,ens_004,monthly,model-specific
NMME,NCAR-CCSM4,dynamical,2026-07-01,2027-02,7,2.0717,0.7277,1.344,ens_004,monthly,model-specific
NMME,NCAR-CCSM4,dynamical,2026-07-01,2027-03,8,1.7055,0.7378,0.9676,ens_004,monthly,model-specific
NMME,NCAR-CCSM4,dynamical,2026-07-01,2026-07,0,1.9143,0.475,1.4394,ens_005,monthly,model-specific
NMME,NCAR-CCSM4,dynamical,2026-07-01,2026-08,1,2.5855,0.5358,2.0497,ens_005,monthly,model-specific
NMME,NCAR-CCSM4,dynamical,2026-07-01,2026-09,2,3.1118,0.6161,2.4957,ens_005,monthly,model-specific
NMME,NCAR-CCSM4,dynamical,2026-07-01,2026-10,3,3.385,0.7432,2.6418,ens_005,monthly,model-specific
NMME,NCAR-CCSM4,dynamical,2026-07-01,2026-11,4,3.369,0.8155,2.5535,ens_005,monthly,model-specific
NMME,NCAR-CCSM4,dynamical,2026-07-01,2026-12,5,3.1078,0.8665,2.2412,ens_005,monthly,model-specific
NMME,NCAR-CCSM4,dynamical,2026-07-01,2027-01,6,2.539,0.9167,1.6224,ens_005,monthly,model-specific
NMME,NCAR-CCSM4,dynamical,2026-07-01,2027-02,7,2.3453,0.8453,1.5,ens_005,monthly,model-specific
NMME,NCAR-CCSM4,dynamical,2026-07-01,2027-03,8,2.2693,0.841,1.4283,ens_005,monthly,model-specific
NMME,NCAR-CCSM4,dynamical,2026-07-01,2026-07,0,1.7998,0.4614,1.3384,ens_006,monthly,model-specific
NMME,NCAR-CCSM4,dynamical,2026-07-01,2026-08,1,2.4866,0.5215,1.9651,ens_006,monthly,model-specific
NMME,NCAR-CCSM4,dynamical,2026-07-01,2026-09,2,2.9556,0.6367,2.3189,ens_006,monthly,model-specific
NMME,NCAR-CCSM4,dynamical,2026-07-01,2026-10,3,3.2005,0.7497,2.4508,ens_006,monthly,model-specific
NMME,NCAR-CCSM4,dynamical,2026-07-01,2026-11,4,3.1905,0.812,2.3784,ens_006,monthly,model-specific
NMME,NCAR-CCSM4,dynamical,2026-07-01,2026-12,5,2.9341,0.8374,2.0967,ens_006,monthly,model-specific
NMME,NCAR-CCSM4,dynamical,2026-07-01,2027-01,6,2.6524,0.8191,1.8333,ens_006,monthly,model-specific
NMME,NCAR-CCSM4,dynamical,2026-07-01,2027-02,7,2.4243,0.7994,1.6249,ens_006,monthly,model-specific
NMME,NCAR-CCSM4,dynamical,2026-07-01,2027-03,8,1.9435,0.758,1.1855,ens_006,monthly,model-specific
NMME,NCAR-CCSM4,dynamical,2026-07-01,2026-07,0,1.8308,0.4655,1.3653,ens_007,monthly,model-specific
NMME,NCAR-CCSM4,dynamical,2026-07-01,2026-08,1,2.5082,0.5299,1.9783,ens_007,monthly,model-specific
NMME,NCAR-CCSM4,dynamical,2026-07-01,2026-09,2,2.9264,0.6826,2.2438,ens_007,monthly,model-specific
NMME,NCAR-CCSM4,dynamical,2026-07-01,2026-10,3,3.2317,0.8005,2.4313,ens_007,monthly,model-specific
NMME,NCAR-CCSM4,dynamical,2026-07-01,2026-11,4,3.1949,0.8804,2.3145,ens_007,monthly,model-specific
NMME,NCAR-CCSM4,dynamical,2026-07-01,2026-12,5,3.0258,0.8947,2.1312,ens_007,monthly,model-specific
NMME,NCAR-CCSM4,dynamical,2026-07-01,2027-01,6,2.7308,0.859,1.8719,ens_007,monthly,model-specific
NMME,NCAR-CCSM4,dynamical,2026-07-01,2027-02,7,2.3604,0.8543,1.506,ens_007,monthly,model-specific
NMME,NCAR-CCSM4,dynamical,2026-07-01,2027-03,8,1.878,0.7538,1.1242,ens_007,monthly,model-specific
NMME,NCAR-CCSM4,dynamical,2026-07-01,2026-07,0,1.8922,0.5124,1.3799,ens_008,monthly,model-specific
NMME,NCAR-CCSM4,dynamical,2026-07-01,2026-08,1,2.5775,0.6464,1.9311,ens_008,monthly,model-specific
NMME,NCAR-CCSM4,dynamical,2026-07-01,2026-09,2,3.0435,0.7963,2.2472,ens_008,monthly,model-specific
NMME,NCAR-CCSM4,dynamical,2026-07-01,2026-10,3,3.2997,0.8826,2.4171,ens_008,monthly,model-specific
NMME,NCAR-CCSM4,dynamical,2026-07-01,2026-11,4,3.2527,0.9329,2.3198,ens_008,monthly,model-specific
NMME,NCAR-CCSM4,dynamical,2026-07-01,2026-12,5,3.0694,0.9699,2.0995,ens_008,monthly,model-specific
NMME,NCAR-CCSM4,dynamical,2026-07-01,2027-01,6,2.8401,0.8884,1.9517,ens_008,monthly,model-specific
NMME,NCAR-CCSM4,dynamical,2026-07-01,2027-02,7,2.6719,0.9466,1.7253,ens_008,monthly,model-specific
NMME,NCAR-CCSM4,dynamical,2026-07-01,2027-03,8,2.2197,0.8315,1.3882,ens_008,monthly,model-specific
NMME,NCAR-CCSM4,dynamical,2026-07-01,2026-07,0,1.9378,0.5152,1.4226,ens_009,monthly,model-specific
NMME,NCAR-CCSM4,dynamical,2026-07-01,2026-08,1,2.5223,0.5749,1.9474,ens_009,monthly,model-specific
NMME,NCAR-CCSM4,dynamical,2026-07-01,2026-09,2,2.9994,0.7113,2.2881,ens_009,monthly,model-specific
NMME,NCAR-CCSM4,dynamical,2026-07-01,2026-10,3,3.0612,0.8726,2.1886,ens_009,monthly,model-specific
NMME,NCAR-CCSM4,dynamical,2026-07-01,2026-11,4,3.293,0.9812,2.3118,ens_009,monthly,model-specific
NMME,NCAR-CCSM4,dynamical,2026-07-01,2026-12,5,2.8637,1.003,1.8606,ens_009,monthly,model-specific
NMME,NCAR-CCSM4,dynamical,2026-07-01,2027-01,6,2.4304,1.0147,1.4157,ens_009,monthly,model-specific
NMME,NCAR-CCSM4,dynamical,2026-07-01,2027-02,7,2.1215,0.9051,1.2164,ens_009,monthly,model-specific
NMME,NCAR-CCSM4,dynamical,2026-07-01,2027-03,8,2.064,0.8894,1.1746,ens_009,monthly,model-specific
NMME,NCAR-CCSM4,dynamical,2026-07-01,2026-07,0,1.9458,0.5189,1.427,ens_010,monthly,model-specific
NMME,NCAR-CCSM4,dynamical,2026-07-01,2026-08,1,2.6853,0.5831,2.1022,ens_010,monthly,model-specific
NMME,NCAR-CCSM4,dynamical,2026-07-01,2026-09,2,3.2006,0.6848,2.5158,ens_010,monthly,model-specific
NMME,NCAR-CCSM4,dynamical,2026-07-01,2026-10,3,3.3688,0.8401,2.5287,ens_010,monthly,model-specific
NMME,NCAR-CCSM4,dynamical,2026-07-01,2026-11,4,3.3005,0.8693,2.4312,ens_010,monthly,model-specific
NMME,NCAR-CCSM4,dynamical,2026-07-01,2026-12,5,2.9387,0.8842,2.0545,ens_010,monthly,model-specific
NMME,NCAR-CCSM4,dynamical,2026-07-01,2027-01,6,2.6684,0.921,1.7474,ens_010,monthly,model-specific
NMME,NCAR-CCSM4,dynamical,2026-07-01,2027-02,7,1.9737,0.8218,1.1519,ens_010,monthly,model-specific
NMME,NCAR-CCSM4,dynamical,2026-07-01,2027-03,8,1.9992,0.8201,1.1791,ens_010,monthly,model-specific
NMME,NCAR-CCSM4,dynamical,2026-07-01,2026-07,0,1.886,0.4961,1.3899,mean,monthly,model-specific
NMME,NCAR-CCSM4,dynamical,2026-07-01,2026-08,1,2.5445,0.5466,1.9979,mean,monthly,model-specific
NMME,NCAR-CCSM4,dynamical,2026-07-01,2026-09,2,2.9863,0.6447,2.3415,mean,monthly,model-specific
NMME,NCAR-CCSM4,dynamical,2026-07-01,2026-10,3,3.2045,0.7621,2.4424,mean,monthly,model-specific
NMME,NCAR-CCSM4,dynamical,2026-07-01,2026-11,4,3.221,0.8314,2.3896,mean,monthly,model-specific
NMME,NCAR-CCSM4,dynamical,2026-07-01,2026-12,5,2.9564,0.8616,2.0948,mean,monthly,model-specific
NMME,NCAR-CCSM4,dynamical,2026-07-01,2027-01,6,2.6244,0.8532,1.7712,mean,monthly,model-specific
NMME,NCAR-CCSM4,dynamical,2026-07-01,2027-02,7,2.2526,0.8023,1.4504,mean,monthly,model-specific
NMME,NCAR-CCSM4,dynamical,2026-07-01,2027-03,8,2.043,0.7568,1.2862,mean,monthly,model-specific
NMME,NASA-GEOS-S2S-2,dynamical,2026-07-01,2026-07,0,2.1617,0.5416,1.6201,ens_001,monthly,model-specific
NMME,NASA-GEOS-S2S-2,dynamical,2026-07-01,2026-08,1,2.7571,0.5338,2.2233,ens_001,monthly,model-specific
NMME,NASA-GEOS-S2S-2,dynamical,2026-07-01,2026-09,2,3.6171,0.6871,2.93,ens_001,monthly,model-specific
NMME,NASA-GEOS-S2S-2,dynamical,2026-07-01,2026-10,3,3.8378,0.7264,3.1114,ens_001,monthly,model-specific
NMME,NASA-GEOS-S2S-2,dynamical,2026-07-01,2026-11,4,4.1942,0.9632,3.231,ens_001,monthly,model-specific
NMME,NASA-GEOS-S2S-2,dynamical,2026-07-01,2026-12,5,4.5454,1.0854,3.46,ens_001,monthly,model-specific
NMME,NASA-GEOS-S2S-2,dynamical,2026-07-01,2027-01,6,4.7979,1.2515,3.5464,ens_001,monthly,model-specific
NMME,NASA-GEOS-S2S-2,dynamical,2026-07-01,2027-02,7,4.9998,1.3859,3.6139,ens_001,monthly,model-specific
NMME,NASA-GEOS-S2S-2,dynamical,2026-07-01,2027-03,8,4.8618,1.3988,3.463,ens_001,monthly,model-specific
NMME,NASA-GEOS-S2S-2,dynamical,2026-07-01,2026-07,0,2.019,0.4803,1.5387,ens_002,monthly,model-specific
NMME,NASA-GEOS-S2S-2,dynamical,2026-07-01,2026-08,1,2.2461,0.4586,1.7875,ens_002,monthly,model-specific
NMME,NASA-GEOS-S2S-2,dynamical,2026-07-01,2026-09,2,3.1235,0.6278,2.4957,ens_002,monthly,model-specific
NMME,NASA-GEOS-S2S-2,dynamical,2026-07-01,2026-10,3,3.4757,0.7341,2.7416,ens_002,monthly,model-specific
NMME,NASA-GEOS-S2S-2,dynamical,2026-07-01,2026-11,4,3.9692,0.86,3.1092,ens_002,monthly,model-specific
NMME,NASA-GEOS-S2S-2,dynamical,2026-07-01,2026-12,5,4.4674,0.9967,3.4707,ens_002,monthly,model-specific
NMME,NASA-GEOS-S2S-2,dynamical,2026-07-01,2027-01,6,4.7417,1.1153,3.6264,ens_002,monthly,model-specific
NMME,NASA-GEOS-S2S-2,dynamical,2026-07-01,2027-02,7,4.8732,1.228,3.6452,ens_002,monthly,model-specific
NMME,NASA-GEOS-S2S-2,dynamical,2026-07-01,2027-03,8,4.7334,1.2171,3.5164,ens_002,monthly,model-specific
NMME,NASA-GEOS-S2S-2,dynamical,2026-07-01,2026-07,0,2.1485,0.5291,1.6194,ens_003,monthly,model-specific
NMME,NASA-GEOS-S2S-2,dynamical,2026-07-01,2026-08,1,2.4928,0.5201,1.9727,ens_003,monthly,model-specific
NMME,NASA-GEOS-S2S-2,dynamical,2026-07-01,2026-09,2,3.007,0.6285,2.3785,ens_003,monthly,model-specific
NMME,NASA-GEOS-S2S-2,dynamical,2026-07-01,2026-10,3,3.432,0.7818,2.6502,ens_003,monthly,model-specific
NMME,NASA-GEOS-S2S-2,dynamical,2026-07-01,2026-11,4,3.5088,0.8486,2.6602,ens_003,monthly,model-specific
NMME,NASA-GEOS-S2S-2,dynamical,2026-07-01,2026-12,5,4.2233,0.9771,3.2462,ens_003,monthly,model-specific
NMME,NASA-GEOS-S2S-2,dynamical,2026-07-01,2027-01,6,4.6509,1.1044,3.5465,ens_003,monthly,model-specific
NMME,NASA-GEOS-S2S-2,dynamical,2026-07-01,2027-02,7,5.0803,1.2658,3.8145,ens_003,monthly,model-specific
NMME,NASA-GEOS-S2S-2,dynamical,2026-07-01,2027-03,8,4.7931,1.2364,3.5567,ens_003,monthly,model-specific
NMME,NASA-GEOS-S2S-2,dynamical,2026-07-01,2026-07,0,2.1267,0.5799,1.5469,ens_004,monthly,model-specific
NMME,NASA-GEOS-S2S-2,dynamical,2026-07-01,2026-08,1,2.6548,0.5276,2.1272,ens_004,monthly,model-specific
NMME,NASA-GEOS-S2S-2,dynamical,2026-07-01,2026-09,2,3.3008,0.6002,2.7006,ens_004,monthly,model-specific
NMME,NASA-GEOS-S2S-2,dynamical,2026-07-01,2026-10,3,3.5142,0.7019,2.8122,ens_004,monthly,model-specific
NMME,NASA-GEOS-S2S-2,dynamical,2026-07-01,2026-11,4,3.9537,0.8176,3.1361,ens_004,monthly,model-specific
NMME,NASA-GEOS-S2S-2,dynamical,2026-07-01,2026-12,5,4.3604,0.9223,3.4381,ens_004,monthly,model-specific
NMME,NASA-GEOS-S2S-2,dynamical,2026-07-01,2027-01,6,4.721,1.113,3.608,ens_004,monthly,model-specific
NMME,NASA-GEOS-S2S-2,dynamical,2026-07-01,2027-02,7,4.7658,1.2762,3.4895,ens_004,monthly,model-specific
NMME,NASA-GEOS-S2S-2,dynamical,2026-07-01,2027-03,8,4.7562,1.3735,3.3827,ens_004,monthly,model-specific
NMME,NASA-GEOS-S2S-2,dynamical,2026-07-01,2026-07,0,2.1796,0.5815,1.5981,ens_005,monthly,model-specific
NMME,NASA-GEOS-S2S-2,dynamical,2026-07-01,2026-08,1,2.4485,0.4699,1.9785,ens_005,monthly,model-specific
NMME,NASA-GEOS-S2S-2,dynamical,2026-07-01,2026-09,2,2.7624,0.5318,2.2306,ens_005,monthly,model-specific
NMME,NASA-GEOS-S2S-2,dynamical,2026-07-01,2026-10,3,3.4991,0.6985,2.8007,ens_005,monthly,model-specific
NMME,NASA-GEOS-S2S-2,dynamical,2026-07-01,2026-11,4,4.0996,0.8228,3.2767,ens_005,monthly,model-specific
NMME,NASA-GEOS-S2S-2,dynamical,2026-07-01,2026-12,5,4.3297,0.9493,3.3804,ens_005,monthly,model-specific
NMME,NASA-GEOS-S2S-2,dynamical,2026-07-01,2027-01,6,4.7232,1.2127,3.5106,ens_005,monthly,model-specific
NMME,NASA-GEOS-S2S-2,dynamical,2026-07-01,2027-02,7,5.0083,1.3886,3.6197,ens_005,monthly,model-specific
NMME,NASA-GEOS-S2S-2,dynamical,2026-07-01,2027-03,8,4.8187,1.365,3.4537,ens_005,monthly,model-specific
NMME,NASA-GEOS-S2S-2,dynamical,2026-07-01,2026-07,0,2.1268,0.554,1.5728,ens_006,monthly,model-specific
NMME,NASA-GEOS-S2S-2,dynamical,2026-07-01,2026-08,1,2.7314,0.5599,2.1715,ens_006,monthly,model-specific
NMME,NASA-GEOS-S2S-2,dynamical,2026-07-01,2026-09,2,3.1203,0.5946,2.5258,ens_006,monthly,model-specific
NMME,NASA-GEOS-S2S-2,dynamical,2026-07-01,2026-10,3,3.4089,0.661,2.7479,ens_006,monthly,model-specific
NMME,NASA-GEOS-S2S-2,dynamical,2026-07-01,2026-11,4,3.9344,0.8311,3.1033,ens_006,monthly,model-specific
NMME,NASA-GEOS-S2S-2,dynamical,2026-07-01,2026-12,5,4.381,0.9341,3.4469,ens_006,monthly,model-specific
NMME,NASA-GEOS-S2S-2,dynamical,2026-07-01,2027-01,6,4.7052,1.1705,3.5347,ens_006,monthly,model-specific
NMME,NASA-GEOS-S2S-2,dynamical,2026-07-01,2027-02,7,5.1301,1.3857,3.7444,ens_006,monthly,model-specific
NMME,NASA-GEOS-S2S-2,dynamical,2026-07-01,2027-03,8,4.7619,1.3592,3.4027,ens_006,monthly,model-specific
NMME,NASA-GEOS-S2S-2,dynamical,2026-07-01,2026-07,0,2.1492,0.6069,1.5422,ens_007,monthly,model-specific
NMME,NASA-GEOS-S2S-2,dynamical,2026-07-01,2026-08,1,2.8402,0.5704,2.2698,ens_007,monthly,model-specific
NMME,NASA-GEOS-S2S-2,dynamical,2026-07-01,2026-09,2,3.2808,0.6522,2.6286,ens_007,monthly,model-specific
NMME,NASA-GEOS-S2S-2,dynamical,2026-07-01,2026-10,3,3.5117,0.6103,2.9014,ens_007,monthly,model-specific
NMME,NASA-GEOS-S2S-2,dynamical,2026-07-01,2026-11,4,4.1855,0.8578,3.3277,ens_007,monthly,model-specific
NMME,NASA-GEOS-S2S-2,dynamical,2026-07-01,2026-12,5,4.2441,0.9901,3.254,ens_007,monthly,model-specific
NMME,NASA-GEOS-S2S-2,dynamical,2026-07-01,2027-01,6,4.5088,1.1585,3.3503,ens_007,monthly,model-specific
NMME,NASA-GEOS-S2S-2,dynamical,2026-07-01,2027-02,7,4.9213,1.2988,3.6225,ens_007,monthly,model-specific
NMME,NASA-GEOS-S2S-2,dynamical,2026-07-01,2027-03,8,4.4898,1.3393,3.1504,ens_007,monthly,model-specific
NMME,NASA-GEOS-S2S-2,dynamical,2026-07-01,2026-07,0,2.1363,0.5671,1.5692,ens_008,monthly,model-specific
NMME,NASA-GEOS-S2S-2,dynamical,2026-07-01,2026-08,1,2.8984,0.6076,2.2908,ens_008,monthly,model-specific
NMME,NASA-GEOS-S2S-2,dynamical,2026-07-01,2026-09,2,3.4335,0.7489,2.6846,ens_008,monthly,model-specific
NMME,NASA-GEOS-S2S-2,dynamical,2026-07-01,2026-10,3,3.7324,0.8685,2.8639,ens_008,monthly,model-specific
NMME,NASA-GEOS-S2S-2,dynamical,2026-07-01,2026-11,4,4.0111,0.9708,3.0403,ens_008,monthly,model-specific
NMME,NASA-GEOS-S2S-2,dynamical,2026-07-01,2026-12,5,4.4389,1.0603,3.3787,ens_008,monthly,model-specific
NMME,NASA-GEOS-S2S-2,dynamical,2026-07-01,2027-01,6,4.6718,1.1372,3.5345,ens_008,monthly,model-specific
NMME,NASA-GEOS-S2S-2,dynamical,2026-07-01,2027-02,7,5.0173,1.1546,3.8627,ens_008,monthly,model-specific
NMME,NASA-GEOS-S2S-2,dynamical,2026-07-01,2027-03,8,4.7372,1.2464,3.4909,ens_008,monthly,model-specific
NMME,NASA-GEOS-S2S-2,dynamical,2026-07-01,2026-07,0,2.1229,0.5713,1.5516,ens_009,monthly,model-specific
NMME,NASA-GEOS-S2S-2,dynamical,2026-07-01,2026-08,1,2.6771,0.5531,2.1239,ens_009,monthly,model-specific
NMME,NASA-GEOS-S2S-2,dynamical,2026-07-01,2026-09,2,2.5808,0.5369,2.0438,ens_009,monthly,model-specific
NMME,NASA-GEOS-S2S-2,dynamical,2026-07-01,2026-10,3,3.0529,0.593,2.4598,ens_009,monthly,model-specific
NMME,NASA-GEOS-S2S-2,dynamical,2026-07-01,2026-11,4,3.4743,0.7914,2.6829,ens_009,monthly,model-specific
NMME,NASA-GEOS-S2S-2,dynamical,2026-07-01,2026-12,5,3.828,0.9057,2.9223,ens_009,monthly,model-specific
NMME,NASA-GEOS-S2S-2,dynamical,2026-07-01,2027-01,6,4.2777,0.9964,3.2812,ens_009,monthly,model-specific
NMME,NASA-GEOS-S2S-2,dynamical,2026-07-01,2027-02,7,4.759,1.1483,3.6107,ens_009,monthly,model-specific
NMME,NASA-GEOS-S2S-2,dynamical,2026-07-01,2027-03,8,4.811,1.2368,3.5742,ens_009,monthly,model-specific
NMME,NASA-GEOS-S2S-2,dynamical,2026-07-01,2026-07,0,2.1052,0.5612,1.544,ens_010,monthly,model-specific
NMME,NASA-GEOS-S2S-2,dynamical,2026-07-01,2026-08,1,2.3707,0.5189,1.8518,ens_010,monthly,model-specific
NMME,NASA-GEOS-S2S-2,dynamical,2026-07-01,2026-09,2,2.878,0.6024,2.2756,ens_010,monthly,model-specific
NMME,NASA-GEOS-S2S-2,dynamical,2026-07-01,2026-10,3,2.9437,0.7234,2.2202,ens_010,monthly,model-specific
NMME,NASA-GEOS-S2S-2,dynamical,2026-07-01,2026-11,4,3.5858,0.754,2.8318,ens_010,monthly,model-specific
NMME,NASA-GEOS-S2S-2,dynamical,2026-07-01,2026-12,5,4.2442,0.8529,3.3913,ens_010,monthly,model-specific
NMME,NASA-GEOS-S2S-2,dynamical,2026-07-01,2027-01,6,4.5399,1.0143,3.5255,ens_010,monthly,model-specific
NMME,NASA-GEOS-S2S-2,dynamical,2026-07-01,2027-02,7,5.0708,1.2328,3.838,ens_010,monthly,model-specific
NMME,NASA-GEOS-S2S-2,dynamical,2026-07-01,2027-03,8,4.7843,1.3393,3.4451,ens_010,monthly,model-specific
NMME,NASA-GEOS-S2S-2,dynamical,2026-07-01,2026-07,0,2.1276,0.5573,1.5703,mean,monthly,model-specific
NMME,NASA-GEOS-S2S-2,dynamical,2026-07-01,2026-08,1,2.6117,0.532,2.0797,mean,monthly,model-specific
NMME,NASA-GEOS-S2S-2,dynamical,2026-07-01,2026-09,2,3.1104,0.621,2.4894,mean,monthly,model-specific
NMME,NASA-GEOS-S2S-2,dynamical,2026-07-01,2026-10,3,3.4408,0.7099,2.7309,mean,monthly,model-specific
NMME,NASA-GEOS-S2S-2,dynamical,2026-07-01,2026-11,4,3.8917,0.8517,3.0399,mean,monthly,model-specific
NMME,NASA-GEOS-S2S-2,dynamical,2026-07-01,2026-12,5,4.3062,0.9674,3.3389,mean,monthly,model-specific
NMME,NASA-GEOS-S2S-2,dynamical,2026-07-01,2027-01,6,4.6338,1.1274,3.5064,mean,monthly,model-specific
NMME,NASA-GEOS-S2S-2,dynamical,2026-07-01,2027-02,7,4.9626,1.2765,3.6861,mean,monthly,model-specific
NMME,NASA-GEOS-S2S-2,dynamical,2026-07-01,2027-03,8,4.7548,1.3112,3.4436,mean,monthly,model-specific
NMME,NMME,dynamical,2026-07-01,2026-07,0,1.9897,0.6243,1.3654,mean,monthly,model-specific
NMME,NMME,dynamical,2026-07-01,2026-08,1,2.6948,0.6922,2.0026,mean,monthly,model-specific
NMME,NMME,dynamical,2026-07-01,2026-09,2,3.1174,0.7834,2.3339,mean,monthly,model-specific
NMME,NMME,dynamical,2026-07-01,2026-10,3,3.3572,0.8698,2.4874,mean,monthly,model-specific
NMME,NMME,dynamical,2026-07-01,2026-11,4,3.5703,0.947,2.6232,mean,monthly,model-specific
NMME,NMME,dynamical,2026-07-01,2026-12,5,3.5727,0.9902,2.5825,mean,monthly,model-specific
NMME,NMME,dynamical,2026-07-01,2027-01,6,3.3759,1.0249,2.3511,mean,monthly,model-specific
NMME,NMME,dynamical,2026-07-01,2027-02,7,3.0994,1.0304,2.069,mean,monthly,model-specific
NMME,NMME,dynamical,2026-07-01,2027-03,8,2.6469,1.0049,1.642,mean,monthly,model-specific
