year,month,hadcrut5,gistemp,noaa,berkeley,copernicus
1850,1,-1.0871,,,-0.8128,
1850,2,-0.7128,,-0.5522,-0.8078,
1850,3,-0.9789,,-0.6022,-0.6358,
1850,4,-0.9586,,-0.7822,-1.2828,
1850,5,-0.8856,,-0.6722,-1.0688,
1850,6,-0.7064,,-0.4522,-0.7908,
1850,7,-0.5291,,-0.3822,-0.6138,
1850,8,-0.5773,,-0.4422,-0.5418,
1850,9,-0.7475,,-0.5022,-0.7318,
1850,10,-0.8706,,-0.6322,-0.7278,
1850,11,-0.6293,,-0.5422,-0.5248,
1850,12,-0.6755,,-0.4622,-0.8538,
1851,1,-0.6194,,-0.5822,-0.6408,
1851,2,-0.8148,,-0.5122,-0.6968,
1851,3,-0.9907,,-0.6322,-0.7228,
1851,4,-0.8743,,-0.7322,-0.9968,
1851,5,-0.5672,,-0.6122,-0.6538,
1851,6,-0.5552,,-0.4222,-0.6738,
1851,7,-0.4836,,-0.2822,-0.5398,
1851,8,-0.4989,,-0.2422,-0.6828,
1851,9,-0.4845,,-0.4322,-0.5948,
1851,10,-0.3934,,-0.3822,-0.5188,
1851,11,-0.4606,,-0.4522,-0.7028,
1851,12,-0.5966,,-0.4522,-0.6618,
1852,1,-0.6978,,-0.4722,-0.8398,
1852,2,-0.8487,,-0.6322,-0.6958,
1852,3,-0.9198,,-0.7022,-0.8668,
1852,4,-0.9278,,-0.6022,-0.9098,
1852,5,-0.4659,,-0.4822,-0.5798,
1852,6,-0.4315,,-0.2622,-0.5388,
1852,7,-0.3456,,-0.3522,-0.4228,
1852,8,-0.504,,-0.3622,-0.5718,
1852,9,-0.3599,,-0.3122,-0.5318,
1852,10,-0.5115,,-0.3822,-0.5968,
1852,11,-0.6286,,-0.4522,-0.5208,
1852,12,-0.2889,,-0.3522,-0.6398,
1853,1,-0.5594,,-0.5822,-0.7608,
1853,2,-0.7532,,-0.6122,-0.6628,
1853,3,-0.6261,,-0.5822,-0.7228,
1853,4,-0.7559,,-0.6422,-0.5518,
1853,5,-0.6251,,-0.4622,-0.6498,
1853,6,-0.4807,,-0.3522,-0.4778,
1853,7,-0.4275,,-0.2522,-0.4578,
1853,8,-0.3952,,-0.4022,-0.6188,
1853,9,-0.6223,,-0.5122,-0.7918,
1853,10,-0.7263,,-0.5222,-0.7308,
1853,11,-0.7568,,-0.5522,-0.8798,
1853,12,-0.681,,-0.4722,-0.6158,
1854,1,-0.7605,,-0.6322,-0.7958,
1854,2,-0.7481,,-0.5122,-0.8998,
1854,3,-0.6005,,-0.4722,-0.6568,
1854,4,-0.6823,,-0.4822,-0.4998,
1854,5,-0.6317,,-0.4922,-0.8918,
1854,6,-0.6573,,-0.4122,-0.7088,
1854,7,-0.5174,,-0.4422,-0.7068,
1854,8,-0.5876,,-0.4522,-0.5288,
1854,9,-0.5705,,-0.4222,-0.6368,
1854,10,-0.4551,,-0.3822,-0.5918,
1854,11,-0.7664,,-0.4322,-0.7228,
1854,12,-0.8091,,-0.4622,-0.8488,
1855,1,-0.5255,,-0.5022,-0.6878,
1855,2,-0.6701,,-0.4922,-0.5898,
1855,3,-0.6998,,-0.4322,-0.5178,
1855,4,-0.5647,,-0.5322,-0.5578,
1855,5,-0.723,,-0.5322,-0.6338,
1855,6,-0.6894,,-0.4522,-0.5568,
1855,7,-0.672,,-0.5822,-0.7328,
1855,8,-0.5584,,-0.4522,-0.5278,
1855,9,-0.6085,,-0.5622,-0.6408,
1855,10,-0.5582,,-0.4422,-0.5118,
1855,11,-0.7318,,-0.5122,-0.7728,
1855,12,-0.7656,,-0.4822,-0.7628,
1856,1,-0.4398,,-0.2422,-0.6688,
1856,2,-0.7034,,-0.4022,-0.6428,
1856,3,-0.7267,,-0.4822,-0.5398,
1856,4,-0.67,,-0.6722,-0.9128,
1856,5,-0.6493,,-0.5822,-0.6448,
1856,6,-0.5821,,-0.4722,-0.7388,
1856,7,-0.5813,,-0.5422,-0.7108,
1856,8,-0.6053,,-0.7022,-0.8048,
1856,9,-0.7595,,-0.6422,-0.9278,
1856,10,-0.8036,,-0.7822,-0.9158,
1856,11,-0.9195,,-0.5922,-1.0118,
1856,12,-0.7814,,-0.4922,-1.2238,
1857,1,-0.8445,,-0.5222,-0.9158,
1857,2,-0.8143,,-0.7322,-0.8628,
1857,3,-0.8606,,-0.5722,-0.9768,
1857,4,-1.0325,,-0.7122,-1.0118,
1857,5,-1.0412,,-0.7922,-0.8588,
1857,6,-0.6757,,-0.5622,-0.8368,
1857,7,-0.7826,,-0.5822,-0.8638,
1857,8,-0.7251,,-0.6022,-0.7968,
1857,9,-0.7346,,-0.6422,-0.7308,
1857,10,-0.8405,,-0.6722,-0.7958,
1857,11,-1.0241,,-0.5722,-0.8188,
1857,12,-0.6622,,-0.4322,-0.6838,
1858,1,-0.7076,,-0.5522,-0.9858,
1858,2,-0.836,,-0.5622,-0.7498,
1858,3,-0.9373,,-0.4822,-0.5998,
1858,4,-0.7921,,-0.6322,-0.8788,
1858,5,-0.8902,,-0.6822,-0.9458,
1858,6,-0.7319,,-0.5222,-0.8668,
1858,7,-0.7048,,-0.5222,-0.7748,
1858,8,-0.6553,,-0.4222,-0.7098,
1858,9,-0.6509,,-0.6422,-0.8528,
1858,10,-0.651,,-0.4822,-0.8908,
1858,11,-0.7673,,-0.6122,-0.9728,
1858,12,-0.8153,,-0.6722,-0.8248,
1859,1,-0.7694,,-0.5722,-0.9618,
1859,2,-0.7105,,-0.4622,-0.7638,
1859,3,-0.682,,-0.4622,-0.6948,
1859,4,-0.5425,,-0.4622,-0.5288,
1859,5,-0.5245,,-0.3722,-0.6198,
1859,6,-0.5942,,-0.4722,-0.5788,
1859,7,-0.656,,-0.7022,-0.8838,
1859,8,-0.6213,,-0.3722,-0.6928,
1859,9,-0.7558,,-0.6522,-0.9408,
1859,10,-0.6026,,-0.6022,-0.6638,
1859,11,-0.6658,,-0.4822,-0.7078,
1859,12,-0.6689,,-0.2522,-0.7668,
1860,1,-0.7498,,-0.5922,-0.8178,
1860,2,-0.8346,,-0.5822,-0.5988,
1860,3,-1.1481,,-0.7122,-0.5048,
1860,4,-0.6668,,-0.6422,-0.5058,
1860,5,-0.7287,,-0.6022,-0.6438,
1860,6,-0.5705,,-0.5922,-0.6868,
1860,7,-0.5688,,-0.6322,-0.8138,
1860,8,-0.4968,,-0.4722,-0.8298,
1860,9,-0.5348,,-0.5022,-0.5678,
1860,10,-0.7509,,-0.7622,-0.7348,
1860,11,-0.9834,,-0.5922,-0.7818,
1860,12,-1.1527,,-0.8222,-0.9728,
1861,1,-1.2645,,-0.8622,-0.7798,
1861,2,-1.0361,,-0.9822,-1.2428,
1861,3,-0.7793,,-0.6022,-0.7188,
1861,4,-0.7517,,-0.6322,-0.5018,
1861,5,-1.0523,,-0.8322,-0.7468,
1861,6,-0.6296,,-0.6322,-0.6088,
1861,7,-0.7091,,-0.5822,-0.7608,
1861,8,-0.4567,,-0.6522,-0.7128,
1861,9,-0.6912,,-0.6222,-0.7018,
1861,10,-0.8728,,-0.5922,-0.8958,
1861,11,-0.8437,,-0.4722,-0.5858,
1861,12,-0.7637,,-0.5722,-0.7078,
1862,1,-1.1884,,-0.8322,-1.1298,
1862,2,-1.1528,,-0.8222,-1.1088,
1862,3,-0.8925,,-0.7422,-0.8928,
1862,4,-0.8852,,-0.6222,-0.8948,
1862,5,-0.7018,,-0.6822,-0.7468,
1862,6,-0.6319,,-0.6522,-0.7558,
1862,7,-0.7142,,-0.6722,-0.8768,
1862,8,-0.8582,,-0.7222,-0.8108,
1862,9,-0.7537,,-0.7422,-0.7538,
1862,10,-0.8568,,-0.7622,-0.7678,
1862,11,-1.0413,,-0.6322,-0.7328,
1862,12,-1.2557,,-1.0222,-0.9798,
1863,1,-0.4442,,-0.5822,-0.9388,
1863,2,-0.6418,,-0.6822,-0.8548,
1863,3,-0.77,,-0.6222,-0.6888,
1863,4,-0.6889,,-0.5722,-0.6298,
1863,5,-0.7459,,-0.7022,-0.8028,
1863,6,-0.7724,,-0.7222,-0.9348,
1863,7,-0.7106,,-0.7422,-0.7878,
1863,8,-0.6909,,-0.7022,-0.9818,
1863,9,-0.7593,,-0.8122,-0.9628,
1863,10,-0.9161,,-0.8222,-0.8898,
1863,11,-0.8547,,-0.5522,-0.7798,
1863,12,-0.8607,,-0.6022,-0.6968,
1864,1,-1.1807,,-0.8222,-0.9668,
1864,2,-0.9611,,-0.8022,-1.0378,
1864,3,-0.8855,,-0.7522,-0.9018,
1864,4,-0.911,,-0.5922,-1.0768,
1864,5,-0.7019,,-0.5322,-0.7948,
1864,6,-0.4709,,-0.4922,-0.5668,
1864,7,-0.6433,,-0.5422,-0.5608,
1864,8,-0.6993,,-0.7122,-0.8708,
1864,9,-0.8832,,-0.6422,-0.8048,
1864,10,-1.0275,,-0.6822,-0.7728,
1864,11,-0.8462,,-0.5622,-0.7668,
1864,12,-0.983,,-0.7022,-0.8108,
1865,1,-0.5875,,-0.2822,-0.5808,
1865,2,-0.8691,,-0.4922,-0.5248,
1865,3,-1.072,,-0.6222,-0.5938,
1865,4,-0.8994,,-0.6522,-0.5898,
1865,5,-0.8505,,-0.6222,-0.5968,
1865,6,-0.6061,,-0.3922,-0.4618,
1865,7,-0.6507,,-0.3622,-0.3848,
1865,8,-0.6028,,-0.4022,-0.5528,
1865,9,-0.5878,,-0.3622,-0.4698,
1865,10,-0.6842,,-0.4022,-0.5818,
1865,11,-0.6929,,-0.5222,-0.4778,
1865,12,-0.8714,,-0.4922,-0.6478,
1866,1,-0.5889,,-0.3322,-0.7718,
1866,2,-0.8302,,-0.4122,-0.6218,
1866,3,-1.1047,,-0.5222,-0.6258,
1866,4,-0.9039,,-0.7622,-0.7628,
1866,5,-0.9548,,-0.7522,-1.1058,
1866,6,-0.4825,,-0.4122,-0.6208,
1866,7,-0.4063,,-0.4722,-0.5138,
1866,8,-0.6462,,-0.5422,-0.6338,
1866,9,-0.8166,,-0.4722,-0.7908,
1866,10,-0.8148,,-0.7022,-0.6488,
1866,11,-0.7197,,-0.5522,-0.5218,
1866,12,-0.8008,,-0.5122,-0.5418,
1867,1,-0.8569,,-0.6222,-0.7618,
1867,2,-0.7616,,-0.8922,-0.8078,
1867,3,-1.068,,-0.6022,-0.5808,
1867,4,-0.8429,,-0.8622,-0.8398,
1867,5,-0.969,,-0.7422,-0.7098,
1867,6,-0.7039,,-0.4822,-0.6888,
1867,7,-0.6123,,-0.6122,-0.6668,
1867,8,-0.6796,,-0.5822,-0.8698,
1867,9,-0.5435,,-0.5822,-0.6588,
1867,10,-0.5074,,-0.6122,-0.5998,
1867,11,-0.6425,,-0.4122,-0.6528,
1867,12,-0.8461,,-0.5422,-0.9398,
1868,1,-1.0602,,-0.7622,-0.6948,
1868,2,-1.0651,,-0.5222,-0.8468,
1868,3,-0.6857,,-0.4722,-0.6268,
1868,4,-0.7366,,-0.7422,-0.5418,
1868,5,-0.6354,,-0.6322,-0.4908,
1868,6,-0.6491,,-0.5622,-0.5118,
1868,7,-0.3978,,-0.4922,-0.4018,
1868,8,-0.5458,,-0.4622,-0.6198,
1868,9,-0.7272,,-0.5122,-0.4618,
1868,10,-0.5957,,-0.4122,-0.3728,
1868,11,-0.8036,,-0.6322,-0.5268,
1868,12,-0.6887,,-0.3722,-0.4528,
1869,1,-0.6613,,-0.4322,-0.5868,
1869,2,-0.2173,,-0.2622,-0.4628,
1869,3,-1.0063,,-0.4822,-0.6328,
1869,4,-0.7643,,-0.5722,-0.5938,
1869,5,-0.6643,,-0.3822,-0.5288,
1869,6,-0.7492,,-0.5522,-0.5088,
1869,7,-0.7851,,-0.5522,-0.6838,
1869,8,-0.5328,,-0.4922,-0.7808,
1869,9,-0.5249,,-0.6022,-0.6698,
1869,10,-0.6469,,-0.6122,-0.8208,
1869,11,-0.648,,-0.4622,-0.3548,
1869,12,-0.8752,,-0.6122,-0.8258,
1870,1,-0.5722,,-0.6322,-0.9158,
1870,2,-0.8112,,-0.7422,-0.6998,
1870,3,-0.8491,,-0.6122,-0.7048,
1870,4,-0.7099,,-0.6522,-0.4998,
1870,5,-0.6562,,-0.6622,-0.7358,
1870,6,-0.5599,,-0.4622,-0.5388,
1870,7,-0.4383,,-0.4122,-0.5588,
1870,8,-0.613,,-0.4722,-0.6638,
1870,9,-0.5595,,-0.5122,-0.8098,
1870,10,-0.787,,-0.6522,-0.7988,
1870,11,-0.612,,-0.6722,-0.9218,
1870,12,-1.0311,,-0.7122,-0.9768,
1871,1,-0.9501,,-0.7522,-0.8308,
1871,2,-1.0477,,-0.7322,-0.7638,
1871,3,-0.5255,,-0.3922,-0.6498,
1871,4,-0.5785,,-0.5022,-0.6128,
1871,5,-0.7051,,-0.6322,-0.5468,
1871,6,-0.6264,,-0.4222,-0.5188,
1871,7,-0.4289,,-0.4422,-0.5328,
1871,8,-0.6794,,-0.5422,-0.6958,
1871,9,-0.7122,,-0.6622,-0.8018,
1871,10,-0.7287,,-0.7122,-0.6998,
1871,11,-0.8965,,-0.7222,-0.8228,
1871,12,-0.8757,,-0.6222,-0.6728,
1872,1,-0.948,,-0.7122,-0.6108,
1872,2,-0.9825,,-0.6022,-0.6408,
1872,3,-0.8726,,-0.5522,-0.7328,
1872,4,-0.7211,,-0.7022,-0.7658,
1872,5,-0.4762,,-0.5422,-0.4958,
1872,6,-0.6231,,-0.6122,-0.6528,
1872,7,-0.465,,-0.4822,-0.5398,
1872,8,-0.3229,,-0.4022,-0.3468,
1872,9,-0.5106,,-0.5122,-0.5198,
1872,10,-0.5294,,-0.6122,-0.7378,
1872,11,-0.6477,,-0.6222,-0.8258,
1872,12,-0.8751,,-0.6622,-0.7308,
1873,1,-0.5936,,-0.6322,-0.6798,
1873,2,-0.6285,,-0.5422,-0.6328,
1873,3,-0.7441,,-0.7622,-0.5318,
1873,4,-0.817,,-0.7722,-0.6898,
1873,5,-0.6727,,-0.5922,-0.7278,
1873,6,-0.6515,,-0.4922,-0.6768,
1873,7,-0.5116,,-0.5122,-0.5878,
1873,8,-0.5706,,-0.4522,-0.5058,
1873,9,-0.7317,,-0.5722,-0.7458,
1873,10,-0.7312,,-0.5222,-0.8378,
1873,11,-0.7843,,-0.5322,-0.6888,
1873,12,-0.6735,,-0.7022,-0.6858,
1874,1,-0.5373,,-0.5922,-0.6938,
1874,2,-0.7827,,-0.7122,-0.8878,
1874,3,-1.0182,,-0.7622,-0.8998,
1874,4,-0.7771,,-0.7322,-0.8698,
1874,5,-0.6667,,-0.7022,-0.8508,
1874,6,-0.9103,,-0.6322,-0.8978,
1874,7,-0.5263,,-0.5622,-0.6588,
1874,8,-0.6429,,-0.6322,-0.6268,
1874,9,-0.5143,,-0.5122,-0.4968,
1874,10,-0.8217,,-0.6722,-0.9028,
1874,11,-0.7764,,-0.7222,-0.8408,
1874,12,-0.6705,,-0.5822,-0.7898,
1875,1,-0.93,,-0.5522,-0.6438,
1875,2,-0.7977,,-0.6422,-0.6448,
1875,3,-0.9136,,-0.5922,-0.8938,
1875,4,-0.696,,-0.6522,-0.7558,
1875,5,-0.6047,,-0.5822,-0.6208,
1875,6,-0.6208,,-0.4822,-0.6998,
1875,7,-0.5357,,-0.5422,-0.6258,
1875,8,-0.581,,-0.6322,-0.5978,
1875,9,-0.5922,,-0.5922,-0.5678,
1875,10,-0.5845,,-0.6422,-0.4778,
1875,11,-0.8616,,-0.8222,-0.6398,
1875,12,-0.9397,,-0.8622,-0.8238,
1876,1,-0.8601,,-0.6222,-0.7498,
1876,2,-0.6823,,-0.7722,-0.7208,
1876,3,-0.6916,,-0.5422,-0.5618,
1876,4,-0.7496,,-0.6322,-0.7058,
1876,5,-0.9029,,-0.8422,-0.8748,
1876,6,-0.6788,,-0.5822,-0.7058,
1876,7,-0.5561,,-0.5522,-0.4978,
1876,8,-0.6806,,-0.6622,-0.7148,
1876,9,-0.7909,,-0.6522,-0.8088,
1876,10,-0.6604,,-0.5922,-0.5768,
1876,11,-0.9551,,-0.7422,-0.7298,
1876,12,-0.9806,,-0.6922,-0.6868,
1877,1,-0.7632,,-0.5022,-0.5678,
1877,2,-0.5501,,-0.4022,-0.3628,
1877,3,-0.4244,,-0.3522,-0.4428,
1877,4,-0.6715,,-0.4922,-0.5038,
1877,5,-0.758,,-0.5622,-0.4528,
1877,6,-0.4664,,-0.3622,-0.4588,
1877,7,-0.3396,,-0.2522,-0.3058,
1877,8,-0.1267,,-0.2522,-0.3818,
1877,9,-0.2272,,-0.2922,-0.3808,
1877,10,-0.2307,,-0.1822,-0.3918,
1877,11,-0.3108,,-0.1822,-0.3068,
1877,12,-0.3816,,-0.3322,-0.3238,
1878,1,-0.3945,,-0.3322,-0.3668,
1878,2,-0.0955,,-0.2122,-0.2738,
1878,3,0.0488,,-0.0322,-0.1578,
1878,4,-0.1449,,-0.1922,-0.1398,
1878,5,-0.4492,,-0.4122,-0.4748,
1878,6,-0.3386,,-0.2022,-0.4298,
1878,7,-0.419,,-0.2222,-0.2858,
1878,8,-0.3999,,-0.3822,-0.4218,
1878,9,-0.3281,,-0.3422,-0.4328,
1878,10,-0.5036,,-0.4822,-0.4858,
1878,11,-0.4753,,-0.5022,-0.5458,
1878,12,-0.6456,,-0.5022,-0.5398,
1879,1,-0.5675,,-0.5122,-0.4228,
1879,2,-0.5935,,-0.6522,-0.5548,
1879,3,-0.6031,,-0.4022,-0.4838,
1879,4,-0.7134,,-0.6322,-0.5228,
1879,5,-0.6868,,-0.5722,-0.6198,
1879,6,-0.6053,,-0.5322,-0.7158,
1879,7,-0.6306,,-0.5022,-0.7578,
1879,8,-0.6181,,-0.5822,-0.7138,
1879,9,-0.5859,,-0.6122,-0.7848,
1879,10,-0.507,,-0.6822,-0.5368,
1879,11,-0.7312,,-0.7122,-0.6828,
1879,12,-0.8986,,-0.7622,-0.9328,
1880,1,-0.7334,-0.6133,-0.8222,-0.8468,
1880,2,-0.7884,-0.6833,-0.8922,-0.7848,
1880,3,-0.5369,-0.5233,-0.5722,-0.5928,
1880,4,-0.6812,-0.5933,-0.5522,-0.6628,
1880,5,-0.6741,-0.5333,-0.5922,-0.5568,
1880,6,-0.7212,-0.6433,-0.5322,-0.6938,
1880,7,-0.6759,-0.6133,-0.6422,-0.7028,
1880,8,-0.4491,-0.5333,-0.4422,-0.5398,
1880,9,-0.6425,-0.5733,-0.6322,-0.6738,
1880,10,-0.73,-0.6633,-0.6122,-0.6628,
1880,11,-0.6131,-0.6533,-0.5522,-0.5478,
1880,12,-0.6481,-0.6033,-0.5322,-0.4358,
1881,1,-0.5279,-0.6233,-0.5022,-0.6608,
1881,2,-0.5501,-0.5733,-0.5122,-0.4298,
1881,3,-0.5685,-0.3933,-0.5022,-0.6148,
1881,4,-0.4078,-0.3733,-0.3922,-0.4608,
1881,5,-0.4526,-0.3733,-0.3622,-0.4538,
1881,6,-0.743,-0.6133,-0.5522,-0.6698,
1881,7,-0.5362,-0.4233,-0.4822,-0.5938,
1881,8,-0.4854,-0.4633,-0.5222,-0.5708,
1881,9,-0.6402,-0.5833,-0.6322,-0.6988,
1881,10,-0.57,-0.6433,-0.6422,-0.6228,
1881,11,-0.7237,-0.6133,-0.6922,-0.8118,
1881,12,-0.5904,-0.5033,-0.4122,-0.6558,
1882,1,-0.3652,-0.2633,-0.3522,-0.5358,
1882,2,-0.4511,-0.2933,-0.5522,-0.6528,
1882,3,-0.4994,-0.3833,-0.4822,-0.6068,
1882,4,-0.6434,-0.5833,-0.6422,-0.6328,
1882,5,-0.6431,-0.5633,-0.5422,-0.6878,
1882,6,-0.7121,-0.6533,-0.6422,-0.7448,
1882,7,-0.6612,-0.5933,-0.6222,-0.6758,
1882,8,-0.5774,-0.5033,-0.5322,-0.6728,
1882,9,-0.498,-0.5733,-0.5822,-0.6758,
1882,10,-0.7346,-0.6633,-0.7822,-0.6888,
1882,11,-0.7407,-0.5933,-0.7022,-0.7718,
1882,12,-0.9822,-0.7933,-0.7622,-0.8428,
1883,1,-0.7959,-0.7233,-0.6822,-0.8048,
1883,2,-0.8023,-0.7933,-0.7522,-0.7898,
1883,3,-0.6031,-0.5533,-0.4622,-0.5688,
1883,4,-0.771,-0.6133,-0.6422,-0.7038,
1883,5,-0.6774,-0.6033,-0.4722,-0.7278,
1883,6,-0.5134,-0.4933,-0.2722,-0.5958,
1883,7,-0.5699,-0.5033,-0.5122,-0.7628,
1883,8,-0.6319,-0.5633,-0.6222,-0.7778,
1883,9,-0.655,-0.6433,-0.6422,-0.7308,
1883,10,-0.6772,-0.5333,-0.7822,-0.8098,
1883,11,-0.7282,-0.6733,-0.6622,-0.7788,
1883,12,-0.7589,-0.5433,-0.6922,-0.9198,
1884,1,-0.78,-0.5533,-0.7122,-0.8418,
1884,2,-0.6648,-0.5033,-0.6022,-0.6338,
1884,3,-0.8464,-0.7833,-0.8522,-0.8538,
1884,4,-0.8221,-0.8233,-0.7722,-0.9248,
1884,5,-0.9,-0.7633,-0.6822,-0.9058,
1884,6,-0.8417,-0.7733,-0.6222,-0.8108,
1884,7,-0.9101,-0.7333,-0.7122,-0.9598,
1884,8,-0.7725,-0.7033,-0.6822,-0.9728,
1884,9,-0.8508,-0.6933,-0.7522,-0.9998,
1884,10,-0.8022,-0.6733,-0.7722,-0.7598,
1884,11,-0.9239,-0.7633,-0.7822,-0.8988,
1884,12,-0.8259,-0.7333,-0.4722,-0.8078,
1885,1,-0.9969,-1.0133,-0.7722,-0.8698,
1885,2,-0.8928,-0.7633,-0.6422,-0.8648,
1885,3,-0.7599,-0.6933,-0.7622,-0.8868,
1885,4,-0.9733,-0.8433,-0.8122,-0.9078,
1885,5,-0.947,-0.8833,-0.6422,-0.8908,
1885,6,-0.9801,-0.8633,-0.6922,-1.0098,
1885,7,-0.7635,-0.7633,-0.6022,-0.9638,
1885,8,-0.7506,-0.7433,-0.5822,-0.9008,
1885,9,-0.7017,-0.7133,-0.6522,-0.7938,
1885,10,-0.7008,-0.6633,-0.6322,-0.6558,
1885,11,-0.7224,-0.6733,-0.6022,-0.7168,
1885,12,-0.5595,-0.5333,-0.4822,-0.6338,
1886,1,-0.813,-0.8733,-0.7122,-0.9038,
1886,2,-0.8252,-0.9333,-0.7922,-0.8178,
1886,3,-0.8213,-0.8633,-0.8522,-0.8418,
1886,4,-0.6988,-0.7133,-0.6622,-0.7148,
1886,5,-0.6339,-0.6733,-0.6522,-0.7658,
1886,6,-0.8527,-0.7733,-0.6722,-0.9198,
1886,7,-0.6518,-0.6033,-0.5922,-0.7938,
1886,8,-0.8038,-0.7333,-0.5622,-0.8458,
1886,9,-0.7349,-0.6633,-0.6922,-0.8988,
1886,10,-0.7538,-0.7033,-0.7522,-0.8428,
1886,11,-0.8309,-0.7033,-0.7222,-0.9228,
1886,12,-0.7358,-0.6833,-0.6422,-0.8568,
1887,1,-1.0874,-1.1433,-1.0622,-1.1508,
1887,2,-1.0014,-0.9933,-0.8822,-1.0588,
1887,3,-0.7903,-0.7833,-0.8222,-0.8908,
1887,4,-0.8281,-0.7733,-0.7722,-0.8138,
1887,5,-0.8666,-0.7333,-0.7822,-0.9638,
1887,6,-0.8659,-0.6733,-0.7022,-0.9408,
1887,7,-0.7322,-0.6833,-0.6422,-0.7868,
1887,8,-0.7928,-0.7833,-0.6722,-0.9488,
1887,9,-0.7331,-0.6833,-0.6222,-0.9338,
1887,10,-0.7893,-0.7833,-0.7922,-0.7818,
1887,11,-0.7883,-0.6833,-0.7322,-0.8288,
1887,12,-0.8427,-0.7633,-0.7922,-0.7888,
1888,1,-0.9694,-0.7633,-0.6222,-0.8768,
1888,2,-0.9406,-0.7933,-0.7522,-0.9138,
1888,3,-0.947,-0.8433,-0.6622,-0.8388,
1888,4,-0.6993,-0.6333,-0.7322,-0.8278,
1888,5,-0.7544,-0.6533,-0.5922,-0.7668,
1888,6,-0.6706,-0.6033,-0.5422,-0.6278,
1888,7,-0.7004,-0.5333,-0.4522,-0.8458,
1888,8,-0.6589,-0.5833,-0.4922,-0.7668,
1888,9,-0.6746,-0.5433,-0.5922,-0.6658,
1888,10,-0.514,-0.4133,-0.3422,-0.5068,
1888,11,-0.6108,-0.4033,-0.3422,-0.5638,
1888,12,-0.6021,-0.4733,-0.4522,-0.4738,
1889,1,-0.6472,-0.5233,-0.4022,-0.5218,
1889,2,-0.3599,-0.2633,-0.2522,-0.3588,
1889,3,-0.4347,-0.3733,-0.3522,-0.2858,
1889,4,-0.4377,-0.3433,-0.3822,-0.4188,
1889,5,-0.5125,-0.4433,-0.3722,-0.5268,
1889,6,-0.5715,-0.5333,-0.4622,-0.6688,
1889,7,-0.6614,-0.5033,-0.5022,-0.6858,
1889,8,-0.6708,-0.6333,-0.4922,-0.7838,
1889,9,-0.7059,-0.6633,-0.5622,-0.8048,
1889,10,-0.7175,-0.6833,-0.6322,-0.6968,
1889,11,-0.864,-0.7633,-0.7222,-0.7968,
1889,12,-0.7001,-0.7133,-0.6622,-0.6328,
1890,1,-0.8707,-0.8533,-0.7922,-0.8478,
1890,2,-0.8038,-0.8833,-0.7222,-0.7478,
1890,3,-0.9721,-0.8333,-0.7122,-0.8578,
1890,4,-0.8475,-0.7233,-0.7922,-0.8018,
1890,5,-0.885,-0.8233,-0.6922,-0.8128,
1890,6,-0.8408,-0.6733,-0.7422,-0.8498,
1890,7,-0.8411,-0.7133,-0.6822,-0.9558,
1890,8,-0.8241,-0.8233,-0.7522,-0.8958,
1890,9,-0.8329,-0.7933,-0.7822,-0.9338,
1890,10,-0.7932,-0.6833,-0.6522,-0.7458,
1890,11,-1.0239,-0.8733,-0.8622,-0.9858,
1890,12,-0.7365,-0.7433,-0.6722,-0.7788,
1891,1,-0.9284,-0.7633,-0.7322,-0.8408,
1891,2,-0.9478,-0.8933,-0.8922,-1.0168,
1891,3,-0.7115,-0.6033,-0.6222,-0.6838,
1891,4,-0.7927,-0.7033,-0.6822,-0.7588,
1891,5,-0.6891,-0.5933,-0.5522,-0.6618,
1891,6,-0.7204,-0.6333,-0.5322,-0.6638,
1891,7,-0.755,-0.6033,-0.6322,-0.9028,
1891,8,-0.715,-0.6033,-0.6222,-0.7918,
1891,9,-0.615,-0.5833,-0.6322,-0.6838,
1891,10,-0.6887,-0.6433,-0.6222,-0.6588,
1891,11,-0.883,-0.7433,-0.7922,-0.7948,
1891,12,-0.5759,-0.4633,-0.5922,-0.6588,
1892,1,-0.826,-0.7233,-0.6322,-0.6728,
1892,2,-0.6428,-0.5433,-0.5222,-0.6908,
1892,3,-0.8769,-0.8233,-0.6422,-0.8058,
1892,4,-0.8913,-0.7633,-0.7522,-0.8518,
1892,5,-0.8052,-0.6533,-0.8022,-0.8298,
1892,6,-0.7857,-0.6433,-0.6922,-0.9078,
1892,7,-0.9449,-0.7433,-0.8322,-0.9928,
1892,8,-0.8652,-0.6933,-0.7622,-0.9048,
1892,9,-0.7412,-0.5933,-0.7422,-0.8508,
1892,10,-0.7907,-0.5633,-0.8522,-0.8528,
1892,11,-1.016,-0.8533,-0.9322,-1.0248,
1892,12,-1.1429,-0.8233,-0.7822,-0.9798,
1893,1,-1.3948,-1.2333,-1.0222,-1.1858,
1893,2,-1.2007,-0.9933,-0.8022,-1.0088,
1893,3,-0.7746,-0.6533,-0.7922,-0.7898,
1893,4,-0.8623,-0.7033,-0.7922,-0.8208,
1893,5,-0.9232,-0.7633,-0.7622,-0.8098,
1893,6,-0.8061,-0.6833,-0.5722,-0.7718,
1893,7,-0.6059,-0.5633,-0.5822,-0.6748,
1893,8,-0.6489,-0.6733,-0.6622,-0.8498,
1893,9,-0.7221,-0.6433,-0.7222,-0.8188,
1893,10,-0.6587,-0.6033,-0.6522,-0.7058,
1893,11,-0.7556,-0.6133,-0.8122,-0.7908,
1893,12,-0.8309,-0.7433,-0.8122,-0.8258,
1894,1,-0.9845,-0.9533,-1.0022,-0.9678,
1894,2,-0.7727,-0.7233,-0.8422,-0.8538,
1894,3,-0.8512,-0.6633,-0.7722,-0.7928,
1894,4,-0.8771,-0.8733,-0.8122,-0.7558,
1894,5,-0.8667,-0.7433,-0.6822,-0.7708,
1894,6,-0.9325,-0.8333,-0.8022,-0.8828,
1894,7,-0.7509,-0.6633,-0.5822,-0.7158,
1894,8,-0.7084,-0.6633,-0.5522,-0.6688,
1894,9,-0.7924,-0.7033,-0.7222,-0.7988,
1894,10,-0.7512,-0.6533,-0.7822,-0.7778,
1894,11,-0.8034,-0.6833,-0.7922,-0.7538,
1894,12,-0.8915,-0.6333,-0.7422,-0.9048,
1895,1,-0.9898,-0.8333,-0.8022,-0.8778,
1895,2,-0.9853,-0.8533,-0.8422,-0.8938,
1895,3,-0.9625,-0.7533,-0.7122,-0.7818,
1895,4,-0.8008,-0.6433,-0.6022,-0.7198,
1895,5,-0.8219,-0.6933,-0.6722,-0.7028,
1895,6,-0.7736,-0.6333,-0.6222,-0.7048,
1895,7,-0.6912,-0.5933,-0.5022,-0.6518,
1895,8,-0.7284,-0.5933,-0.5222,-0.7128,
1895,9,-0.7406,-0.5433,-0.6522,-0.7168,
1895,10,-0.6673,-0.5333,-0.6922,-0.6298,
1895,11,-0.6654,-0.5933,-0.5522,-0.6158,
1895,12,-0.7134,-0.5733,-0.6622,-0.6958,
1896,1,-0.6679,-0.6533,-0.5822,-0.5988,
1896,2,-0.6818,-0.5533,-0.6422,-0.6638,
1896,3,-0.933,-0.6933,-0.6222,-0.6708,
1896,4,-0.8819,-0.7333,-0.7422,-0.7248,
1896,5,-0.6999,-0.5833,-0.6722,-0.6468,
1896,6,-0.5765,-0.5433,-0.4422,-0.4948,
1896,7,-0.5375,-0.4533,-0.4622,-0.5908,
1896,8,-0.5284,-0.4833,-0.4122,-0.4868,
1896,9,-0.5081,-0.5033,-0.5022,-0.6298,
1896,10,-0.4702,-0.3633,-0.4622,-0.4908,
1896,11,-0.6607,-0.4733,-0.5222,-0.5928,
1896,12,-0.4355,-0.4733,-0.5322,-0.4728,
1897,1,-0.6423,-0.5833,-0.5422,-0.5248,
1897,2,-0.6906,-0.5933,-0.6522,-0.6358,
1897,3,-0.7632,-0.5633,-0.5922,-0.5978,
1897,4,-0.4611,-0.4533,-0.4522,-0.4988,
1897,5,-0.4742,-0.4433,-0.5222,-0.5138,
1897,6,-0.5233,-0.5433,-0.5222,-0.5408,
1897,7,-0.5425,-0.4533,-0.4822,-0.5318,
1897,8,-0.5361,-0.5233,-0.4422,-0.5168,
1897,9,-0.5292,-0.5133,-0.5622,-0.5988,
1897,10,-0.5589,-0.5533,-0.6322,-0.5308,
1897,11,-0.7633,-0.6133,-0.5622,-0.6368,
1897,12,-0.8069,-0.6333,-0.5222,-0.6178,
1898,1,-0.5385,-0.4533,-0.6522,-0.5318,
1898,2,-0.8964,-0.7333,-0.7822,-0.8438,
1898,3,-1.1863,-0.9433,-0.8922,-0.8748,
1898,4,-1.0139,-0.7333,-0.7622,-0.7778,
1898,5,-0.901,-0.7333,-0.7022,-0.7918,
1898,6,-0.6876,-0.6233,-0.5622,-0.6238,
1898,7,-0.7437,-0.6533,-0.5422,-0.6938,
1898,8,-0.7474,-0.6933,-0.5222,-0.8058,
1898,9,-0.713,-0.6433,-0.5722,-0.6738,
1898,10,-0.8285,-0.7733,-0.7622,-0.7828,
1898,11,-0.8486,-0.8133,-0.8022,-0.7968,
1898,12,-0.8202,-0.6633,-0.6622,-0.8618,
1899,1,-0.6972,-0.5933,-0.7022,-0.6808,
1899,2,-0.8809,-0.8133,-0.7422,-0.7318,
1899,3,-0.916,-0.7933,-0.6922,-0.7348,
1899,4,-0.7711,-0.6333,-0.6722,-0.7188,
1899,5,-0.7109,-0.6533,-0.6222,-0.6478,
1899,6,-0.8608,-0.7433,-0.6922,-0.7778,
1899,7,-0.7171,-0.5833,-0.5222,-0.6678,
1899,8,-0.5894,-0.5133,-0.4822,-0.5318,
1899,9,-0.4964,-0.4733,-0.4322,-0.5188,
1899,10,-0.529,-0.4633,-0.5422,-0.4748,
1899,11,-0.3985,-0.3033,-0.4722,-0.3848,
1899,12,-0.8007,-0.6933,-0.4622,-0.5868,
1900,1,-0.8349,-0.7933,-0.6922,-0.6618,
1900,2,-0.5449,-0.4833,-0.3622,-0.3218,
1900,3,-0.5524,-0.4233,-0.4822,-0.4768,
1900,4,-0.5773,-0.5233,-0.5222,-0.5758,
1900,5,-0.6535,-0.5133,-0.5322,-0.6018,
1900,6,-0.5767,-0.5233,-0.4422,-0.5118,
1900,7,-0.563,-0.5533,-0.5122,-0.6148,
1900,8,-0.5634,-0.5133,-0.5122,-0.5888,
1900,9,-0.5462,-0.4833,-0.5422,-0.5328,
1900,10,-0.4115,-0.3333,-0.4422,-0.3838,
1900,11,-0.6102,-0.4933,-0.5322,-0.5808,
1900,12,-0.5672,-0.4933,-0.4522,-0.5158,
1901,1,-0.6178,-0.6433,-0.5922,-0.6408,
1901,2,-0.612,-0.5333,-0.5522,-0.5288,
1901,3,-0.5334,-0.3633,-0.3722,-0.5548,
1901,4,-0.5186,-0.4533,-0.4122,-0.5078,
1901,5,-0.5878,-0.5733,-0.5222,-0.4828,
1901,6,-0.61,-0.5433,-0.5622,-0.5728,
1901,7,-0.6988,-0.5733,-0.5522,-0.6078,
1901,8,-0.5643,-0.6233,-0.5322,-0.6128,
1901,9,-0.7095,-0.6533,-0.6322,-0.6658,
1901,10,-0.6888,-0.7133,-0.6822,-0.7108,
1901,11,-0.7271,-0.5933,-0.6122,-0.7348,
1901,12,-0.8182,-0.7033,-0.5222,-0.6488,
1902,1,-0.7783,-0.5933,-0.6122,-0.6638,
1902,2,-0.5781,-0.5133,-0.4822,-0.5268,
1902,3,-0.8086,-0.7033,-0.7222,-0.7928,
1902,4,-0.7977,-0.7033,-0.6622,-0.7268,
1902,5,-0.788,-0.7533,-0.6222,-0.7328,
1902,6,-0.8026,-0.7433,-0.5622,-0.7378,
1902,7,-0.7647,-0.7033,-0.5722,-0.7508,
1902,8,-0.7834,-0.7233,-0.6122,-0.8228,
1902,9,-0.7258,-0.7133,-0.6622,-0.7158,
1902,10,-0.8503,-0.7233,-0.6822,-0.8708,
1902,11,-0.9071,-0.7933,-0.7022,-0.8688,
1902,12,-0.9016,-0.8533,-0.7522,-0.8578,
1903,1,-0.7754,-0.6733,-0.6222,-0.6488,
1903,2,-0.5875,-0.4933,-0.6522,-0.6548,
1903,3,-0.7595,-0.6633,-0.6022,-0.6928,
1903,4,-0.9432,-0.8433,-0.8422,-0.9638,
1903,5,-0.8667,-0.8233,-0.7022,-0.8378,
1903,6,-0.9025,-0.8533,-0.7022,-0.7898,
1903,7,-0.8641,-0.7733,-0.7522,-0.8988,
1903,8,-0.9643,-0.8733,-0.8022,-1.0668,
1903,9,-0.9242,-0.9133,-0.8222,-0.8928,
1903,10,-1.0272,-0.8933,-0.8822,-0.9308,
1903,11,-0.9845,-0.8433,-0.7422,-0.9898,
1903,12,-1.0608,-0.9433,-0.9222,-0.9738,
1904,1,-1.1507,-1.0633,-1.0122,-1.1058,
1904,2,-1.12,-1.0133,-0.9422,-1.1018,
1904,3,-1.0473,-0.9433,-0.7222,-0.9378,
1904,4,-0.9981,-0.9333,-0.9122,-0.9348,
1904,5,-0.965,-0.9433,-0.8722,-0.9218,
1904,6,-0.9219,-0.9133,-0.8122,-0.8828,
1904,7,-0.9118,-0.9433,-0.8122,-0.9268,
1904,8,-0.8378,-0.9233,-0.7922,-0.8728,
1904,9,-0.9539,-0.9833,-0.8422,-0.9378,
1904,10,-0.9057,-0.8233,-0.7622,-0.8168,
1904,11,-0.7462,-0.6133,-0.6222,-0.7068,
1904,12,-0.8477,-0.7633,-0.6422,-0.8048,
1905,1,-0.8101,-0.7833,-0.7022,-0.8288,
1905,2,-1.0688,-1.0233,-0.9322,-1.0868,
1905,3,-0.8725,-0.6433,-0.6722,-0.9028,
1905,4,-0.9115,-0.7633,-0.7422,-0.9308,
1905,5,-0.7874,-0.7233,-0.6422,-0.7468,
1905,6,-0.6983,-0.7133,-0.5522,-0.6838,
1905,7,-0.729,-0.6933,-0.5722,-0.6738,
1905,8,-0.6588,-0.6233,-0.6622,-0.7508,
1905,9,-0.7006,-0.6133,-0.7222,-0.7558,
1905,10,-0.6881,-0.6733,-0.7522,-0.6888,
1905,11,-0.5692,-0.5033,-0.6222,-0.7198,
1905,12,-0.6175,-0.5633,-0.7122,-0.6148,
1906,1,-0.6377,-0.7133,-0.7722,-0.6938,
1906,2,-0.73,-0.7233,-0.6422,-0.6888,
1906,3,-0.6345,-0.6133,-0.6122,-0.5768,
1906,4,-0.4534,-0.4833,-0.4622,-0.4928,
1906,5,-0.7256,-0.6833,-0.6122,-0.7748,
1906,6,-0.5822,-0.6233,-0.5422,-0.5958,
1906,7,-0.6999,-0.6533,-0.5222,-0.6178,
1906,8,-0.6259,-0.6233,-0.6522,-0.6778,
1906,9,-0.7058,-0.7033,-0.6322,-0.7348,
1906,10,-0.6736,-0.6233,-0.6022,-0.6028,
1906,11,-0.884,-0.8033,-0.6722,-0.7688,
1906,12,-0.6704,-0.5733,-0.4522,-0.6878,
1907,1,-0.8694,-0.8533,-0.7522,-0.8748,
1907,2,-0.9694,-0.9333,-0.9022,-0.9578,
1907,3,-0.7815,-0.6933,-0.7022,-0.7488,
1907,4,-0.8262,-0.7933,-0.8422,-0.7988,
1907,5,-0.991,-0.8833,-0.8522,-0.9858,
1907,6,-0.8926,-0.8433,-0.7922,-0.8828,
1907,7,-0.7856,-0.7733,-0.6922,-0.8368,
1907,8,-0.8464,-0.7733,-0.7122,-0.8868,
1907,9,-0.7539,-0.7633,-0.7122,-0.8458,
1907,10,-0.6866,-0.6533,-0.6522,-0.6638,
1907,11,-0.9023,-0.8933,-0.7922,-0.9188,
1907,12,-0.9361,-0.8933,-0.8422,-0.8638,
1908,1,-0.807,-0.8733,-0.8922,-0.9058,
1908,2,-0.7604,-0.7533,-0.6522,-0.8178,
1908,3,-1.0503,-0.9833,-0.9022,-1.0688,
1908,4,-0.9354,-0.8733,-0.9322,-1.0378,
1908,5,-0.7922,-0.8033,-0.7722,-0.8668,
1908,6,-0.7633,-0.8133,-0.7322,-0.8758,
1908,7,-0.7498,-0.7833,-0.7022,-0.7788,
1908,8,-0.8352,-0.8933,-0.8322,-0.9258,
1908,9,-0.7373,-0.7833,-0.7822,-0.8098,
1908,10,-0.9217,-0.8633,-0.8522,-0.8168,
1908,11,-0.9918,-0.9433,-0.8322,-0.9778,
1908,12,-0.984,-0.9233,-0.8422,-0.9738,
1909,1,-1.1089,-1.1633,-1.0222,-1.1218,
1909,2,-0.8872,-0.8933,-0.7922,-0.9468,
1909,3,-1.0059,-0.9733,-0.8822,-1.0118,
1909,4,-0.9856,-1.0233,-0.8722,-1.0178,
1909,5,-0.9437,-0.9733,-0.8022,-0.9728,
1909,6,-0.8614,-0.9433,-0.8122,-0.8938,
1909,7,-0.8817,-0.8833,-0.8022,-0.9508,
1909,8,-0.683,-0.7633,-0.7322,-0.7358,
1909,9,-0.7621,-0.8133,-0.7422,-0.8048,
1909,10,-0.8439,-0.8233,-0.7222,-0.8248,
1909,11,-0.7386,-0.7533,-0.6722,-0.8008,
1909,12,-0.9461,-0.9933,-0.8022,-0.9028,
1910,1,-0.7721,-0.8533,-0.7222,-0.8138,
1910,2,-0.8592,-0.8433,-0.7922,-0.8378,
1910,3,-0.9563,-0.9333,-0.8422,-0.9558,
1910,4,-0.8801,-0.8533,-0.8022,-0.9868,
1910,5,-0.8777,-0.7733,-0.7322,-0.8358,
1910,6,-0.9069,-0.8233,-0.7222,-0.8968,
1910,7,-0.7967,-0.7733,-0.7222,-0.7938,
1910,8,-0.7452,-0.7933,-0.6722,-0.8478,
1910,9,-0.772,-0.8133,-0.7422,-0.8468,
1910,10,-0.8321,-0.8333,-0.7922,-0.8058,
1910,11,-1.0227,-1.0033,-0.7622,-1.0038,
1910,12,-1.0993,-1.1033,-0.9222,-1.0408,
1911,1,-1.0118,-1.0533,-0.9422,-0.9988,
1911,2,-1.062,-1.0133,-1.0022,-1.0798,
1911,3,-1.1196,-1.0333,-1.0022,-1.0518,
1911,4,-0.9973,-0.9733,-0.7922,-1.0358,
1911,5,-0.9961,-0.9433,-0.8522,-0.9638,
1911,6,-0.915,-0.9333,-0.8222,-0.9428,
1911,7,-0.8517,-0.8533,-0.7822,-0.9408,
1911,8,-0.8645,-0.8633,-0.7722,-0.9198,
1911,9,-0.8558,-0.8333,-0.7322,-0.8818,
1911,10,-0.7068,-0.6933,-0.6222,-0.6738,
1911,11,-0.6987,-0.6433,-0.6022,-0.6798,
1911,12,-0.6578,-0.6533,-0.6022,-0.5838,
1912,1,-0.6816,-0.7033,-0.6922,-0.6848,
1912,2,-0.667,-0.5933,-0.6222,-0.6098,
1912,3,-0.9113,-0.8233,-0.7922,-0.7948,
1912,4,-0.692,-0.6133,-0.6122,-0.6948,
1912,5,-0.6898,-0.6433,-0.6222,-0.7518,
1912,6,-0.6451,-0.6733,-0.6222,-0.6328,
1912,7,-0.865,-0.8533,-0.7522,-0.7528,
1912,8,-0.9352,-0.9733,-0.8522,-0.9488,
1912,9,-1.001,-1.0033,-0.8422,-0.9748,
1912,10,-1.0399,-1.0133,-0.9522,-0.9438,
1912,11,-0.9112,-0.8233,-0.6622,-0.8358,
1912,12,-0.9312,-0.8633,-0.7022,-0.8658,
1913,1,-0.901,-0.8433,-0.7722,-0.9328,
1913,2,-0.8948,-0.8933,-0.7322,-0.9368,
1913,3,-0.9563,-0.8633,-0.8222,-0.9248,
1913,4,-0.8776,-0.8333,-0.7822,-0.8078,
1913,5,-0.9022,-0.8733,-0.7822,-0.8978,
1913,6,-0.901,-0.8833,-0.7422,-0.8508,
1913,7,-0.8421,-0.7933,-0.6822,-0.8248,
1913,8,-0.7549,-0.7633,-0.6422,-0.8008,
1913,9,-0.773,-0.7733,-0.7222,-0.8788,
1913,10,-0.797,-0.7533,-0.7122,-0.7408,
1913,11,-0.7166,-0.6333,-0.6222,-0.6518,
1913,12,-0.5048,-0.4633,-0.4222,-0.4238,
1914,1,-0.4262,-0.4033,-0.4722,-0.5458,
1914,2,-0.6102,-0.5333,-0.5122,-0.6858,
1914,3,-0.7474,-0.6833,-0.6422,-0.7908,
1914,4,-0.756,-0.7333,-0.5822,-0.7858,
1914,5,-0.6634,-0.6433,-0.5622,-0.7648,
1914,6,-0.6655,-0.6833,-0.5622,-0.6828,
1914,7,-0.6527,-0.6733,-0.6422,-0.6208,
1914,8,-0.6008,-0.5933,-0.6222,-0.5898,
1914,9,-0.6576,-0.6033,-0.6122,-0.6598,
1914,10,-0.4649,-0.4633,-0.4522,-0.4258,
1914,11,-0.5372,-0.5933,-0.4022,-0.5608,
1914,12,-0.5928,-0.4733,-0.4322,-0.5608,
1915,1,-0.6382,-0.6433,-0.6022,-0.6918,
1915,2,-0.5685,-0.4633,-0.5422,-0.6308,
1915,3,-0.5502,-0.5333,-0.4322,-0.4548,
1915,4,-0.4401,-0.3633,-0.3422,-0.4768,
1915,5,-0.5313,-0.4833,-0.4322,-0.4878,
1915,6,-0.5293,-0.6533,-0.5022,-0.5188,
1915,7,-0.5319,-0.5533,-0.4122,-0.5648,
1915,8,-0.4195,-0.6533,-0.4522,-0.5508,
1915,9,-0.4676,-0.6333,-0.5022,-0.6298,
1915,10,-0.637,-0.6733,-0.5922,-0.5568,
1915,11,-0.5254,-0.5633,-0.4422,-0.4878,
1915,12,-0.7075,-0.6433,-0.6522,-0.6908,
1916,1,-0.6912,-0.5633,-0.5722,-0.6668,
1916,2,-0.62,-0.5733,-0.6322,-0.5608,
1916,3,-0.79,-0.7133,-0.6722,-0.7678,
1916,4,-0.7353,-0.7333,-0.5822,-0.7378,
1916,5,-0.7818,-0.7833,-0.6222,-0.7378,
1916,6,-0.8532,-0.9233,-0.6522,-0.8108,
1916,7,-0.7416,-0.7933,-0.7222,-0.7338,
1916,8,-0.6516,-0.7033,-0.6522,-0.7388,
1916,9,-0.6805,-0.7833,-0.6822,-0.8058,
1916,10,-0.7276,-0.7533,-0.7422,-0.8978,
1916,11,-0.8649,-0.8933,-0.9122,-0.9588,
1916,12,-1.1666,-1.2433,-1.0622,-1.1128,
1917,1,-1.0475,-0.9933,-0.9122,-1.0798,
1917,2,-1.0719,-1.0533,-1.0122,-1.1148,
1917,3,-1.1355,-1.0533,-1.0822,-1.2228,
1917,4,-0.899,-0.9733,-0.8322,-0.9348,
1917,5,-0.996,-0.9833,-0.9322,-1.0208,
1917,6,-0.8343,-0.8633,-0.7722,-0.8698,
1917,7,-0.6128,-0.6833,-0.5622,-0.6718,
1917,8,-0.6943,-0.6533,-0.6722,-0.7148,
1917,9,-0.6586,-0.6533,-0.6422,-0.6388,
1917,10,-0.8886,-0.8733,-0.8522,-0.8308,
1917,11,-0.8107,-0.7633,-0.8122,-0.9038,
1917,12,-1.1431,-1.1033,-1.0222,-1.1588,
1918,1,-0.8742,-0.9033,-0.9222,-0.9508,
1918,2,-1.0327,-0.7733,-0.9122,-1.0608,
1918,3,-0.9377,-0.6833,-0.7622,-0.9348,
1918,4,-0.9819,-0.8733,-0.9022,-0.9228,
1918,5,-0.8824,-0.8533,-0.8222,-0.9058,
1918,6,-0.7448,-0.7933,-0.8222,-0.8098,
1918,7,-0.726,-0.7433,-0.6622,-0.7268,
1918,8,-0.7995,-0.7433,-0.7622,-0.8408,
1918,9,-0.6297,-0.5933,-0.6022,-0.6508,
1918,10,-0.4726,-0.4833,-0.5522,-0.4758,
1918,11,-0.5245,-0.5433,-0.6022,-0.4708,
1918,12,-0.7725,-0.7233,-0.6622,-0.6758,
1919,1,-0.5988,-0.6233,-0.5022,-0.6808,
1919,2,-0.5916,-0.6633,-0.6622,-0.6318,
1919,3,-0.749,-0.6333,-0.7122,-0.7858,
1919,4,-0.565,-0.5533,-0.4322,-0.5868,
1919,5,-0.6681,-0.7033,-0.5922,-0.6898,
1919,6,-0.7244,-0.7833,-0.6322,-0.7278,
1919,7,-0.676,-0.7133,-0.6522,-0.7578,
1919,8,-0.6132,-0.7533,-0.6822,-0.7838,
1919,9,-0.6495,-0.6733,-0.5522,-0.7398,
1919,10,-0.6279,-0.6233,-0.6722,-0.7058,
1919,11,-0.9163,-0.8433,-0.6822,-0.8078,
1919,12,-0.8739,-0.8533,-0.6822,-0.7968,
1920,1,-0.6315,-0.6833,-0.4622,-0.6348,
1920,2,-0.901,-0.6933,-0.6322,-0.7508,
1920,3,-0.5243,-0.5433,-0.4722,-0.6108,
1920,4,-0.6972,-0.6733,-0.6822,-0.6998,
1920,5,-0.6163,-0.6933,-0.5322,-0.6668,
1920,6,-0.6075,-0.7833,-0.5822,-0.6078,
1920,7,-0.6736,-0.7333,-0.6422,-0.7088,
1920,8,-0.5888,-0.6833,-0.6322,-0.6368,
1920,9,-0.5605,-0.6433,-0.5822,-0.5618,
1920,10,-0.5775,-0.6933,-0.5822,-0.5878,
1920,11,-0.6943,-0.7033,-0.6622,-0.6238,
1920,12,-0.8469,-0.8933,-0.8022,-0.7918,
1921,1,-0.5851,-0.4733,-0.5122,-0.6388,
1921,2,-0.6505,-0.6033,-0.6622,-0.6458,
1921,3,-0.7032,-0.6533,-0.6522,-0.7598,
1921,4,-0.6491,-0.7233,-0.6422,-0.7118,
1921,5,-0.6556,-0.7233,-0.5922,-0.7378,
1921,6,-0.5163,-0.6933,-0.5522,-0.6168,
1921,7,-0.5072,-0.5733,-0.5222,-0.5048,
1921,8,-0.6724,-0.6933,-0.6122,-0.5828,
1921,9,-0.5522,-0.6133,-0.6022,-0.5898,
1921,10,-0.4848,-0.4533,-0.5222,-0.4588,
1921,11,-0.5493,-0.5733,-0.5122,-0.5538,
1921,12,-0.6361,-0.6033,-0.5222,-0.5548,
1922,1,-0.7739,-0.7633,-0.6622,-0.7498,
1922,2,-0.7611,-0.8733,-0.8022,-0.7818,
1922,3,-0.6861,-0.5733,-0.5722,-0.6568,
1922,4,-0.6502,-0.6533,-0.5722,-0.5978,
1922,5,-0.8237,-0.7533,-0.7222,-0.7808,
1922,6,-0.6519,-0.7333,-0.6922,-0.7448,
1922,7,-0.6189,-0.6933,-0.6722,-0.6278,
1922,8,-0.7093,-0.7533,-0.7422,-0.7348,
1922,9,-0.6719,-0.7733,-0.6722,-0.7318,
1922,10,-0.703,-0.7333,-0.6822,-0.6778,
1922,11,-0.6096,-0.5633,-0.4722,-0.6588,
1922,12,-0.663,-0.6233,-0.5122,-0.6838,
1923,1,-0.7598,-0.6933,-0.6622,-0.7248,
1923,2,-0.8442,-0.8133,-0.7022,-0.8258,
1923,3,-0.8149,-0.7633,-0.7822,-0.8438,
1923,4,-0.7631,-0.8333,-0.7022,-0.7828,
1923,5,-0.7561,-0.7633,-0.6822,-0.7038,
1923,6,-0.6146,-0.7133,-0.5822,-0.5818,
1923,7,-0.7698,-0.7333,-0.7422,-0.6898,
1923,8,-0.6765,-0.7633,-0.7522,-0.6978,
1923,9,-0.689,-0.7333,-0.6922,-0.7188,
1923,10,-0.5239,-0.5533,-0.5922,-0.4958,
1923,11,-0.3806,-0.4433,-0.4122,-0.4208,
1923,12,-0.4468,-0.4633,-0.4322,-0.3778,
1924,1,-0.6836,-0.6433,-0.6122,-0.7198,
1924,2,-0.6651,-0.6533,-0.6022,-0.6098,
1924,3,-0.5329,-0.5133,-0.5122,-0.5218,
1924,4,-0.6936,-0.7233,-0.6122,-0.7568,
1924,5,-0.5674,-0.6033,-0.5722,-0.6288,
1924,6,-0.6251,-0.6833,-0.6122,-0.6028,
1924,7,-0.6513,-0.7133,-0.7122,-0.6688,
1924,8,-0.6692,-0.7833,-0.7022,-0.7738,
1924,9,-0.6808,-0.7433,-0.6822,-0.7048,
1924,10,-0.7146,-0.7733,-0.6722,-0.6818,
1924,11,-0.6387,-0.6233,-0.6222,-0.6378,
1924,12,-0.8452,-0.8533,-0.7222,-0.8238,
1925,1,-0.8401,-0.8033,-0.8422,-0.8548,
1925,2,-0.8298,-0.8133,-0.7222,-0.8868,
1925,3,-0.7293,-0.6933,-0.6522,-0.7228,
1925,4,-0.6563,-0.6833,-0.5722,-0.6998,
1925,5,-0.6628,-0.7133,-0.6322,-0.6388,
1925,6,-0.6955,-0.7533,-0.6422,-0.6538,
1925,7,-0.6928,-0.6933,-0.6222,-0.6648,
1925,8,-0.5211,-0.6333,-0.6122,-0.5948,
1925,9,-0.6095,-0.6233,-0.6322,-0.6228,
1925,10,-0.6378,-0.5933,-0.5422,-0.5088,
1925,11,-0.3996,-0.3733,-0.4522,-0.4628,
1925,12,-0.3369,-0.3633,-0.3822,-0.3718,
1926,1,-0.266,-0.2133,-0.2722,-0.2978,
1926,2,-0.3795,-0.4033,-0.4222,-0.4808,
1926,3,-0.3319,-0.3133,-0.2922,-0.4098,
1926,4,-0.5126,-0.5533,-0.4322,-0.5638,
1926,5,-0.622,-0.6533,-0.6322,-0.6268,
1926,6,-0.536,-0.6833,-0.5422,-0.5588,
1926,7,-0.5644,-0.6933,-0.6522,-0.6568,
1926,8,-0.4568,-0.5533,-0.5622,-0.5778,
1926,9,-0.4732,-0.5633,-0.5422,-0.5338,
1926,10,-0.4241,-0.5333,-0.4022,-0.3678,
1926,11,-0.4653,-0.4933,-0.5122,-0.4728,
1926,12,-0.6724,-0.7233,-0.6622,-0.6108,
1927,1,-0.6656,-0.6933,-0.6722,-0.6628,
1927,2,-0.5619,-0.6033,-0.5422,-0.5688,
1927,3,-0.7639,-0.8133,-0.7822,-0.7438,
1927,4,-0.6711,-0.7333,-0.7122,-0.7448,
1927,5,-0.5867,-0.6833,-0.6222,-0.6118,
1927,6,-0.6051,-0.7033,-0.5822,-0.6078,
1927,7,-0.5664,-0.6133,-0.5822,-0.5008,
1927,8,-0.5621,-0.6633,-0.4622,-0.5118,
1927,9,-0.464,-0.5433,-0.5222,-0.5498,
1927,10,-0.3768,-0.4333,-0.4022,-0.2908,
1927,11,-0.4759,-0.4833,-0.4622,-0.4278,
1927,12,-0.6753,-0.7533,-0.7322,-0.7078,
1928,1,-0.3804,-0.4433,-0.4922,-0.4228,
1928,2,-0.4783,-0.5133,-0.5322,-0.5338,
1928,3,-0.6737,-0.6733,-0.6322,-0.6728,
1928,4,-0.5915,-0.7133,-0.6422,-0.6358,
1928,5,-0.6576,-0.7233,-0.6222,-0.6728,
1928,6,-0.6877,-0.8133,-0.6022,-0.6538,
1928,7,-0.5458,-0.6233,-0.6022,-0.5828,
1928,8,-0.5327,-0.6433,-0.6422,-0.6008,
1928,9,-0.5618,-0.6333,-0.5322,-0.5708,
1928,10,-0.5418,-0.6133,-0.5822,-0.5308,
1928,11,-0.5282,-0.5233,-0.4922,-0.5778,
1928,12,-0.5872,-0.5833,-0.5322,-0.5498,
1929,1,-0.7899,-0.8733,-0.7722,-0.7628,
1929,2,-0.9566,-1.0033,-0.8522,-0.8948,
1929,3,-0.8405,-0.7533,-0.6922,-0.8168,
1929,4,-0.7962,-0.8433,-0.7822,-0.8378,
1929,5,-0.7904,-0.8033,-0.7522,-0.8288,
1929,6,-0.7587,-0.8533,-0.7822,-0.6508,
1929,7,-0.7907,-0.7933,-0.8122,-0.7718,
1929,8,-0.6173,-0.7533,-0.5922,-0.5898,
1929,9,-0.6286,-0.6733,-0.6222,-0.6818,
1929,10,-0.5694,-0.5633,-0.5722,-0.5478,
1929,11,-0.4926,-0.5433,-0.5522,-0.5078,
1929,12,-0.9175,-0.9733,-0.8722,-0.8608,
1930,1,-0.714,-0.7333,-0.6722,-0.6748,
1930,2,-0.6931,-0.6933,-0.6322,-0.6818,
1930,3,-0.5996,-0.5333,-0.5622,-0.5578,
1930,4,-0.5796,-0.6733,-0.5522,-0.6408,
1930,5,-0.6023,-0.6633,-0.5722,-0.5508,
1930,6,-0.5521,-0.6433,-0.5522,-0.4588,
1930,7,-0.535,-0.6333,-0.4722,-0.4798,
1930,8,-0.4455,-0.5733,-0.5622,-0.4348,
1930,9,-0.4482,-0.5733,-0.5522,-0.5088,
1930,10,-0.4365,-0.5433,-0.5022,-0.3998,
1930,11,-0.2807,-0.2533,-0.2422,-0.2508,
1930,12,-0.411,-0.4833,-0.4322,-0.4198,
1931,1,-0.4862,-0.5333,-0.4422,-0.4758,
1931,2,-0.6018,-0.6233,-0.5722,-0.6248,
1931,3,-0.459,-0.5333,-0.5022,-0.5538,
1931,4,-0.5217,-0.6533,-0.5722,-0.6018,
1931,5,-0.5492,-0.6233,-0.5622,-0.6238,
1931,6,-0.3761,-0.5033,-0.4422,-0.4378,
1931,7,-0.3618,-0.4633,-0.4422,-0.3898,
1931,8,-0.3821,-0.4633,-0.4122,-0.4348,
1931,9,-0.4046,-0.4933,-0.4122,-0.4058,
1931,10,-0.3777,-0.3633,-0.4122,-0.2868,
1931,11,-0.4934,-0.4833,-0.4322,-0.4378,
1931,12,-0.4565,-0.4733,-0.4422,-0.4498,
1932,1,-0.2726,-0.2733,-0.3022,-0.3328,
1932,2,-0.5335,-0.5933,-0.6222,-0.6758,
1932,3,-0.5482,-0.6033,-0.5122,-0.5758,
1932,4,-0.4177,-0.4833,-0.4622,-0.4648,
1932,5,-0.5138,-0.6033,-0.5422,-0.5348,
1932,6,-0.6089,-0.7133,-0.5422,-0.5698,
1932,7,-0.4853,-0.6733,-0.5722,-0.4838,
1932,8,-0.5427,-0.6433,-0.6822,-0.5538,
1932,9,-0.3572,-0.5333,-0.4222,-0.4168,
1932,10,-0.4492,-0.5133,-0.4922,-0.4758,
1932,11,-0.647,-0.6933,-0.6522,-0.6378,
1932,12,-0.6204,-0.6933,-0.5722,-0.5848,
1933,1,-0.6086,-0.6633,-0.5522,-0.6208,
1933,2,-0.6492,-0.7233,-0.6922,-0.6628,
1933,3,-0.6931,-0.7133,-0.6222,-0.7448,
1933,4,-0.5939,-0.6633,-0.6022,-0.6518,
1933,5,-0.5818,-0.7133,-0.6422,-0.6378,
1933,6,-0.6231,-0.7633,-0.6322,-0.6268,
1933,7,-0.5921,-0.6433,-0.6822,-0.6248,
1933,8,-0.462,-0.6633,-0.6222,-0.5678,
1933,9,-0.6367,-0.7133,-0.7622,-0.6728,
1933,10,-0.5551,-0.6733,-0.6222,-0.4978,
1933,11,-0.7126,-0.7333,-0.7022,-0.7108,
1933,12,-0.8237,-0.8733,-0.8022,-0.8428,
1934,1,-0.6292,-0.6333,-0.6622,-0.6578,
1934,2,-0.4482,-0.4533,-0.4922,-0.4618,
1934,3,-0.7358,-0.7133,-0.6622,-0.7408,
1934,4,-0.6737,-0.7333,-0.6322,-0.7268,
1934,5,-0.4466,-0.5233,-0.4822,-0.5308,
1934,6,-0.3961,-0.5733,-0.5222,-0.4608,
1934,7,-0.4833,-0.5333,-0.5322,-0.4958,
1934,8,-0.4162,-0.5433,-0.5322,-0.5408,
1934,9,-0.4409,-0.5733,-0.4922,-0.4838,
1934,10,-0.386,-0.4933,-0.4422,-0.3468,
1934,11,-0.2738,-0.3933,-0.3622,-0.2558,
1934,12,-0.4198,-0.4533,-0.4622,-0.4638,
1935,1,-0.6558,-0.7633,-0.6722,-0.7148,
1935,2,-0.2544,-0.2833,-0.2722,-0.2908,
1935,3,-0.5237,-0.5633,-0.5622,-0.5818,
1935,4,-0.6278,-0.8033,-0.7422,-0.6798,
1935,5,-0.6176,-0.7133,-0.6522,-0.6748,
1935,6,-0.5183,-0.6933,-0.6522,-0.5598,
1935,7,-0.451,-0.6433,-0.5122,-0.4478,
1935,8,-0.4565,-0.6433,-0.5122,-0.4968,
1935,9,-0.4957,-0.6333,-0.4922,-0.5218,
1935,10,-0.3665,-0.4833,-0.4622,-0.3978,
1935,11,-0.6297,-0.6833,-0.5822,-0.6538,
1935,12,-0.564,-0.5933,-0.5122,-0.5768,
1936,1,-0.7052,-0.7033,-0.7022,-0.7048,
1936,2,-0.6477,-0.8033,-0.6722,-0.7098,
1936,3,-0.6364,-0.6333,-0.6022,-0.6378,
1936,4,-0.4997,-0.6333,-0.5322,-0.5738,
1936,5,-0.4784,-0.5833,-0.5522,-0.5548,
1936,6,-0.4599,-0.6433,-0.5422,-0.4738,
1936,7,-0.3792,-0.5233,-0.4322,-0.4048,
1936,8,-0.3832,-0.5633,-0.3822,-0.4048,
1936,9,-0.4183,-0.5133,-0.5022,-0.4398,
1936,10,-0.3494,-0.4533,-0.3922,-0.3118,
1936,11,-0.3606,-0.4133,-0.4522,-0.4278,
1936,12,-0.4066,-0.4333,-0.4222,-0.3728,
1937,1,-0.4214,-0.5033,-0.4722,-0.4778,
1937,2,-0.2317,-0.3933,-0.3622,-0.3328,
1937,3,-0.5695,-0.6333,-0.5922,-0.5448,
1937,4,-0.4285,-0.5833,-0.5722,-0.4748,
1937,5,-0.3985,-0.4833,-0.4622,-0.4778,
1937,6,-0.3135,-0.4733,-0.4422,-0.3688,
1937,7,-0.285,-0.4633,-0.4222,-0.2898,
1937,8,-0.2718,-0.4133,-0.3622,-0.3118,
1937,9,-0.1669,-0.3333,-0.3022,-0.2048,
1937,10,-0.1799,-0.3433,-0.3122,-0.1538,
1937,11,-0.2423,-0.3533,-0.3222,-0.2788,
1937,12,-0.3826,-0.5033,-0.4822,-0.3948,
1938,1,-0.2671,-0.3433,-0.3822,-0.3318,
1938,2,-0.3246,-0.3933,-0.3722,-0.3358,
1938,3,-0.33,-0.3233,-0.3122,-0.3478,
1938,4,-0.268,-0.3633,-0.3322,-0.3968,
1938,5,-0.4041,-0.5233,-0.4822,-0.4688,
1938,6,-0.3998,-0.5933,-0.5722,-0.5108,
1938,7,-0.3537,-0.5233,-0.4422,-0.4078,
1938,8,-0.3136,-0.4833,-0.4422,-0.4178,
1938,9,-0.2877,-0.4133,-0.3522,-0.3138,
1938,10,-0.1505,-0.2833,-0.3122,-0.1748,
1938,11,-0.2542,-0.3533,-0.3322,-0.2948,
1938,12,-0.5099,-0.5533,-0.5522,-0.5098,
1939,1,-0.4303,-0.4833,-0.4522,-0.4668,
1939,2,-0.4236,-0.4933,-0.4722,-0.5038,
1939,3,-0.5975,-0.6033,-0.6422,-0.6398,
1939,4,-0.4143,-0.5233,-0.5622,-0.4408,
1939,5,-0.3378,-0.4733,-0.4522,-0.3278,
1939,6,-0.2889,-0.4933,-0.4322,-0.3098,
1939,7,-0.3392,-0.4833,-0.3422,-0.3868,
1939,8,-0.3289,-0.4933,-0.3522,-0.3558,
1939,9,-0.2971,-0.5033,-0.3522,-0.3208,
1939,10,-0.3818,-0.4633,-0.4522,-0.3988,
1939,11,-0.2301,-0.3533,-0.3122,-0.3308,
1939,12,0.0862,-0.0033,0.0178,-0.0068,
1940,1,-0.3079,-0.4333,-0.3322,-0.3148,0.0133
1940,2,-0.1765,-0.3433,-0.2222,-0.2278,0.0979
1940,3,-0.3007,-0.3333,-0.3422,-0.2478,0.0678
1940,4,-0.127,-0.2533,-0.1622,-0.2108,0.3048
1940,5,-0.2409,-0.3133,-0.2322,-0.2648,0.349
1940,6,-0.2305,-0.3133,-0.3722,-0.2638,0.163
1940,7,-0.1348,-0.3033,-0.3422,-0.2308,0.3515
1940,8,-0.193,-0.3633,-0.3422,-0.2998,0.3022
1940,9,-0.1705,-0.2733,-0.2522,-0.2518,0.1712
1940,10,-0.2053,-0.3133,-0.2322,-0.2528,0.0369
1940,11,-0.2962,-0.2633,-0.2422,-0.3608,0.1335
1940,12,-0.087,-0.1133,-0.1222,-0.1978,0.3291
1941,1,-0.3745,-0.2533,-0.2822,-0.5438,0.2775
1941,2,-0.2313,-0.1233,-0.1422,-0.3638,0.4213
1941,3,-0.4693,-0.3233,-0.3122,-0.4658,0.2392
1941,4,-0.3233,-0.2633,-0.1722,-0.4378,0.1028
1941,5,-0.2928,-0.2633,-0.2422,-0.3888,0.258
1941,6,-0.2988,-0.3033,-0.2222,-0.3128,0.3384
1941,7,-0.1936,-0.2133,-0.2022,-0.2108,0.2583
1941,8,-0.311,-0.2833,-0.2222,-0.3678,0.3265
1941,9,-0.5161,-0.4033,-0.3222,-0.5428,-0.0481
1941,10,-0.1667,-0.0733,-0.0922,-0.2148,0.3419
1941,11,-0.3898,-0.2033,-0.2222,-0.3858,0.1082
1941,12,-0.2819,-0.2133,-0.0822,-0.3458,0.2377
1942,1,-0.1342,-0.1333,-0.1122,-0.2118,0.3972
1942,2,-0.3733,-0.4033,-0.4522,-0.4928,0.1678
1942,3,-0.4323,-0.3733,-0.3322,-0.4538,0.2443
1942,4,-0.3898,-0.3333,-0.3522,-0.5098,0.1061
1942,5,-0.2605,-0.3133,-0.3122,-0.3998,0.2566
1942,6,-0.3558,-0.3833,-0.3222,-0.4058,0.1515
1942,7,-0.4447,-0.4233,-0.4322,-0.5028,0.0765
1942,8,-0.4464,-0.4633,-0.3822,-0.5388,0.053
1942,9,-0.4021,-0.4533,-0.3422,-0.4508,0.0647
1942,10,-0.4794,-0.4133,-0.3922,-0.4428,0.1286
1942,11,-0.4481,-0.3333,-0.3522,-0.4708,0.0183
1942,12,-0.4711,-0.3133,-0.3422,-0.4248,0.1094
1943,1,-0.5799,-0.4333,-0.4822,-0.5178,0.141
1943,2,-0.416,-0.2533,-0.3522,-0.3898,0.2804
1943,3,-0.5536,-0.4633,-0.4222,-0.5848,0.0675
1943,4,-0.3646,-0.3133,-0.2622,-0.4278,0.1374
1943,5,-0.355,-0.3633,-0.3722,-0.4388,0.2355
1943,6,-0.4689,-0.4733,-0.5022,-0.4418,0.0686
1943,7,-0.3697,-0.3433,-0.3322,-0.4468,0.0592
1943,8,-0.3638,-0.4233,-0.3322,-0.3918,0.0248
1943,9,-0.4099,-0.3733,-0.3922,-0.4088,0.0962
1943,10,-0.166,-0.1933,-0.1522,-0.1488,0.2004
1943,11,-0.2917,-0.2233,-0.2322,-0.3128,0.2164
1943,12,-0.2866,-0.1933,-0.1922,-0.3078,0.3188
1944,1,-0.0726,-0.0633,-0.1122,-0.1808,0.5688
1944,2,-0.2738,-0.1833,-0.1422,-0.2798,0.4561
1944,3,-0.2798,-0.1633,-0.1522,-0.2708,0.4943
1944,4,-0.3566,-0.2333,-0.2622,-0.3758,0.2791
1944,5,-0.2788,-0.2433,-0.2322,-0.3008,0.267
1944,6,-0.2944,-0.2733,-0.2422,-0.3948,0.3144
1944,7,-0.2487,-0.2533,-0.3022,-0.3238,0.269
1944,8,-0.1917,-0.2433,-0.2822,-0.2458,0.3328
1944,9,-0.2333,-0.1433,-0.1522,-0.1908,0.3936
1944,10,-0.1896,-0.1633,-0.1822,-0.1658,0.3906
1944,11,-0.3102,-0.3133,-0.2822,-0.3888,0.2008
1944,12,-0.3167,-0.3833,-0.1922,-0.3048,0.1672
1945,1,-0.3076,-0.3233,-0.2522,-0.3628,0.2143
1945,2,-0.3542,-0.4133,-0.3022,-0.4418,0.0444
1945,3,-0.3654,-0.3633,-0.2822,-0.4718,0.1434
1945,4,-0.1909,-0.2233,-0.1122,-0.3288,0.2452
1945,5,-0.4601,-0.3633,-0.3222,-0.4638,0.1318
1945,6,-0.4395,-0.4133,-0.2922,-0.4128,0.2981
1945,7,-0.3956,-0.3833,-0.4122,-0.4278,0.1535
1945,8,-0.1611,-0.1633,-0.1122,-0.2328,0.4661
1945,9,-0.2917,-0.2133,-0.2922,-0.3698,0.2803
1945,10,-0.3038,-0.2333,-0.2722,-0.1928,0.2922
1945,11,-0.3968,-0.3533,-0.3322,-0.3988,0.136
1945,12,-0.5962,-0.4933,-0.4722,-0.5688,0.0615
1946,1,-0.3256,-0.2733,-0.1722,-0.4098,0.3381
1946,2,-0.4909,-0.3933,-0.4022,-0.6008,0.2381
1946,3,-0.4967,-0.4133,-0.4522,-0.4998,0.3009
1946,4,-0.3715,-0.3633,-0.3622,-0.4258,0.286
1946,5,-0.4505,-0.4933,-0.4322,-0.4608,0.3112
1946,6,-0.6358,-0.6333,-0.5422,-0.6438,0.1929
1946,7,-0.4799,-0.5433,-0.4422,-0.4988,0.2236
1946,8,-0.5244,-0.6233,-0.5422,-0.5428,0.1315
1946,9,-0.4641,-0.4933,-0.3522,-0.4878,0.1521
1946,10,-0.4378,-0.5033,-0.4422,-0.4158,0.0723
1946,11,-0.4813,-0.4833,-0.4022,-0.4918,0.168
1946,12,-0.7126,-0.7333,-0.5822,-0.6638,0.0886
1947,1,-0.5207,-0.4933,-0.3922,-0.4808,0.3253
1947,2,-0.5129,-0.5033,-0.4222,-0.4908,0.2384
1947,3,-0.4444,-0.3633,-0.3822,-0.3468,0.374
1947,4,-0.4257,-0.3633,-0.3422,-0.4338,0.3957
1947,5,-0.4382,-0.4433,-0.4222,-0.4968,0.2958
1947,6,-0.4578,-0.4433,-0.4322,-0.3688,0.3122
1947,7,-0.4334,-0.4633,-0.3922,-0.4248,0.2591
1947,8,-0.4825,-0.4933,-0.5022,-0.5428,0.1375
1947,9,-0.5303,-0.5433,-0.5022,-0.5178,0.1142
1947,10,-0.3315,-0.3533,-0.3922,-0.3408,0.2704
1947,11,-0.3398,-0.4033,-0.3922,-0.3998,0.2017
1947,12,-0.6009,-0.5533,-0.5122,-0.5668,0.1134
1948,1,-0.3877,-0.3633,-0.3922,-0.4348,0.3082
1948,2,-0.6055,-0.5733,-0.4922,-0.6008,0.1154
1948,3,-0.6562,-0.6633,-0.5522,-0.6648,0.0606
1948,4,-0.4856,-0.5433,-0.4622,-0.5988,0.1675
1948,5,-0.3138,-0.4333,-0.2822,-0.3068,0.3196
1948,6,-0.3798,-0.4733,-0.4822,-0.4028,0.229
1948,7,-0.5008,-0.5333,-0.4222,-0.4978,0.2065
1948,8,-0.4162,-0.5433,-0.4022,-0.4428,0.2308
1948,9,-0.506,-0.5633,-0.5022,-0.5268,0.09
1948,10,-0.4272,-0.4733,-0.4022,-0.4188,0.2664
1948,11,-0.5456,-0.5533,-0.4522,-0.5808,0.2724
1948,12,-0.717,-0.6633,-0.6622,-0.6948,0.0324
1949,1,-0.3959,-0.3633,-0.3222,-0.3938,0.4162
1949,2,-0.6149,-0.5633,-0.5122,-0.6708,0.2156
1949,3,-0.488,-0.4433,-0.4122,-0.5628,0.2537
1949,4,-0.5252,-0.5333,-0.4622,-0.5768,0.1765
1949,5,-0.4866,-0.5233,-0.4122,-0.5048,0.2565
1949,6,-0.6117,-0.6933,-0.5522,-0.5718,0.1475
1949,7,-0.5584,-0.5533,-0.4922,-0.5568,0.2438
1949,8,-0.4547,-0.5533,-0.4522,-0.5228,0.1353
1949,9,-0.5054,-0.5633,-0.5522,-0.5658,0.1727
1949,10,-0.4698,-0.4933,-0.4722,-0.4868,0.1825
1949,11,-0.564,-0.5233,-0.4922,-0.5698,0.2388
1949,12,-0.5921,-0.6033,-0.4622,-0.5208,0.2583
1950,1,-0.6803,-0.6833,-0.5922,-0.7748,0.0481
1950,2,-0.7504,-0.6933,-0.6522,-0.8198,0.0278
1950,3,-0.5995,-0.5033,-0.4422,-0.6258,0.179
1950,4,-0.6232,-0.6333,-0.5922,-0.6508,0.0729
1950,5,-0.526,-0.5333,-0.4322,-0.4998,0.1635
1950,6,-0.4853,-0.4733,-0.4922,-0.4928,0.1911
1950,7,-0.4911,-0.5133,-0.4722,-0.4698,0.0886
1950,8,-0.5373,-0.5833,-0.5322,-0.5348,-0.0152
1950,9,-0.6275,-0.5333,-0.5022,-0.6148,0.1411
1950,10,-0.5816,-0.6233,-0.5922,-0.5218,0.2035
1950,11,-0.7625,-0.7633,-0.7022,-0.7538,-0.0082
1950,12,-0.6371,-0.6433,-0.6122,-0.6278,0.2668
1951,1,-0.7381,-0.7633,-0.7322,-0.8048,0.0404
1951,2,-0.8875,-0.8333,-0.7922,-0.8788,-0.0814
1951,3,-0.6434,-0.6233,-0.5422,-0.6368,0.1077
1951,4,-0.4991,-0.5633,-0.5322,-0.5398,0.1908
1951,5,-0.3473,-0.4233,-0.3822,-0.3768,0.4532
1951,6,-0.3184,-0.4933,-0.3822,-0.3058,0.3311
1951,7,-0.341,-0.4333,-0.4022,-0.3988,0.134
1951,8,-0.2574,-0.3633,-0.2822,-0.2928,0.3132
1951,9,-0.245,-0.3733,-0.2822,-0.3058,0.3132
1951,10,-0.2513,-0.3433,-0.2622,-0.1818,0.3682
1951,11,-0.4483,-0.4333,-0.4222,-0.4378,0.3129
1951,12,-0.3026,-0.2733,-0.2322,-0.2628,0.4646
1952,1,-0.2767,-0.3133,-0.2822,-0.2708,0.4488
1952,2,-0.3032,-0.3133,-0.2822,-0.3428,0.3641
1952,3,-0.534,-0.5033,-0.4522,-0.5038,0.21
1952,4,-0.3272,-0.3933,-0.3222,-0.3648,0.2036
1952,5,-0.3479,-0.4533,-0.4022,-0.3438,0.3009
1952,6,-0.35,-0.4533,-0.4222,-0.3508,0.2872
1952,7,-0.2806,-0.3833,-0.3822,-0.3218,0.2603
1952,8,-0.2721,-0.3733,-0.3722,-0.3128,0.1145
1952,9,-0.2792,-0.3533,-0.3522,-0.2878,0.1934
1952,10,-0.3912,-0.4233,-0.3922,-0.3358,0.1582
1952,11,-0.4985,-0.5533,-0.4822,-0.5228,-0.0186
1952,12,-0.4104,-0.4433,-0.3922,-0.4038,0.227
1953,1,-0.377,-0.3533,-0.3122,-0.3838,0.3064
1953,2,-0.2725,-0.2733,-0.2222,-0.2508,0.3569
1953,3,-0.3544,-0.3133,-0.2622,-0.3578,0.3006
1953,4,-0.1419,-0.2333,-0.1922,-0.1548,0.4073
1953,5,-0.2166,-0.3133,-0.2522,-0.1668,0.4755
1953,6,-0.2238,-0.3033,-0.2922,-0.2098,0.3069
1953,7,-0.3243,-0.4133,-0.4122,-0.3158,0.2999
1953,8,-0.2783,-0.3733,-0.4022,-0.3158,0.2716
1953,9,-0.2816,-0.3733,-0.4122,-0.3508,0.1739
1953,10,-0.2819,-0.3433,-0.3422,-0.2778,0.2523
1953,11,-0.3761,-0.4533,-0.4122,-0.4258,0.1991
1953,12,-0.3452,-0.3733,-0.3322,-0.2958,0.3335
1954,1,-0.6113,-0.6633,-0.5522,-0.6258,0.0833
1954,2,-0.4591,-0.5233,-0.4222,-0.4928,0.169
1954,3,-0.5508,-0.5733,-0.5022,-0.5248,0.2051
1954,4,-0.4846,-0.5633,-0.5722,-0.5678,0.1367
1954,5,-0.5394,-0.6233,-0.5722,-0.5548,0.221
1954,6,-0.4998,-0.6033,-0.5022,-0.4358,0.1017
1954,7,-0.5656,-0.6133,-0.5422,-0.4978,0.0698
1954,8,-0.4703,-0.5933,-0.5022,-0.5198,-0.0009
1954,9,-0.485,-0.5233,-0.5222,-0.5518,-0.0692
1954,10,-0.3809,-0.4433,-0.4222,-0.3538,0.0785
1954,11,-0.2511,-0.3433,-0.3422,-0.3278,0.2095
1954,12,-0.5332,-0.6033,-0.5022,-0.5158,0.1163
1955,1,-0.2594,-0.2933,-0.2422,-0.3048,0.3778
1955,2,-0.5588,-0.5833,-0.5922,-0.6338,0.0481
1955,3,-0.7659,-0.7433,-0.6722,-0.7758,-0.0719
1955,4,-0.5995,-0.6433,-0.6022,-0.6568,0.0651
1955,5,-0.6073,-0.6233,-0.5922,-0.6608,0.1456
1955,6,-0.551,-0.5533,-0.5422,-0.5528,0.1115
1955,7,-0.5829,-0.5333,-0.5622,-0.5928,0.0386
1955,8,-0.4628,-0.4033,-0.3722,-0.2968,0.2015
1955,9,-0.5173,-0.5333,-0.5322,-0.5428,0.1226
1955,10,-0.4879,-0.4733,-0.4922,-0.4788,0.1123
1955,11,-0.696,-0.6733,-0.6822,-0.6998,-0.0274
1955,12,-0.7393,-0.7033,-0.7222,-0.7178,-0.0172
1956,1,-0.6086,-0.5533,-0.5222,-0.5638,0.2022
1956,2,-0.6583,-0.6633,-0.5722,-0.6638,0.0736
1956,3,-0.736,-0.6333,-0.5722,-0.7338,0.1099
1956,4,-0.6799,-0.7033,-0.6522,-0.7108,0.03
1956,5,-0.7112,-0.7133,-0.6722,-0.7058,0.0285
1956,6,-0.6013,-0.5733,-0.5722,-0.6308,0.0316
1956,7,-0.5838,-0.5133,-0.5422,-0.5518,0.0212
1956,8,-0.6631,-0.6733,-0.6722,-0.7298,-0.0823
1956,9,-0.6461,-0.6133,-0.6222,-0.6888,-0.1157
1956,10,-0.6362,-0.6533,-0.6722,-0.6468,-0.1364
1956,11,-0.5919,-0.5733,-0.5522,-0.6158,0.0392
1956,12,-0.5293,-0.4833,-0.4422,-0.4638,0.1819
1957,1,-0.5901,-0.5133,-0.4622,-0.5888,0.1711
1957,2,-0.5308,-0.4533,-0.4822,-0.5438,0.1681
1957,3,-0.571,-0.4733,-0.5022,-0.5708,0.149
1957,4,-0.4147,-0.4233,-0.3822,-0.4448,0.2496
1957,5,-0.3404,-0.3333,-0.3322,-0.3258,0.3226
1957,6,-0.3081,-0.2733,-0.2922,-0.2688,0.3597
1957,7,-0.4372,-0.4033,-0.3722,-0.4438,0.2246
1957,8,-0.3035,-0.2733,-0.2922,-0.3268,0.2739
1957,9,-0.3359,-0.3333,-0.3222,-0.4058,0.2721
1957,10,-0.3727,-0.4133,-0.3422,-0.3328,0.3287
1957,11,-0.3774,-0.3433,-0.3622,-0.3668,0.3825
1957,12,-0.3211,-0.2733,-0.2822,-0.3208,0.4698
1958,1,-0.1162,-0.0333,-0.0622,-0.1418,0.6632
1958,2,-0.2838,-0.2033,-0.2222,-0.2888,0.4956
1958,3,-0.3659,-0.3433,-0.2822,-0.3568,0.4183
1958,4,-0.4406,-0.4133,-0.3622,-0.4428,0.3704
1958,5,-0.3585,-0.3633,-0.3322,-0.4078,0.4385
1958,6,-0.5288,-0.5133,-0.4122,-0.4958,0.2907
1958,7,-0.3924,-0.3733,-0.3422,-0.4158,0.316
1958,8,-0.4546,-0.4733,-0.4122,-0.4718,0.2238
1958,9,-0.4855,-0.4533,-0.4622,-0.5348,0.1503
1958,10,-0.3904,-0.3833,-0.4022,-0.3878,0.2265
1958,11,-0.409,-0.4033,-0.4222,-0.4188,0.2604
1958,12,-0.4537,-0.4133,-0.3122,-0.3878,0.3204
1959,1,-0.3547,-0.3433,-0.3022,-0.3928,0.4497
1959,2,-0.3778,-0.3533,-0.3122,-0.4468,0.4016
1959,3,-0.3523,-0.2433,-0.2022,-0.3398,0.5203
1959,4,-0.3427,-0.2633,-0.2622,-0.2998,0.4421
1959,5,-0.4112,-0.3833,-0.3222,-0.3998,0.3349
1959,6,-0.3745,-0.3933,-0.3322,-0.3728,0.3149
1959,7,-0.4108,-0.3933,-0.3722,-0.3838,0.2724
1959,8,-0.413,-0.4333,-0.3722,-0.4488,0.2076
1959,9,-0.5133,-0.4833,-0.4122,-0.5178,0.1015
1959,10,-0.4425,-0.4933,-0.4122,-0.4198,0.2121
1959,11,-0.5526,-0.5033,-0.4522,-0.5778,0.1573
1959,12,-0.4716,-0.4233,-0.3622,-0.4348,0.3382
1960,1,-0.4818,-0.4233,-0.4122,-0.4878,0.3895
1960,2,-0.3476,-0.2933,-0.2622,-0.3518,0.4699
1960,3,-0.816,-0.7733,-0.6622,-0.7938,0.0415
1960,4,-0.6329,-0.5733,-0.5422,-0.6338,0.1652
1960,5,-0.5496,-0.5033,-0.5222,-0.5268,0.2466
1960,6,-0.4951,-0.4633,-0.4522,-0.4598,0.2626
1960,7,-0.4841,-0.4633,-0.4022,-0.4618,0.2242
1960,8,-0.3738,-0.4033,-0.4122,-0.3968,0.2695
1960,9,-0.3666,-0.3533,-0.3722,-0.4238,0.1822
1960,10,-0.3997,-0.3633,-0.4022,-0.3988,0.281
1960,11,-0.58,-0.5333,-0.5522,-0.6058,0.1751
1960,12,-0.2835,-0.2333,-0.2122,-0.2678,0.4946
1961,1,-0.409,-0.3533,-0.3222,-0.4038,0.4401
1961,2,-0.267,-0.2333,-0.2522,-0.3118,0.4787
1961,3,-0.421,-0.3333,-0.3222,-0.4348,0.3895
1961,4,-0.2988,-0.2933,-0.2722,-0.3058,0.3922
1961,5,-0.2901,-0.3033,-0.2722,-0.2978,0.4367
1961,6,-0.2718,-0.3133,-0.2922,-0.2798,0.3684
1961,7,-0.3971,-0.4133,-0.3622,-0.4118,0.3092
1961,8,-0.3744,-0.4133,-0.3722,-0.4008,0.2524
1961,9,-0.3907,-0.3433,-0.3822,-0.4378,0.2898
1961,10,-0.4265,-0.4233,-0.4122,-0.4138,0.2709
1961,11,-0.391,-0.3933,-0.3722,-0.4298,0.2821
1961,12,-0.6132,-0.5833,-0.5322,-0.5788,0.2087
1962,1,-0.4144,-0.3733,-0.3622,-0.4178,0.3668
1962,2,-0.3433,-0.2733,-0.2522,-0.3408,0.4382
1962,3,-0.3384,-0.3233,-0.2622,-0.3418,0.3945
1962,4,-0.3802,-0.3733,-0.3522,-0.4218,0.319
1962,5,-0.5369,-0.4833,-0.4822,-0.5908,0.2368
1962,6,-0.4134,-0.3933,-0.4322,-0.4768,0.1767
1962,7,-0.4711,-0.4033,-0.4322,-0.4888,0.2599
1962,8,-0.4712,-0.4333,-0.4522,-0.4888,0.2003
1962,9,-0.4337,-0.4233,-0.4522,-0.5138,0.1596
1962,10,-0.4014,-0.4133,-0.3922,-0.4448,0.2426
1962,11,-0.3815,-0.3633,-0.3022,-0.4298,0.2896
1962,12,-0.4881,-0.4533,-0.4122,-0.4648,0.3081
1963,1,-0.4776,-0.4533,-0.4322,-0.4898,0.3077
1963,2,-0.3185,-0.2433,-0.2422,-0.3398,0.4301
1963,3,-0.7014,-0.5633,-0.5322,-0.7138,0.105
1963,4,-0.5381,-0.4933,-0.4522,-0.5558,0.1754
1963,5,-0.5048,-0.4833,-0.4322,-0.5398,0.2446
1963,6,-0.4228,-0.3733,-0.4122,-0.4498,0.3121
1963,7,-0.2931,-0.3633,-0.3622,-0.3078,0.3737
1963,8,-0.2052,-0.2033,-0.2722,-0.1628,0.4485
1963,9,-0.2302,-0.2533,-0.2622,-0.2698,0.3586
1963,10,-0.2883,-0.2733,-0.2822,-0.2618,0.3459
1963,11,-0.3057,-0.2733,-0.3222,-0.2998,0.3829
1963,12,-0.4146,-0.4533,-0.3722,-0.3828,0.3516
1964,1,-0.547,-0.5133,-0.4822,-0.5408,0.3211
1964,2,-0.5787,-0.5233,-0.5022,-0.5838,0.2775
1964,3,-0.7389,-0.6333,-0.6222,-0.7708,0.1092
1964,4,-0.7965,-0.7433,-0.6822,-0.7978,0.0382
1964,5,-0.7296,-0.6733,-0.6322,-0.7338,0.1575
1964,6,-0.5252,-0.4633,-0.4722,-0.4828,0.1881
1964,7,-0.5595,-0.4633,-0.5222,-0.5068,0.298
1964,8,-0.6567,-0.6433,-0.5922,-0.6388,0.1067
1964,9,-0.7618,-0.7233,-0.7122,-0.7628,-0.0905
1964,10,-0.6694,-0.7333,-0.6822,-0.7018,-0.1515
1964,11,-0.6535,-0.6333,-0.6722,-0.7068,0.0147
1964,12,-0.7294,-0.7233,-0.6722,-0.7398,0.0145
1965,1,-0.5172,-0.5033,-0.5022,-0.5238,0.2197
1965,2,-0.6217,-0.5933,-0.5822,-0.6178,0.1224
1965,3,-0.6148,-0.5533,-0.5522,-0.6338,0.1707
1965,4,-0.657,-0.6133,-0.6022,-0.6688,0.1065
1965,5,-0.5486,-0.5433,-0.5122,-0.5528,0.2346
1965,6,-0.5648,-0.5033,-0.5122,-0.5528,0.1579
1965,7,-0.6241,-0.5533,-0.5322,-0.5758,0.1683
1965,8,-0.5179,-0.4633,-0.4822,-0.5248,0.129
1965,9,-0.6025,-0.5733,-0.5122,-0.6338,0.0835
1965,10,-0.4607,-0.4733,-0.4122,-0.4228,0.17
1965,11,-0.4993,-0.4833,-0.4222,-0.5098,0.2032
1965,12,-0.5013,-0.5033,-0.4422,-0.4738,0.27
1966,1,-0.6382,-0.6133,-0.5722,-0.6108,0.2189
1966,2,-0.5188,-0.4633,-0.4622,-0.5068,0.2944
1966,3,-0.5275,-0.3933,-0.4422,-0.5138,0.3255
1966,4,-0.5274,-0.5533,-0.5022,-0.5128,0.2132
1966,5,-0.5714,-0.5433,-0.4922,-0.5648,0.2439
1966,6,-0.458,-0.4133,-0.3922,-0.4198,0.3201
1966,7,-0.353,-0.3433,-0.3122,-0.3568,0.3927
1966,8,-0.455,-0.5133,-0.4422,-0.4838,0.2218
1966,9,-0.4405,-0.4533,-0.4222,-0.4628,0.2049
1966,10,-0.5899,-0.5933,-0.5822,-0.5778,0.0695
1966,11,-0.4618,-0.4333,-0.4522,-0.4898,0.1969
1966,12,-0.4956,-0.4533,-0.4522,-0.4708,0.2722
1967,1,-0.5766,-0.5033,-0.5422,-0.5548,0.2238
1967,2,-0.6845,-0.6333,-0.6222,-0.6978,0.0587
1967,3,-0.4538,-0.3733,-0.3622,-0.4778,0.3141
1967,4,-0.4915,-0.4733,-0.4322,-0.4978,0.2539
1967,5,-0.2993,-0.3033,-0.2322,-0.2948,0.4454
1967,6,-0.4685,-0.5033,-0.4522,-0.4848,0.2374
1967,7,-0.4259,-0.4033,-0.4322,-0.4318,0.2735
1967,8,-0.4602,-0.4133,-0.4422,-0.4538,0.2303
1967,9,-0.4843,-0.4833,-0.4122,-0.4938,0.224
1967,10,-0.3796,-0.3333,-0.3222,-0.3938,0.3306
1967,11,-0.481,-0.4733,-0.4722,-0.5528,0.2245
1967,12,-0.5132,-0.4733,-0.4222,-0.4998,0.3145
1968,1,-0.6772,-0.6833,-0.6022,-0.6868,0.1168
1968,2,-0.6187,-0.5633,-0.5622,-0.6378,0.1717
1968,3,-0.3564,-0.2233,-0.2522,-0.3658,0.4205
1968,4,-0.5352,-0.4833,-0.4622,-0.5548,0.2224
1968,5,-0.5804,-0.5633,-0.4922,-0.6008,0.2202
1968,6,-0.5063,-0.5133,-0.4322,-0.4818,0.146
1968,7,-0.5517,-0.5533,-0.4922,-0.6058,0.2077
1968,8,-0.483,-0.5033,-0.4222,-0.5318,0.1485
1968,9,-0.579,-0.6133,-0.5122,-0.6108,0.0634
1968,10,-0.3459,-0.3333,-0.3722,-0.3618,0.2875
1968,11,-0.4896,-0.4733,-0.5322,-0.5428,0.1795
1968,12,-0.5445,-0.5633,-0.5322,-0.5428,0.19
1969,1,-0.5144,-0.5333,-0.5022,-0.5428,0.2562
1969,2,-0.5504,-0.6033,-0.5022,-0.5928,0.1961
1969,3,-0.4859,-0.4133,-0.3722,-0.5118,0.3294
1969,4,-0.3053,-0.2533,-0.2622,-0.3348,0.4484
1969,5,-0.2903,-0.2433,-0.2122,-0.2818,0.4988
1969,6,-0.3483,-0.3933,-0.3222,-0.3528,0.3538
1969,7,-0.4621,-0.4633,-0.4122,-0.4798,0.275
1969,8,-0.425,-0.3833,-0.3822,-0.4318,0.143
1969,9,-0.367,-0.3433,-0.3322,-0.3968,0.2278
1969,10,-0.3538,-0.3333,-0.2922,-0.3328,0.2402
1969,11,-0.3326,-0.3033,-0.2722,-0.3588,0.4122
1969,12,-0.1871,-0.1833,-0.1322,-0.1948,0.5775
1970,1,-0.3437,-0.3433,-0.2622,-0.3448,0.4591
1970,2,-0.2951,-0.2033,-0.2322,-0.3178,0.4901
1970,3,-0.4482,-0.3633,-0.3322,-0.4548,0.3579
1970,4,-0.4365,-0.3733,-0.3322,-0.4028,0.4287
1970,5,-0.4988,-0.4533,-0.4022,-0.4818,0.3186
1970,6,-0.4943,-0.4433,-0.4222,-0.4768,0.3285
1970,7,-0.4672,-0.4033,-0.3822,-0.4508,0.285
1970,8,-0.5556,-0.5233,-0.4922,-0.5738,0.1175
1970,9,-0.3874,-0.3033,-0.3622,-0.3868,0.1928
1970,10,-0.4163,-0.3933,-0.4622,-0.4198,0.2097
1970,11,-0.4176,-0.4033,-0.4022,-0.5138,0.2371
1970,12,-0.5493,-0.5433,-0.5422,-0.5748,0.2309
1971,1,-0.4987,-0.4433,-0.4922,-0.5238,0.2951
1971,2,-0.6304,-0.5733,-0.5922,-0.6728,0.1171
1971,3,-0.6942,-0.6033,-0.5422,-0.6958,0.1415
1971,4,-0.5887,-0.4933,-0.5022,-0.5678,0.2005
1971,5,-0.552,-0.4733,-0.4722,-0.5128,0.1733
1971,6,-0.6142,-0.5833,-0.5522,-0.5678,0.1088
1971,7,-0.5386,-0.4933,-0.4722,-0.5748,0.0979
1971,8,-0.535,-0.4333,-0.4722,-0.5728,0.0969
1971,9,-0.4789,-0.4733,-0.3922,-0.5058,0.1261
1971,10,-0.5096,-0.4633,-0.5422,-0.5038,0.0582
1971,11,-0.5044,-0.4933,-0.5222,-0.5418,0.1395
1971,12,-0.5818,-0.5033,-0.5022,-0.5768,0.2429
1972,1,-0.7319,-0.6433,-0.5922,-0.7078,0.0879
1972,2,-0.6313,-0.6033,-0.5622,-0.6768,0.0468
1972,3,-0.4947,-0.3933,-0.3422,-0.4688,0.2362
1972,4,-0.4812,-0.4233,-0.3922,-0.4478,0.2955
1972,5,-0.4348,-0.4533,-0.4022,-0.4468,0.2935
1972,6,-0.3853,-0.3833,-0.3122,-0.3568,0.4188
1972,7,-0.4448,-0.4133,-0.3522,-0.4418,0.3846
1972,8,-0.2885,-0.2633,-0.2122,-0.2898,0.3447
1972,9,-0.4037,-0.4033,-0.3322,-0.3958,0.2569
1972,10,-0.4072,-0.3433,-0.3222,-0.3758,0.3014
1972,11,-0.4015,-0.4033,-0.3922,-0.4608,0.2557
1972,12,-0.2411,-0.2433,-0.2022,-0.2148,0.4905
1973,1,-0.2517,-0.1333,-0.1422,-0.2098,0.603
1973,2,-0.1936,-0.1033,-0.1122,-0.1948,0.6346
1973,3,-0.238,-0.1333,-0.1522,-0.2658,0.5084
1973,4,-0.1602,-0.1533,-0.1122,-0.1948,0.4935
1973,5,-0.2456,-0.1933,-0.1922,-0.2178,0.4966
1973,6,-0.2485,-0.2333,-0.1722,-0.2128,0.3757
1973,7,-0.3324,-0.2933,-0.2922,-0.3178,0.3499
1973,8,-0.376,-0.3733,-0.3522,-0.3828,0.1774
1973,9,-0.386,-0.3333,-0.3422,-0.3988,0.2131
1973,10,-0.3395,-0.3233,-0.3522,-0.3728,0.2071
1973,11,-0.3772,-0.3833,-0.4022,-0.4238,0.2798
1973,12,-0.4815,-0.4933,-0.4222,-0.4628,0.3233
1974,1,-0.6333,-0.5233,-0.5022,-0.6198,0.2171
1974,2,-0.7961,-0.6933,-0.6722,-0.7658,0.012
1974,3,-0.5887,-0.4733,-0.4822,-0.5918,0.1587
1974,4,-0.5513,-0.5433,-0.4722,-0.5698,0.1503
1974,5,-0.4795,-0.4633,-0.4022,-0.5038,0.1306
1974,6,-0.4665,-0.4733,-0.4122,-0.4558,0.1117
1974,7,-0.4848,-0.4533,-0.4122,-0.4968,0.1015
1974,8,-0.3256,-0.3233,-0.3122,-0.3098,0.1803
1974,9,-0.4396,-0.5033,-0.4622,-0.4898,0.0119
1974,10,-0.4605,-0.4833,-0.4622,-0.5058,0.0182
1974,11,-0.472,-0.5033,-0.5122,-0.5448,0.0928
1974,12,-0.5602,-0.5033,-0.5322,-0.5478,0.1662
1975,1,-0.4438,-0.3233,-0.3922,-0.4538,0.3165
1975,2,-0.3698,-0.3433,-0.3422,-0.3788,0.3047
1975,3,-0.3589,-0.3033,-0.2822,-0.3678,0.3423
1975,4,-0.3977,-0.3833,-0.3522,-0.3808,0.2684
1975,5,-0.294,-0.2633,-0.3022,-0.3058,0.2349
1975,6,-0.4075,-0.4333,-0.3622,-0.4268,0.1363
1975,7,-0.4517,-0.4333,-0.4122,-0.4518,0.0725
1975,8,-0.5794,-0.5933,-0.5422,-0.6088,-0.0369
1975,9,-0.4868,-0.4433,-0.4222,-0.4948,-0.0338
1975,10,-0.4992,-0.5333,-0.5822,-0.5518,-0.0777
1975,11,-0.609,-0.5933,-0.5922,-0.6728,0.0174
1975,12,-0.5975,-0.5933,-0.5522,-0.5568,0.1058
1976,1,-0.5157,-0.4533,-0.4522,-0.5228,0.2269
1976,2,-0.5778,-0.4833,-0.4922,-0.5998,0.058
1976,3,-0.6824,-0.6433,-0.5922,-0.7378,-0.0603
1976,4,-0.5304,-0.4933,-0.4422,-0.5648,0.0878
1976,5,-0.707,-0.6233,-0.5922,-0.6958,-0.0112
1976,6,-0.5826,-0.5433,-0.4822,-0.5418,0.0878
1976,7,-0.5202,-0.5233,-0.4122,-0.4708,0.1446
1976,8,-0.5889,-0.5433,-0.4822,-0.5428,0.0479
1976,9,-0.4994,-0.4833,-0.4122,-0.4698,0.1087
1976,10,-0.6809,-0.6633,-0.6522,-0.6468,-0.2097
1976,11,-0.4831,-0.4833,-0.5022,-0.5058,0.0731
1976,12,-0.3765,-0.3133,-0.3022,-0.3168,0.2625
1977,1,-0.1943,-0.2333,-0.2122,-0.2078,0.4209
1977,2,-0.2429,-0.1933,-0.2422,-0.2528,0.3784
1977,3,-0.2712,-0.1833,-0.2122,-0.2888,0.3758
1977,4,-0.2135,-0.1633,-0.1822,-0.2158,0.4006
1977,5,-0.1227,-0.0933,-0.1422,-0.1328,0.4501
1977,6,-0.1408,-0.1533,-0.1322,-0.1238,0.4429
1977,7,-0.2074,-0.2233,-0.1822,-0.1968,0.3615
1977,8,-0.2182,-0.2433,-0.2022,-0.1698,0.3345
1977,9,-0.3512,-0.4033,-0.3122,-0.3408,0.1605
1977,10,-0.3659,-0.3933,-0.3422,-0.3198,0.1337
1977,11,-0.2289,-0.2633,-0.2122,-0.2468,0.4095
1977,12,-0.3891,-0.3933,-0.3222,-0.3538,0.3874
1978,1,-0.3139,-0.3633,-0.3022,-0.3728,0.403
1978,2,-0.2762,-0.3233,-0.2722,-0.3078,0.3811
1978,3,-0.2903,-0.2333,-0.2122,-0.3168,0.38
1978,4,-0.2977,-0.2533,-0.2822,-0.3118,0.358
1978,5,-0.3362,-0.3333,-0.3122,-0.3008,0.3733
1978,6,-0.4045,-0.4333,-0.3822,-0.4098,0.2055
1978,7,-0.3359,-0.3833,-0.3022,-0.2958,0.3133
1978,8,-0.5679,-0.5633,-0.4822,-0.5838,0.0793
1978,9,-0.3134,-0.3633,-0.2722,-0.3448,0.1213
1978,10,-0.4105,-0.3933,-0.3622,-0.4038,0.1546
1978,11,-0.2573,-0.2933,-0.2322,-0.2968,0.3657
1978,12,-0.3392,-0.3433,-0.2922,-0.3228,0.4143
1979,1,-0.301,-0.3333,-0.2522,-0.3278,0.5367
1979,2,-0.5307,-0.5233,-0.4622,-0.5398,0.2767
1979,3,-0.2861,-0.2333,-0.2522,-0.3008,0.4665
1979,4,-0.2749,-0.2733,-0.3522,-0.3078,0.4012
1979,5,-0.3755,-0.3933,-0.3022,-0.3648,0.4183
1979,6,-0.3035,-0.2833,-0.2422,-0.3198,0.3992
1979,7,-0.3329,-0.3833,-0.3222,-0.3808,0.3039
1979,8,-0.2355,-0.2533,-0.2322,-0.2828,0.3919
1979,9,-0.1789,-0.1733,-0.1522,-0.2108,0.4297
1979,10,-0.206,-0.1633,-0.1622,-0.1618,0.4856
1979,11,-0.1446,-0.1433,-0.1422,-0.1798,0.5084
1979,12,0.0359,0.0467,0.0778,0.0622,0.7968
1980,1,-0.0991,-0.1233,-0.0822,-0.0868,0.6593
1980,2,0.0079,-0.0333,0.0078,-0.0178,0.7067
1980,3,-0.1379,-0.1333,-0.0922,-0.1148,0.6761
1980,4,-0.1193,-0.1233,-0.1122,-0.0608,0.7254
1980,5,-0.1062,-0.0733,-0.0622,-0.0718,0.7737
1980,6,-0.223,-0.2233,-0.1722,-0.1968,0.5773
1980,7,-0.1461,-0.2033,-0.1422,-0.1038,0.5922
1980,8,-0.1876,-0.2433,-0.1722,-0.1408,0.5169
1980,9,-0.2266,-0.2233,-0.2122,-0.2128,0.4382
1980,10,-0.2582,-0.2933,-0.2522,-0.2648,0.3944
1980,11,-0.1453,-0.1233,-0.1622,-0.1838,0.4634
1980,12,-0.2422,-0.2133,-0.1922,-0.2338,0.4565
1981,1,0.0933,0.1067,0.0978,0.0692,0.7847
1981,2,-0.0153,-0.0033,-0.0122,-0.0568,0.7149
1981,3,-0.0233,0.0567,0.0378,-0.0298,0.7893
1981,4,-0.1553,-0.1033,-0.1022,-0.1518,0.6964
1981,5,-0.2064,-0.1733,-0.1522,-0.2018,0.6351
1981,6,-0.1085,-0.1333,-0.1322,-0.0708,0.5818
1981,7,-0.0833,-0.0933,-0.1522,-0.0888,0.56
1981,8,-0.0424,-0.0733,-0.0922,-0.0518,0.5651
1981,9,-0.2122,-0.2733,-0.2222,-0.2088,0.4699
1981,10,-0.2976,-0.3033,-0.2022,-0.2498,0.4313
1981,11,-0.1907,-0.1933,-0.1822,-0.2208,0.4677
1981,12,0.0127,-0.0133,0.0178,0.0302,0.6941
1982,1,-0.381,-0.3733,-0.3322,-0.3568,0.3816
1982,2,-0.2869,-0.2733,-0.2522,-0.3208,0.4763
1982,3,-0.4899,-0.3933,-0.3922,-0.5118,0.3157
1982,4,-0.3292,-0.2733,-0.2822,-0.3938,0.3718
1982,5,-0.2631,-0.2433,-0.2422,-0.2808,0.493
1982,6,-0.3542,-0.3633,-0.3322,-0.3038,0.411
1982,7,-0.2767,-0.2833,-0.2322,-0.2578,0.4635
1982,8,-0.3981,-0.3933,-0.3322,-0.3588,0.3475
1982,9,-0.3379,-0.2833,-0.2622,-0.2948,0.3404
1982,10,-0.311,-0.2933,-0.2722,-0.2668,0.3301
1982,11,-0.3234,-0.2433,-0.2922,-0.3388,0.372
1982,12,-0.0736,0.0067,0.0078,-0.0428,0.6958
1983,1,0.0046,0.1067,0.0478,-0.0098,0.8072
1983,2,-0.0176,0.0067,0.0278,-0.0428,0.7712
1983,3,-0.1041,-0.0033,-0.0222,-0.1068,0.7647
1983,4,-0.177,-0.1433,-0.1722,-0.1658,0.6328
1983,5,-0.1305,-0.0833,-0.0722,-0.0688,0.7318
1983,6,-0.1861,-0.1933,-0.1622,-0.1598,0.5652
1983,7,-0.2389,-0.2433,-0.2322,-0.2428,0.4851
1983,8,-0.0693,-0.0633,-0.0822,-0.0918,0.5515
1983,9,-0.0264,-0.0533,-0.0422,-0.0538,0.609
1983,10,-0.2377,-0.2533,-0.2122,-0.2558,0.3748
1983,11,-0.108,-0.1233,-0.0922,-0.1568,0.5387
1983,12,-0.2574,-0.2533,-0.1922,-0.2388,0.505
1984,1,-0.1968,-0.1133,-0.1422,-0.2118,0.5565
1984,2,-0.3314,-0.2833,-0.2422,-0.3358,0.3976
1984,3,-0.2041,-0.1633,-0.1522,-0.2058,0.5602
1984,4,-0.3406,-0.3633,-0.3122,-0.3208,0.4406
1984,5,-0.1366,-0.0933,-0.0822,-0.1018,0.6502
1984,6,-0.3881,-0.4033,-0.3222,-0.3738,0.3252
1984,7,-0.3272,-0.2333,-0.2722,-0.3498,0.2698
1984,8,-0.2579,-0.2333,-0.2322,-0.2478,0.3629
1984,9,-0.2259,-0.2133,-0.2122,-0.2258,0.3199
1984,10,-0.3124,-0.2933,-0.2922,-0.2988,0.3281
1984,11,-0.4096,-0.3633,-0.3722,-0.4258,0.2401
1984,12,-0.5109,-0.4633,-0.4222,-0.4858,0.3256
1985,1,-0.2337,-0.2033,-0.1522,-0.1988,0.536
1985,2,-0.4513,-0.4633,-0.3922,-0.4808,0.2697
1985,3,-0.3089,-0.2533,-0.2122,-0.3248,0.4222
1985,4,-0.3483,-0.3033,-0.3022,-0.3378,0.4369
1985,5,-0.2848,-0.2733,-0.2322,-0.2848,0.4282
1985,6,-0.2298,-0.2733,-0.2422,-0.2738,0.3647
1985,7,-0.3742,-0.3833,-0.3922,-0.4148,0.266
1985,8,-0.2093,-0.2533,-0.2522,-0.2568,0.4071
1985,9,-0.2334,-0.2933,-0.2722,-0.3328,0.2852
1985,10,-0.313,-0.3033,-0.3022,-0.2908,0.2033
1985,11,-0.3344,-0.3733,-0.3422,-0.3868,0.2989
1985,12,-0.2959,-0.2833,-0.2422,-0.2628,0.383
1986,1,-0.2335,-0.1633,-0.1722,-0.2528,0.526
1986,2,-0.0439,-0.0533,-0.0322,-0.0588,0.5861
1986,3,-0.2156,-0.1233,-0.1022,-0.2328,0.5402
1986,4,-0.2202,-0.2033,-0.1722,-0.0798,0.6096
1986,5,-0.2097,-0.2133,-0.1722,0.0222,0.5958
1986,6,-0.3104,-0.3033,-0.2422,-0.3118,0.3831
1986,7,-0.3096,-0.3133,-0.2522,-0.3158,0.3532
1986,8,-0.2602,-0.2633,-0.2322,-0.2598,0.3641
1986,9,-0.3263,-0.3933,-0.2922,-0.3388,0.279
1986,10,-0.2978,-0.2733,-0.2622,-0.2708,0.2564
1986,11,-0.3111,-0.3233,-0.2822,-0.3318,0.3915
1986,12,-0.3219,-0.2933,-0.2322,-0.2728,0.4818
1987,1,-0.1332,-0.1033,-0.0922,-0.1428,0.6254
1987,2,-0.0331,0.0067,-0.0422,-0.0668,0.6752
1987,3,-0.2478,-0.2433,-0.2222,-0.2928,0.4716
1987,4,-0.1621,-0.1833,-0.1522,-0.2148,0.5754
1987,5,-0.1862,-0.1633,-0.1222,-0.2008,0.5924
1987,6,-0.0866,-0.0733,-0.0822,-0.0498,0.6398
1987,7,-0.0037,-0.0233,0.0278,0.0302,0.7125
1987,8,-0.1391,-0.1733,-0.1322,-0.1118,0.5305
1987,9,-0.0879,-0.0733,-0.0422,-0.0748,0.5818
1987,10,-0.08,-0.0933,-0.1022,-0.1238,0.504
1987,11,-0.1636,-0.1333,-0.1822,-0.2168,0.5196
1987,12,0.0198,0.0367,0.0078,0.0402,0.8031
1988,1,0.1077,0.1467,0.0878,0.0462,0.8275
1988,2,-0.0186,0.0167,0.0278,-0.0778,0.622
1988,3,0.0347,0.0967,0.0778,-0.0288,0.7609
1988,4,-0.0243,0.0067,-0.0022,-0.0128,0.7207
1988,5,-0.0328,0.0167,0.0178,-0.0378,0.7626
1988,6,-0.0175,-0.0233,-0.0022,-0.0148,0.6743
1988,7,-0.0945,-0.0933,-0.0822,-0.0948,0.6044
1988,8,-0.0925,-0.0333,-0.0322,-0.0168,0.6348
1988,9,-0.0936,-0.0533,-0.0722,-0.0568,0.6187
1988,10,-0.0949,-0.0433,-0.0922,-0.0898,0.4986
1988,11,-0.3224,-0.3033,-0.2822,-0.3378,0.3238
1988,12,-0.1752,-0.1333,-0.1422,-0.1618,0.5593
1989,1,-0.3759,-0.3033,-0.3322,-0.4208,0.3625
1989,2,-0.1118,-0.1233,-0.1122,-0.1408,0.6276
1989,3,-0.1642,-0.0633,-0.1122,-0.1938,0.5955
1989,4,-0.201,-0.1333,-0.1622,-0.1728,0.5946
1989,5,-0.3119,-0.2433,-0.2422,-0.3308,0.4577
1989,6,-0.2533,-0.2733,-0.2322,-0.2598,0.4248
1989,7,-0.0871,-0.0733,-0.1422,-0.1158,0.564
1989,8,-0.0954,-0.0933,-0.1222,-0.1248,0.4798
1989,9,-0.0528,-0.0733,-0.0722,-0.1008,0.523
1989,10,-0.091,-0.1333,-0.1222,-0.1088,0.4753
1989,11,-0.237,-0.2233,-0.2722,-0.2778,0.4028
1989,12,-0.0675,-0.0533,-0.0222,-0.0298,0.689
1990,1,-0.0648,-0.0033,-0.0622,-0.0618,0.7284
1990,2,-0.0712,0.0167,-0.0422,-0.0738,0.6895
1990,3,0.2835,0.3767,0.2778,0.2562,1.0258
1990,4,0.1441,0.1367,0.1378,0.1392,0.8572
1990,5,0.055,0.0367,0.0478,0.0662,0.8484
1990,6,-0.0351,-0.0533,-0.0622,-0.0398,0.6466
1990,7,0.0287,0.0367,-0.0322,0.0302,0.7235
1990,8,-0.071,-0.0833,-0.0922,-0.0878,0.6353
1990,9,-0.1322,-0.1933,-0.1122,-0.1308,0.5754
1990,10,0.0345,0.0267,-0.0322,0.0202,0.6919
1990,11,0.007,0.0367,-0.0422,-0.0268,0.7724
1990,12,-0.0619,-0.0233,-0.0222,-0.0238,0.7794
1991,1,-0.0474,0.0067,-0.0222,-0.0428,0.7928
1991,2,0.056,0.0767,0.0578,0.0402,0.8419
1991,3,-0.1032,-0.0633,-0.0622,-0.1108,0.7001
1991,4,0.0884,0.0867,0.0878,0.0852,0.7868
1991,5,-0.0368,-0.0833,-0.0022,-0.0228,0.6883
1991,6,0.0838,0.1067,0.1078,0.1172,0.8589
1991,7,0.119,0.0567,0.0478,0.0872,0.7538
1991,8,0.0166,-0.0333,-0.0222,0.0242,0.6615
1991,9,0.0024,0.0167,-0.0022,-0.0058,0.6042
1991,10,-0.0994,-0.1333,-0.1022,-0.0738,0.5018
1991,11,-0.0953,-0.1233,-0.1422,-0.1238,0.5346
1991,12,-0.1111,-0.1033,-0.1422,-0.0748,0.592
1992,1,0.0135,0.0567,0.0278,0.0272,0.7483
1992,2,-0.0004,-0.0233,0.0078,-0.0298,0.7046
1992,3,-0.0382,0.0567,0.0478,-0.0148,0.7058
1992,4,-0.1882,-0.1433,-0.1522,-0.1568,0.49
1992,5,-0.1802,-0.1133,-0.1022,-0.1408,0.5265
1992,6,-0.1923,-0.1633,-0.1522,-0.1348,0.5083
1992,7,-0.3412,-0.3333,-0.3022,-0.2888,0.3399
1992,8,-0.3093,-0.3433,-0.3022,-0.3058,0.313
1992,9,-0.4404,-0.4333,-0.3922,-0.4378,0.1969
1992,10,-0.3729,-0.3533,-0.3522,-0.3518,0.2487
1992,11,-0.3845,-0.3933,-0.3622,-0.4268,0.275
1992,12,-0.2542,-0.2033,-0.2322,-0.2198,0.4657
1993,1,-0.0863,-0.0733,-0.0822,-0.0798,0.6509
1993,2,-0.0689,-0.0533,-0.0322,-0.0418,0.656
1993,3,-0.1098,-0.0633,-0.0622,-0.1168,0.5893
1993,4,-0.1524,-0.1433,-0.1322,-0.1428,0.5837
1993,5,-0.1526,-0.1433,-0.1422,-0.1438,0.5698
1993,6,-0.1834,-0.1933,-0.1422,-0.1188,0.5285
1993,7,-0.188,-0.1733,-0.1922,-0.1618,0.4511
1993,8,-0.2654,-0.3133,-0.2422,-0.2228,0.4167
1993,9,-0.3035,-0.3133,-0.2422,-0.2688,0.2894
1993,10,-0.196,-0.1833,-0.1722,-0.1628,0.42
1993,11,-0.2839,-0.3833,-0.3322,-0.3318,0.3503
1993,12,-0.2013,-0.2433,-0.2022,-0.2218,0.5762
1994,1,-0.1508,-0.1633,-0.1822,-0.1948,0.5629
1994,2,-0.3404,-0.4033,-0.3722,-0.3778,0.3282
1994,3,-0.1096,-0.1333,-0.1122,-0.1308,0.5345
1994,4,-0.097,-0.0133,-0.0522,-0.0558,0.6289
1994,5,-0.1454,-0.1433,-0.0822,-0.1228,0.5165
1994,6,-0.0321,0.0067,-0.0322,0.0042,0.577
1994,7,-0.1662,-0.1233,-0.1222,-0.1198,0.5264
1994,8,-0.1763,-0.2033,-0.1622,-0.1898,0.4169
1994,9,-0.0787,-0.1133,-0.0722,-0.0648,0.5672
1994,10,-0.0024,0.0067,-0.0022,0.0362,0.5582
1994,11,0.0051,0.0267,-0.0122,-0.0168,0.6434
1994,12,-0.1022,-0.0333,-0.0722,-0.0628,0.6569
1995,1,0.0673,0.1067,0.0778,0.0702,0.8295
1995,2,0.2898,0.3667,0.3078,0.3072,1.0298
1995,3,0.0074,0.0467,0.0578,0.0172,0.7172
1995,4,0.0723,0.0467,0.0478,0.0742,0.7901
1995,5,-0.0856,-0.1533,-0.0922,-0.0958,0.6299
1995,6,0.0307,0.0067,0.0378,0.1112,0.745
1995,7,0.0939,0.0367,0.0778,0.1322,0.6972
1995,8,0.0427,0.0267,0.0778,0.1062,0.6942
1995,9,-0.0693,-0.0933,-0.0322,-0.0528,0.6054
1995,10,0.0323,0.0367,-0.0022,0.1012,0.6552
1995,11,0.0233,0.0267,0.0078,0.0342,0.6686
1995,12,-0.1776,-0.1633,-0.1322,-0.1188,0.5886
1996,1,-0.133,-0.1833,-0.1522,-0.1388,0.5991
1996,2,0.1119,0.0367,0.0578,0.1092,0.7332
1996,3,-0.0624,-0.0933,-0.0422,-0.0458,0.6426
1996,4,-0.0985,-0.0933,-0.0922,-0.0598,0.5651
1996,5,-0.1107,-0.1533,-0.0922,-0.1488,0.4979
1996,6,-0.1302,-0.1633,-0.1422,-0.1488,0.5152
1996,7,-0.0206,-0.0533,-0.0422,-0.0328,0.5947
1996,8,0.0075,0.0567,0.0078,0.0902,0.6896
1996,9,-0.1432,-0.1633,-0.1422,-0.1588,0.4783
1996,10,-0.2216,-0.2033,-0.2122,-0.2038,0.4099
1996,11,-0.0355,-0.0033,-0.0322,-0.0088,0.6733
1996,12,-0.029,-0.0533,-0.0622,0.0052,0.683
1997,1,-0.1012,-0.1033,-0.1622,-0.1168,0.5892
1997,2,-0.0528,-0.0133,-0.0722,-0.0568,0.6502
1997,3,0.0455,0.0967,0.0878,0.0822,0.7826
1997,4,0.0262,-0.0833,-0.0322,-0.0168,0.5817
1997,5,-0.0325,-0.0733,-0.0322,-0.0478,0.6125
1997,6,0.1429,0.1267,0.1478,0.1672,0.751
1997,7,-0.0008,-0.0833,-0.0222,-0.0158,0.629
1997,8,0.0596,-0.0133,0.0378,0.0252,0.6671
1997,9,0.1184,0.0967,0.1678,0.1172,0.7414
1997,10,0.2226,0.1867,0.1978,0.2552,0.7972
1997,11,0.2642,0.2267,0.1978,0.2562,0.8745
1997,12,0.173,0.1667,0.1378,0.2072,0.8812
1998,1,0.2153,0.1567,0.1478,0.1542,0.9106
1998,2,0.4511,0.4567,0.3678,0.3972,1.1187
1998,3,0.2401,0.2067,0.1878,0.1832,0.9176
1998,4,0.3015,0.2167,0.2878,0.2972,1.0304
1998,5,0.2891,0.2567,0.2478,0.3002,1.0433
1998,6,0.3195,0.3467,0.2678,0.3442,1.0143
1998,7,0.3123,0.2367,0.2578,0.3222,0.9228
1998,8,0.3027,0.2267,0.2778,0.3272,0.9426
1998,9,0.0855,-0.0033,0.0578,0.0402,0.7533
1998,10,0.0656,-0.0033,-0.0022,0.0252,0.6724
1998,11,0.0314,0.0067,-0.0022,0.0102,0.6538
1998,12,0.1355,0.1267,0.1378,0.1632,0.8416
1999,1,0.0388,0.0567,-0.0122,0.0202,0.7317
1999,2,0.2546,0.2167,0.2178,0.2182,0.9166
1999,3,-0.0909,-0.0933,-0.0722,-0.1088,0.5622
1999,4,-0.078,-0.1033,-0.0722,-0.0758,0.6061
1999,5,-0.103,-0.1633,-0.1122,-0.1238,0.5678
1999,6,-0.0236,-0.0633,-0.0322,-0.0008,0.5989
1999,7,-0.0369,-0.0333,-0.0522,-0.0408,0.599
1999,8,-0.0456,-0.1133,-0.0522,-0.0648,0.5636
1999,9,-0.0734,-0.0333,0.0078,-0.0168,0.6054
1999,10,-0.0419,-0.0833,-0.0822,-0.0308,0.5487
1999,11,-0.0651,-0.0533,-0.0422,-0.0598,0.5897
1999,12,-0.0354,-0.0233,0.0178,0.0122,0.7054
2000,1,-0.1699,-0.1733,-0.1222,-0.1648,0.569
2000,2,0.1486,0.1367,0.1178,0.0982,0.8189
2000,3,0.0964,0.1267,0.0878,0.0622,0.7345
2000,4,0.1865,0.1367,0.1578,0.1282,0.8269
2000,5,-0.0441,-0.0733,-0.0522,-0.0888,0.6444
2000,6,0.001,-0.0233,-0.0222,-0.0168,0.5871
2000,7,-0.0176,-0.0333,-0.0222,-0.0498,0.5633
2000,8,0.0303,-0.0033,0.0078,0.0302,0.6262
2000,9,-0.0364,-0.0333,0.0178,0.0122,0.5672
2000,10,-0.1543,-0.1533,-0.1322,-0.1188,0.4544
2000,11,-0.1032,-0.1233,-0.1222,-0.1018,0.5462
2000,12,-0.1474,-0.1433,-0.1522,-0.1168,0.5867
2001,1,0.0157,0.0267,0.0078,0.0222,0.7288
2001,2,0.0422,0.0167,0.0078,-0.0008,0.6818
2001,3,0.1708,0.1267,0.1178,0.1192,0.7938
2001,4,0.1018,0.0767,0.0878,0.1112,0.7562
2001,5,0.1413,0.1467,0.1278,0.1292,0.8192
2001,6,0.0987,0.1067,0.1078,0.1232,0.7201
2001,7,0.1641,0.1667,0.1578,0.1612,0.7806
2001,8,0.1551,0.0567,0.0978,0.1152,0.7502
2001,9,0.1446,0.0967,0.1178,0.1182,0.7278
2001,10,0.1172,0.0767,0.0478,0.1162,0.7441
2001,11,0.3416,0.2967,0.2378,0.2752,0.9924
2001,12,0.1906,0.1267,0.1578,0.2142,0.9591
2002,1,0.2973,0.3467,0.2478,0.2792,1.0538
2002,2,0.2919,0.3567,0.2278,0.2312,0.9565
2002,3,0.4449,0.4567,0.3878,0.4272,1.144
2002,4,0.2151,0.1567,0.0978,0.1732,0.846
2002,5,0.1543,0.2167,0.1878,0.2222,0.945
2002,6,0.0995,0.1067,0.1178,0.1772,0.8542
2002,7,0.2233,0.1867,0.1878,0.2112,0.8349
2002,8,0.1516,0.1067,0.1178,0.1292,0.7546
2002,9,0.1539,0.2167,0.1378,0.2082,0.8112
2002,10,0.152,0.1167,0.1278,0.1762,0.7691
2002,11,0.1433,0.1667,0.1278,0.1582,0.8381
2002,12,-0.0035,0.0167,0.0578,0.1032,0.8068
2003,1,0.3073,0.3267,0.2478,0.3122,1.0651
2003,2,0.1403,0.1567,0.1678,0.1252,0.877
2003,3,0.1341,0.1767,0.1378,0.1032,0.7869
2003,4,0.1238,0.1267,0.1278,0.1212,0.7895
2003,5,0.1725,0.1767,0.1378,0.1672,0.8513
2003,6,0.0762,0.0567,0.0478,0.0532,0.6923
2003,7,0.138,0.1567,0.1178,0.1232,0.7538
2003,8,0.2669,0.2167,0.1878,0.2472,0.847
2003,9,0.2248,0.1967,0.2178,0.2662,0.8797
2003,10,0.3083,0.2967,0.2878,0.3432,0.9542
2003,11,0.1458,0.1067,0.1178,0.1292,0.8555
2003,12,0.306,0.3267,0.2878,0.3402,1.1063
2004,1,0.1578,0.1567,0.1678,0.1672,0.9168
2004,2,0.2864,0.2967,0.2578,0.2652,0.9823
2004,3,0.1783,0.2067,0.2178,0.1652,0.9418
2004,4,0.1743,0.1867,0.1578,0.1912,0.8952
2004,5,0.0043,-0.0533,-0.0422,-0.0658,0.6547
2004,6,-0.0351,0.0167,-0.0122,0.0192,0.7377
2004,7,-0.1059,-0.1633,-0.0822,-0.1098,0.5252
2004,8,0.1147,0.0267,0.0578,0.0482,0.6395
2004,9,0.1157,0.0767,0.1078,0.1312,0.766
2004,10,0.173,0.1867,0.1778,0.2072,0.8568
2004,11,0.3013,0.3067,0.2478,0.2602,0.964
2004,12,0.0649,0.0867,0.0878,0.0832,0.8333
2005,1,0.2992,0.3267,0.3378,0.3012,1.1061
2005,2,0.1837,0.1767,0.1878,0.2122,0.9705
2005,3,0.2962,0.3167,0.2978,0.3072,1.0415
2005,4,0.2811,0.2467,0.2378,0.2662,0.9801
2005,5,0.2046,0.2067,0.1978,0.2232,0.9346
2005,6,0.2223,0.2267,0.2178,0.2742,0.9075
2005,7,0.2098,0.1867,0.1678,0.2362,0.8863
2005,8,0.2386,0.1767,0.1478,0.2282,0.8308
2005,9,0.2861,0.2967,0.2478,0.2952,0.9356
2005,10,0.3356,0.3367,0.2778,0.4032,1.0218
2005,11,0.2922,0.3167,0.3078,0.3212,1.0243
2005,12,0.2501,0.2567,0.2778,0.3202,1.0301
2006,1,0.1524,0.1367,0.1578,0.1722,0.9148
2006,2,0.2936,0.3167,0.3178,0.3332,1.0539
2006,3,0.1902,0.2067,0.2178,0.2132,0.9416
2006,4,0.1347,0.0467,0.1078,0.1142,0.8397
2006,5,0.1228,0.0567,0.1178,0.0882,0.7934
2006,6,0.227,0.2467,0.1878,0.2542,0.9122
2006,7,0.1325,0.1167,0.1178,0.1312,0.8043
2006,8,0.287,0.2867,0.2478,0.2932,0.8721
2006,9,0.2006,0.2367,0.2178,0.2092,0.8542
2006,10,0.2655,0.2867,0.2378,0.2952,0.988
2006,11,0.3115,0.3067,0.2278,0.2742,0.9939
2006,12,0.3652,0.3667,0.3378,0.3912,1.1243
2007,1,0.5468,0.5867,0.4578,0.5112,1.3218
2007,2,0.2883,0.2767,0.2578,0.2962,1.0525
2007,3,0.2418,0.2867,0.2378,0.2232,0.9536
2007,4,0.3773,0.3467,0.3378,0.3832,1.0833
2007,5,0.2296,0.2667,0.1978,0.2282,0.9489
2007,6,0.1533,0.1867,0.1478,0.1772,0.8073
2007,7,0.2167,0.1767,0.1578,0.2132,0.8074
2007,8,0.2353,0.1767,0.1278,0.1422,0.7823
2007,9,0.1619,0.1767,0.1578,0.0992,0.7161
2007,10,0.2094,0.1667,0.1578,0.2202,0.836
2007,11,0.1853,0.1667,0.1178,0.1392,0.8541
2007,12,0.0674,0.0767,0.0378,0.0682,0.8398
2008,1,-0.1379,-0.1233,-0.1722,-0.1808,0.6306
2008,2,-0.0808,-0.0433,-0.1122,-0.1228,0.6346
2008,3,0.2628,0.3267,0.2678,0.2032,0.9718
2008,4,0.0998,0.1167,0.0778,0.0962,0.7829
2008,5,0.0849,0.0767,0.0778,0.0812,0.76
2008,6,0.0344,0.0767,0.0378,0.0572,0.6327
2008,7,0.1884,0.1767,0.1478,0.1752,0.7775
2008,8,0.1083,0.0267,0.0978,0.1152,0.7221
2008,9,0.201,0.1767,0.1578,0.1642,0.776
2008,10,0.2457,0.2467,0.2378,0.2582,0.8873
2008,11,0.2748,0.2667,0.2478,0.2342,0.9443
2008,12,0.1181,0.1167,0.1578,0.1302,0.8851
2009,1,0.2387,0.2267,0.2378,0.2342,1.0183
2009,2,0.1171,0.1067,0.1078,0.1242,0.9297
2009,3,0.0963,0.1067,0.0978,0.0402,0.8318
2009,4,0.1775,0.1867,0.1278,0.1462,0.8495
2009,5,0.2036,0.2267,0.1878,0.1752,0.861
2009,6,0.2775,0.2067,0.2378,0.2712,0.8354
2009,7,0.3338,0.3167,0.2878,0.3562,0.9387
2009,8,0.2753,0.2667,0.2578,0.2722,0.8463
2009,9,0.3327,0.2967,0.3178,0.2712,0.9097
2009,10,0.2735,0.2267,0.2478,0.2862,0.9301
2009,11,0.3505,0.3767,0.3078,0.3402,1.0337
2009,12,0.2876,0.2467,0.2578,0.3072,0.997
2010,1,0.3643,0.3267,0.3178,0.3542,1.1523
2010,2,0.4379,0.4167,0.3878,0.4292,1.1866
2010,3,0.5118,0.4967,0.4578,0.4382,1.2219
2010,4,0.4809,0.4267,0.4278,0.4702,1.162
2010,5,0.3657,0.3267,0.3278,0.3262,1.0633
2010,6,0.3003,0.2567,0.2578,0.2702,0.9176
2010,7,0.2689,0.2067,0.2178,0.2232,0.853
2010,8,0.2656,0.2467,0.1978,0.2672,0.8473
2010,9,0.2163,0.2067,0.2078,0.2202,0.9049
2010,10,0.2948,0.2867,0.2378,0.3182,0.9664
2010,11,0.3847,0.3867,0.3278,0.3192,1.0266
2010,12,0.0859,0.0267,0.0678,0.1092,0.8272
2011,1,0.1096,0.0967,0.1278,0.1162,0.8682
2011,2,0.0806,0.0467,0.0878,0.0972,0.7884
2011,3,0.2061,0.2267,0.2178,0.1982,0.8944
2011,4,0.2477,0.2167,0.2278,0.2252,0.9231
2011,5,0.0944,0.1067,0.1178,0.1042,0.8232
2011,6,0.1977,0.1967,0.1778,0.2342,0.8514
2011,7,0.2968,0.2867,0.2578,0.3162,0.9441
2011,8,0.3075,0.3167,0.2578,0.3042,0.9119
2011,9,0.1922,0.1367,0.1878,0.1622,0.8533
2011,10,0.2304,0.2267,0.2178,0.2462,0.8797
2011,11,0.1636,0.1767,0.1178,0.1292,0.7981
2011,12,0.1457,0.1767,0.1578,0.1432,0.8909
2012,1,0.0232,0.0467,0.0678,-0.0018,0.793
2012,2,0.1146,0.0567,0.0878,0.0602,0.7763
2012,3,0.0754,0.1467,0.0978,0.0342,0.8168
2012,4,0.2624,0.3067,0.2778,0.2582,0.9638
2012,5,0.3087,0.3567,0.3078,0.3112,1.0385
2012,6,0.2826,0.2267,0.2578,0.2902,0.9505
2012,7,0.2236,0.1667,0.1878,0.1472,0.8413
2012,8,0.3013,0.2367,0.2278,0.2552,0.8774
2012,9,0.2914,0.2967,0.2978,0.2872,0.9188
2012,10,0.3802,0.3767,0.3378,0.4212,1.0693
2012,11,0.3714,0.3567,0.3078,0.3452,1.0887
2012,12,0.1117,0.1067,0.0878,0.1182,0.8969
2013,1,0.2603,0.2867,0.2578,0.2452,1.1054
2013,2,0.1775,0.1967,0.1578,0.1502,0.9802
2013,3,0.2346,0.2467,0.2078,0.1722,0.9768
2013,4,0.2243,0.1067,0.1578,0.1482,0.8732
2013,5,0.2088,0.1767,0.2178,0.1862,0.8864
2013,6,0.3141,0.2767,0.2778,0.2712,0.9384
2013,7,0.2425,0.1767,0.1778,0.1542,0.7759
2013,8,0.2927,0.2767,0.2378,0.2572,0.8557
2013,9,0.3751,0.3467,0.3178,0.3332,0.9757
2013,10,0.3041,0.2667,0.2278,0.2322,0.9014
2013,11,0.4218,0.4067,0.3578,0.3752,1.0425
2013,12,0.2563,0.2767,0.2678,0.2682,1.0556
2014,1,0.3229,0.3367,0.3178,0.2932,1.0856
2014,2,0.1417,0.1267,0.1478,0.1242,0.8688
2014,3,0.341,0.3567,0.3678,0.2732,1.0436
2014,4,0.3893,0.3867,0.3378,0.3262,1.0191
2014,5,0.386,0.4467,0.3778,0.3622,1.0483
2014,6,0.2702,0.2467,0.2778,0.2312,0.9032
2014,7,0.2382,0.1567,0.1978,0.1852,0.8667
2014,8,0.3851,0.4067,0.3778,0.3772,0.937
2014,9,0.4167,0.4567,0.3778,0.4022,0.9903
2014,10,0.3941,0.3767,0.3378,0.3932,1.0136
2014,11,0.2851,0.2467,0.2278,0.2102,0.9439
2014,12,0.3334,0.3667,0.3678,0.3372,1.1171
2015,1,0.3899,0.4367,0.3878,0.3702,1.1512
2015,2,0.4325,0.4867,0.4178,0.4062,1.1632
2015,3,0.4479,0.5367,0.4878,0.4052,1.1816
2015,4,0.3435,0.3267,0.3578,0.3452,0.966
2015,5,0.3835,0.3767,0.3678,0.3802,1.0417
2015,6,0.4082,0.3967,0.4078,0.3872,1.0173
2015,7,0.3663,0.3067,0.3278,0.3712,0.9546
2015,8,0.4565,0.3767,0.3778,0.4442,1.0433
2015,9,0.4746,0.4167,0.4678,0.4522,1.0728
2015,10,0.6704,0.6567,0.6078,0.6472,1.2913
2015,11,0.6433,0.6367,0.5878,0.5672,1.2786
2015,12,0.6913,0.7467,0.6578,0.7172,1.4681
2016,1,0.7378,0.7567,0.7378,0.7312,1.5096
2016,2,0.8745,0.9467,0.8878,0.8402,1.643
2016,3,0.8364,0.9267,0.8778,0.8102,1.5788
2016,4,0.6824,0.6667,0.6778,0.6682,1.439
2016,5,0.5308,0.5367,0.5078,0.5392,1.2803
2016,6,0.4269,0.3867,0.3878,0.4392,1.0923
2016,7,0.4192,0.4167,0.4178,0.4732,1.1615
2016,8,0.597,0.5867,0.5378,0.5942,1.2022
2016,9,0.4935,0.4767,0.5078,0.4972,1.1636
2016,10,0.4682,0.4467,0.4078,0.5362,1.1917
2016,11,0.497,0.4867,0.4878,0.5152,1.2975
2016,12,0.4283,0.4367,0.4578,0.4962,1.2641
2017,1,0.6048,0.5967,0.6178,0.5852,1.3621
2017,2,0.7234,0.7067,0.6878,0.6952,1.4639
2017,3,0.7065,0.7367,0.6778,0.7192,1.4525
2017,4,0.4966,0.5167,0.5178,0.5062,1.2377
2017,5,0.4343,0.4867,0.4778,0.4952,1.2375
2017,6,0.3081,0.2867,0.3378,0.3292,1.0328
2017,7,0.4516,0.3967,0.4178,0.4112,1.0666
2017,8,0.4592,0.4467,0.4478,0.4622,1.0969
2017,9,0.3792,0.3167,0.4278,0.3602,1.0855
2017,10,0.4607,0.4567,0.4778,0.4792,1.2094
2017,11,0.4518,0.4467,0.4478,0.3992,1.1408
2017,12,0.4628,0.5067,0.5378,0.4822,1.3006
2018,1,0.3666,0.3967,0.4178,0.3742,1.1993
2018,2,0.4359,0.4267,0.4778,0.4162,1.2271
2018,3,0.4351,0.4567,0.4678,0.4062,1.2262
2018,4,0.471,0.4567,0.4778,0.4692,1.2147
2018,5,0.3577,0.3867,0.4178,0.3742,1.1168
2018,6,0.3849,0.3467,0.3678,0.3752,1.056
2018,7,0.3836,0.4167,0.3878,0.4172,1.0793
2018,8,0.3911,0.3567,0.3778,0.3932,1.0094
2018,9,0.333,0.3767,0.3878,0.3522,1.0054
2018,10,0.5148,0.5967,0.5778,0.5382,1.2047
2018,11,0.3901,0.4067,0.4178,0.3722,1.1311
2018,12,0.4718,0.5067,0.5178,0.4912,1.2596
2019,1,0.4718,0.5067,0.5178,0.4482,1.243
2019,2,0.4945,0.5367,0.4978,0.4822,1.2729
2019,3,0.7377,0.7467,0.7378,0.6872,1.4611
2019,4,0.586,0.5867,0.6178,0.5912,1.3468
2019,5,0.4368,0.4367,0.4978,0.4462,1.2218
2019,6,0.4664,0.4767,0.4878,0.4432,1.1997
2019,7,0.5104,0.5167,0.4978,0.5062,1.1979
2019,8,0.4935,0.5267,0.5178,0.4932,1.157
2019,9,0.4699,0.5067,0.5178,0.4312,1.1847
2019,10,0.6106,0.5767,0.6178,0.6442,1.3033
2019,11,0.5902,0.5667,0.5778,0.5322,1.2977
2019,12,0.6815,0.6967,0.7178,0.6692,1.4682
2020,1,0.7198,0.7567,0.7478,0.7042,1.5398
2020,2,0.7673,0.8167,0.7878,0.7332,1.5543
2020,3,0.7319,0.7567,0.7078,0.6622,1.4405
2020,4,0.7067,0.6967,0.7078,0.7132,1.4299
2020,5,0.5549,0.5667,0.5778,0.5382,1.331
2020,6,0.4693,0.4867,0.5078,0.4942,1.1912
2020,7,0.4809,0.4667,0.4778,0.5102,1.1262
2020,8,0.467,0.4367,0.4778,0.4492,1.0676
2020,9,0.5228,0.5367,0.5678,0.5072,1.2395
2020,10,0.4555,0.4467,0.4778,0.4752,1.2261
2020,11,0.6647,0.6667,0.6478,0.6502,1.4299
2020,12,0.3485,0.3767,0.3978,0.3932,1.1637
2021,1,0.3651,0.3967,0.4078,0.3762,1.2019
2021,2,0.2241,0.2167,0.2278,0.1982,1.0246
2021,3,0.3949,0.4667,0.4678,0.3402,1.1424
2021,4,0.4144,0.3367,0.3778,0.3682,1.1001
2021,5,0.3578,0.3667,0.3978,0.3862,1.1224
2021,6,0.3751,0.4267,0.4178,0.3912,1.0436
2021,7,0.4491,0.4967,0.4678,0.4392,1.1318
2021,8,0.466,0.3867,0.4478,0.4752,1.112
2021,9,0.531,0.4967,0.5078,0.5052,1.2074
2021,10,0.5839,0.5567,0.5578,0.6052,1.2714
2021,11,0.5215,0.5067,0.5078,0.4882,1.2388
2021,12,0.4139,0.4567,0.4578,0.4182,1.2509
2022,1,0.4394,0.4867,0.4978,0.4352,1.2359
2022,2,0.413,0.4667,0.4778,0.3942,1.1942
2022,3,0.5455,0.6267,0.6478,0.5562,1.3468
2022,4,0.4269,0.4067,0.4578,0.4182,1.1928
2022,5,0.4091,0.4167,0.3978,0.3952,1.1208
2022,6,0.5046,0.5067,0.4978,0.5482,1.1389
2022,7,0.4361,0.5167,0.4778,0.4972,1.1783
2022,8,0.531,0.5167,0.4878,0.4842,1.0966
2022,9,0.4713,0.4567,0.4478,0.4722,1.1554
2022,10,0.6061,0.5467,0.5378,0.6122,1.2589
2022,11,0.3261,0.3067,0.3378,0.2982,1.0549
2022,12,0.3981,0.3767,0.4078,0.4562,1.1994
2023,1,0.4416,0.4567,0.4578,0.4292,1.205
2023,2,0.5428,0.5467,0.5878,0.4922,1.257
2023,3,0.7864,0.8067,0.7978,0.7512,1.4645
2023,4,0.578,0.5667,0.5678,0.5942,1.2301
2023,5,0.5349,0.5167,0.5378,0.5462,1.2604
2023,6,0.717,0.6667,0.6378,0.7282,1.362
2023,7,0.8184,0.7667,0.7378,0.8912,1.5249
2023,8,0.8687,0.7667,0.8178,0.8992,1.5105
2023,9,1.0069,1.0567,0.9778,1.0422,1.7363
2023,10,0.9822,0.9267,0.9278,0.9722,1.6998
2023,11,1.0001,0.9767,0.9778,0.9702,1.7466
2023,12,0.9193,0.9367,0.9278,0.9532,1.7737
2024,1,0.8103,0.8267,0.8678,0.8052,1.6566
2024,2,0.9485,1.0167,0.9678,0.9342,1.7654
2024,3,0.8933,0.9767,0.8878,0.8322,1.6809
2024,4,0.8741,0.8967,0.8378,0.8312,1.5798
2024,5,0.7207,0.7367,0.7278,0.7272,1.5169
2024,6,0.7542,0.8067,0.7478,0.7942,1.5053
2024,7,0.7969,0.7767,0.7578,0.7912,1.4811
2024,8,0.878,0.8767,0.8178,0.8462,1.5125
2024,9,0.8117,0.7867,0.7878,0.8412,1.5337
2024,10,0.8691,0.9267,0.8878,0.9302,1.6489
2024,11,0.877,0.8767,0.8778,0.9152,1.6212
2024,12,0.7783,0.8467,0.8278,0.8652,1.6873
2025,1,0.9143,0.9567,0.8878,0.9172,1.7454
2025,2,0.7759,0.8367,0.7978,0.8272,1.5916
2025,3,0.8506,0.9467,0.8878,0.8442,1.603
2025,4,0.7618,0.8267,0.7678,0.7672,1.5109
2025,5,0.6155,0.6567,0.6378,0.6322,1.3957
2025,6,0.5424,0.6467,0.5378,0.6092,1.3051
2025,7,0.6046,0.5967,0.5278,0.5842,1.2499
2025,8,0.6762,0.7567,0.6278,0.6962,1.2909
2025,9,0.7721,0.8267,0.7078,0.8152,1.4682
2025,10,0.7549,0.7667,0.7178,0.8052,1.5453
2025,11,0.7533,0.7867,0.6978,0.7802,1.5417
2025,12,0.6196,0.6367,0.5978,0.6542,1.4152
2026,1,0.6746,0.6667,0.6678,0.7102,1.4696
2026,2,0.7374,0.8267,0.7378,0.7882,1.4961
2026,3,0.7752,0.8967,0.7878,0.7492,1.484
2026,4,0.73,0.7467,0.7178,0.7302,1.4332
2026,5,0.6787,0.7067,0.6478,0.7012,1.4155
2026,6,0.73,0.7567,0.6878,0.7592,1.3893
2026,7,0.7554,0.8267,0.7778,0.8142,1.4719
2026,8,0.9452,0.9767,0.8978,0.9982,1.6462
2026,9,,,,,1.629
